#
# There is insufficient memory for the Java Runtime Environment to continue.
# Native memory allocation (mmap) failed to map 228589568 bytes for G1 virtual space
# Possible reasons:
#   The system is out of physical RAM or swap space
#   The process is running with CompressedOops enabled, and the Java Heap may be blocking the growth of the native heap
# Possible solutions:
#   Reduce memory load on the system
#   Increase physical memory or swap space
#   Check if swap backing store is full
#   Decrease Java heap size (-Xmx/-Xms)
#   Decrease number of Java threads
#   Decrease Java thread stack sizes (-Xss)
#   Set larger code cache with -XX:ReservedCodeCacheSize=
#   JVM is running with Zero Based Compressed Oops mode in which the Java heap is
#     placed in the first 32GB address space. The Java Heap base address is the
#     maximum limit for the native heap growth. Please use -XX:HeapBaseMinAddress
#     to set the Java Heap base and to place the Java Heap above 32GB virtual address.
# This output file may be truncated or incomplete.
#
#  Out of Memory Error (os_windows.cpp:3548), pid=21244, tid=24816
#
# JRE version: Java(TM) SE Runtime Environment (17.0.12+8) (build 17.0.12+8-LTS-286)
# Java VM: Java HotSpot(TM) 64-Bit Server VM (17.0.12+8-LTS-286, mixed mode, sharing, tiered, compressed oops, compressed class ptrs, g1 gc, windows-amd64)
# No core dump will be written. Minidumps are not enabled by default on client versions of Windows
#

---------------  S U M M A R Y ------------

Command Line: -XX:MaxMetaspaceSize=1024m --add-opens=java.base/java.util=ALL-UNNAMED --add-opens=java.base/java.lang=ALL-UNNAMED --add-opens=java.base/java.lang.invoke=ALL-UNNAMED --add-opens=java.prefs/java.util.prefs=ALL-UNNAMED --add-opens=java.base/java.nio.charset=ALL-UNNAMED --add-opens=java.base/java.net=ALL-UNNAMED --add-opens=java.base/java.util.concurrent.atomic=ALL-UNNAMED -Xmx4096m -Dfile.encoding=windows-1252 -Duser.country=US -Duser.language=en -Duser.variant -javaagent:C:\Users\Drews\.gradle\wrapper\dists\gradle-8.4-bin\1w5dpkrfk8irigvoxmyhowfim\gradle-8.4\lib\agents\gradle-instrumentation-agent-8.4.jar org.gradle.launcher.daemon.bootstrap.GradleDaemon 8.4

Host: AMD Ryzen 5 9600X 6-Core Processor             , 12 cores, 16G,  Windows 11 , 64 bit Build 26100 (10.0.26100.9168)
Time: Sun Sep 13 13:15:24 2026 Pacific Daylight Time elapsed time: 18.580532 seconds (0d 0h 0m 18s)

---------------  T H R E A D  ---------------

Current thread (0x000002b78c0116a0):  VMThread "VM Thread" [stack: 0x000000cf73c00000,0x000000cf73d00000] [id=24816]

Stack: [0x000000cf73c00000,0x000000cf73d00000]
Native frames: (J=compiled Java code, j=interpreted, Vv=VM code, C=native code)
V  [jvm.dll+0x67a04a]
V  [jvm.dll+0x7da4ed]
V  [jvm.dll+0x7dbe33]
V  [jvm.dll+0x7dc4a3]
V  [jvm.dll+0x24508f]
V  [jvm.dll+0x677089]
V  [jvm.dll+0x66bd32]
V  [jvm.dll+0x301fa6]
V  [jvm.dll+0x309546]
V  [jvm.dll+0x359d2e]
V  [jvm.dll+0x359f5f]
V  [jvm.dll+0x2d9078]
V  [jvm.dll+0x2d74ad]
V  [jvm.dll+0x2d6afc]
V  [jvm.dll+0x31a65b]
V  [jvm.dll+0x7e0d9b]
V  [jvm.dll+0x7e1ad4]
V  [jvm.dll+0x7e1fed]
V  [jvm.dll+0x7e23c4]
V  [jvm.dll+0x7e2490]
V  [jvm.dll+0x78abea]
V  [jvm.dll+0x678f35]
C  [ucrtbase.dll+0x2cd30]
C  [KERNEL32.DLL+0x2ccb7]
C  [ntdll.dll+0xaad6c]

VM_Operation (0x000000cf001f8ec0): G1CollectForAllocation, mode: safepoint, requested by thread 0x000002b7c8cdac50


---------------  P R O C E S S  ---------------

Threads class SMR info:
_java_thread_list=0x000002b7db33a120, length=188, elements={
0x000002b7e8fcf320, 0x000002b78c01a420, 0x000002b78c01b670, 0x000002b78c03ba50,
0x000002b78c040ab0, 0x000002b78c041730, 0x000002b78c046790, 0x000002b78c04ae60,
0x000002b78c0548a0, 0x000002b78c057940, 0x000002b78c410200, 0x000002b78c50c8f0,
0x000002b7c7a85fc0, 0x000002b7c7f9e8a0, 0x000002b7c6ba86a0, 0x000002b7c6932110,
0x000002b7c7181830, 0x000002b7c70480f0, 0x000002b7c7049020, 0x000002b7c7048b10,
0x000002b7c7048600, 0x000002b7c7049530, 0x000002b7c7049a40, 0x000002b7c7049f50,
0x000002b7c704a970, 0x000002b7c7047be0, 0x000002b7c704ae80, 0x000002b7c704b390,
0x000002b7ca510d10, 0x000002b7ca5149d0, 0x000002b7ca512660, 0x000002b7ca511220,
0x000002b7ca511c40, 0x000002b7ca513080, 0x000002b7ca512150, 0x000002b7ca514ee0,
0x000002b7ca515900, 0x000002b7ca516320, 0x000002b7ca516d40, 0x000002b7ca513aa0,
0x000002b7ca513fb0, 0x000002b7ca5144c0, 0x000002b7ca515e10, 0x000002b7ca5153f0,
0x000002b7ca518690, 0x000002b7ca517250, 0x000002b7ca517c70, 0x000002b7cb575cf0,
0x000002b7cb576200, 0x000002b7cb577640, 0x000002b7cb573e90, 0x000002b7cb576710,
0x000002b7cb577b50, 0x000002b7cb576c20, 0x000002b7cb577130, 0x000002b7cb5743a0,
0x000002b7cb578060, 0x000002b7cb5748b0, 0x000002b7cb578570, 0x000002b7cb574dc0,
0x000002b7cb578f90, 0x000002b7cb5799b0, 0x000002b78cbb6be0, 0x000002b7cb0e8e60,
0x000002b7cb0ecb20, 0x000002b7cb0ee980, 0x000002b7cb0eee90, 0x000002b7cb0eda50,
0x000002b7cb0ebbf0, 0x000002b7cb0efdc0, 0x000002b7cb0ef3a0, 0x000002b7cb0ef8b0,
0x000002b7cb0ed030, 0x000002b7cb0ed540, 0x000002b7cb0edf60, 0x000002b7ca518180,
0x000002b7cb0ee470, 0x000002b7cb0eb1d0, 0x000002b7cb0eb6e0, 0x000002b7c704a460,
0x000002b7ca516830, 0x000002b7cd1b1900, 0x000002b7cd1b0ee0, 0x000002b7cd1b2320,
0x000002b7cd1af080, 0x000002b7cd1affb0, 0x000002b7cd1b04c0, 0x000002b7cd1b13f0,
0x000002b7cd1afaa0, 0x000002b7cd1b1e10, 0x000002b7cd1b2830, 0x000002b7cd1b2d40,
0x000002b7cd1b3250, 0x000002b7cd1b3760, 0x000002b7cd1b3c70, 0x000002b7cd1b4180,
0x000002b7cd1b09d0, 0x000002b7cd1b4ba0, 0x000002b7cd1b4690, 0x000002b7cd1b5ad0,
0x000002b7cd1b5fe0, 0x000002b7cd1b64f0, 0x000002b7c7524790, 0x000002b7c7524280,
0x000002b7c75251b0, 0x000002b7c75256c0, 0x000002b7c7522e40, 0x000002b7c7525bd0,
0x000002b7c7526b00, 0x000002b7c7527010, 0x000002b7c7523860, 0x000002b7c7528450,
0x000002b7c752a7c0, 0x000002b7c7528e70, 0x000002b7c7529380, 0x000002b7c7527520,
0x000002b7c7527f40, 0x000002b7c7527a30, 0x000002b7c7529890, 0x000002b7c7528960,
0x000002b7da4f4e70, 0x000002b7c7529da0, 0x000002b7c752a2b0, 0x000002b7cb0ea7b0,
0x000002b7cd1b55c0, 0x000002b7c6b03d60, 0x000002b7c6b03340, 0x000002b7c6b03850,
0x000002b7c6b051a0, 0x000002b7c6b04270, 0x000002b7c6b019f0, 0x000002b7c6b02e30,
0x000002b7c6b056b0, 0x000002b7c6b01f00, 0x000002b7c6b05bc0, 0x000002b7c6b02410,
0x000002b7c6b07000, 0x000002b7c6b08950, 0x000002b7c6b09370, 0x000002b7c6b060d0,
0x000002b7c6b065e0, 0x000002b7c6b06af0, 0x000002b7c6b07510, 0x000002b7c6b07a20,
0x000002b7c6b07f30, 0x000002b7c6b08440, 0x000002b7c6e6a390, 0x000002b7c6e6b2c0,
0x000002b7c6e6cc10, 0x000002b7c6e6d120, 0x000002b7c6e6d630, 0x000002b7c6e6b7d0,
0x000002b7c6e6c1f0, 0x000002b7c6e69e80, 0x000002b7c6e6c700, 0x000002b7c6e6e560,
0x000002b7c6e6e050, 0x000002b7c6e6ea70, 0x000002b7c6e6adb0, 0x000002b7c6e6ef80,
0x000002b7c6e6f490, 0x000002b7c6e6bce0, 0x000002b7c6e71800, 0x000002b7c6e6f9a0,
0x000002b7c6e703c0, 0x000002b7c6e6feb0, 0x000002b7c6e70de0, 0x000002b7c8cd6a80,
0x000002b7c8cd8df0, 0x000002b7c8cd6f90, 0x000002b7c8cd6060, 0x000002b7c8cd79b0,
0x000002b7c8cd83d0, 0x000002b7c8cd9d20, 0x000002b7c8cd74a0, 0x000002b7c8cd88e0,
0x000002b7c8cd6570, 0x000002b7c8cdac50, 0x000002b7c8cd7ec0, 0x000002b7c8cdbb80,
0x000002b7c8cda230, 0x000002b7c8cdc5a0, 0x000002b7c8cdc090, 0x000002b7c8cd9300,
0x000002b7c8cdb160, 0x000002b7c8cdb670, 0x000002b7c8cd9810, 0x000002b7c8cdcab0
}

Java Threads: ( => current thread )
  0x000002b7e8fcf320 JavaThread "main" [_thread_blocked, id=8176, stack(0x000000cf73600000,0x000000cf73700000)]
  0x000002b78c01a420 JavaThread "Reference Handler" daemon [_thread_blocked, id=18660, stack(0x000000cf73d00000,0x000000cf73e00000)]
  0x000002b78c01b670 JavaThread "Finalizer" daemon [_thread_blocked, id=8736, stack(0x000000cf73e00000,0x000000cf73f00000)]
  0x000002b78c03ba50 JavaThread "Signal Dispatcher" daemon [_thread_blocked, id=17036, stack(0x000000cf73f00000,0x000000cf74000000)]
  0x000002b78c040ab0 JavaThread "Attach Listener" daemon [_thread_blocked, id=3180, stack(0x000000cf74000000,0x000000cf74100000)]
  0x000002b78c041730 JavaThread "Service Thread" daemon [_thread_blocked, id=17812, stack(0x000000cf74100000,0x000000cf74200000)]
  0x000002b78c046790 JavaThread "Monitor Deflation Thread" daemon [_thread_blocked, id=25156, stack(0x000000cf74200000,0x000000cf74300000)]
  0x000002b78c04ae60 JavaThread "C2 CompilerThread0" daemon [_thread_blocked, id=23048, stack(0x000000cf74300000,0x000000cf74400000)]
  0x000002b78c0548a0 JavaThread "C1 CompilerThread0" daemon [_thread_blocked, id=25368, stack(0x000000cf74400000,0x000000cf74500000)]
  0x000002b78c057940 JavaThread "Sweeper thread" daemon [_thread_blocked, id=23036, stack(0x000000cf74500000,0x000000cf74600000)]
  0x000002b78c410200 JavaThread "Common-Cleaner" daemon [_thread_blocked, id=21600, stack(0x000000cf74600000,0x000000cf74700000)]
  0x000002b78c50c8f0 JavaThread "Notification Thread" daemon [_thread_blocked, id=3268, stack(0x000000cf74800000,0x000000cf74900000)]
  0x000002b7c7a85fc0 JavaThread "Daemon health stats" [_thread_blocked, id=17368, stack(0x000000cf75000000,0x000000cf75100000)]
  0x000002b7c7f9e8a0 JavaThread "Incoming local TCP Connector on port 44678" [_thread_in_native, id=21228, stack(0x000000cf75100000,0x000000cf75200000)]
  0x000002b7c6ba86a0 JavaThread "Daemon periodic checks" [_thread_blocked, id=19696, stack(0x000000cf75200000,0x000000cf75300000)]
  0x000002b7c6932110 JavaThread "Daemon" [_thread_blocked, id=16880, stack(0x000000cf75300000,0x000000cf75400000)]
  0x000002b7c7181830 JavaThread "Handler for socket connection from /127.0.0.1:44678 to /127.0.0.1:44679" [_thread_in_native, id=7808, stack(0x000000cf75400000,0x000000cf75500000)]
  0x000002b7c70480f0 JavaThread "Cancel handler" [_thread_blocked, id=15872, stack(0x000000cf75500000,0x000000cf75600000)]
  0x000002b7c7049020 JavaThread "Daemon worker" [_thread_blocked, id=23060, stack(0x000000cf75600000,0x000000cf75700000)]
  0x000002b7c7048b10 JavaThread "Asynchronous log dispatcher for DefaultDaemonConnection: socket connection from /127.0.0.1:44678 to /127.0.0.1:44679" [_thread_blocked, id=22244, stack(0x000000cf75700000,0x000000cf75800000)]
  0x000002b7c7048600 JavaThread "Stdin handler" [_thread_blocked, id=21100, stack(0x000000cf75800000,0x000000cf75900000)]
  0x000002b7c7049530 JavaThread "Daemon client event forwarder" [_thread_blocked, id=8232, stack(0x000000cf75900000,0x000000cf75a00000)]
  0x000002b7c7049a40 JavaThread "Cache worker for journal cache (C:\Users\Drews\.gradle\caches\journal-1)" [_thread_blocked, id=18888, stack(0x000000cf75a00000,0x000000cf75b00000)]
  0x000002b7c7049f50 JavaThread "File lock request listener" [_thread_in_native, id=23096, stack(0x000000cf75b00000,0x000000cf75c00000)]
  0x000002b7c704a970 JavaThread "Cache worker for file hash cache (C:\Users\Drews\.gradle\caches\8.4\fileHashes)" [_thread_blocked, id=23512, stack(0x000000cf75c00000,0x000000cf75d00000)]
  0x000002b7c7047be0 JavaThread "File watcher server" daemon [_thread_blocked, id=24592, stack(0x000000cf75d00000,0x000000cf75e00000)]
  0x000002b7c704ae80 JavaThread "File watcher consumer" daemon [_thread_blocked, id=23796, stack(0x000000cf75e00000,0x000000cf75f00000)]
  0x000002b7c704b390 JavaThread "Cache worker for checksums cache (C:\Users\Drews\AndroidStudioProjects\Chessin\.gradle\8.4\checksums)" [_thread_blocked, id=18136, stack(0x000000cf75f00000,0x000000cf76000000)]
  0x000002b7ca510d10 JavaThread "Cache worker for file hash cache (C:\Users\Drews\AndroidStudioProjects\Chessin\.gradle\8.4\fileHashes)" [_thread_blocked, id=20884, stack(0x000000cf76000000,0x000000cf76100000)]
  0x000002b7ca5149d0 JavaThread "Cache worker for cache directory md-supplier (C:\Users\Drews\.gradle\caches\8.4\md-supplier)" [_thread_blocked, id=18724, stack(0x000000cf76700000,0x000000cf76800000)]
  0x000002b7ca512660 JavaThread "Cache worker for file content cache (C:\Users\Drews\.gradle\caches\8.4\fileContent)" [_thread_blocked, id=22856, stack(0x000000cf76800000,0x000000cf76900000)]
  0x000002b7ca511220 JavaThread "Cache worker for cache directory md-rule (C:\Users\Drews\.gradle\caches\8.4\md-rule)" [_thread_blocked, id=22860, stack(0x000000cf76900000,0x000000cf76a00000)]
  0x000002b7ca511c40 JavaThread "Cache worker for execution history cache (C:\Users\Drews\.gradle\caches\8.4\executionHistory)" [_thread_blocked, id=7044, stack(0x000000cf76a00000,0x000000cf76b00000)]
  0x000002b7ca513080 JavaThread "Cache worker for kotlin-dsl (C:\Users\Drews\.gradle\caches\8.4\kotlin-dsl)" [_thread_blocked, id=23076, stack(0x000000cf76b00000,0x000000cf76c00000)]
  0x000002b7ca512150 JavaThread "jar transforms" [_thread_blocked, id=8228, stack(0x000000cf76c00000,0x000000cf76d00000)]
  0x000002b7ca514ee0 JavaThread "jar transforms Thread 2" [_thread_blocked, id=21936, stack(0x000000cf76d00000,0x000000cf76e00000)]
  0x000002b7ca515900 JavaThread "Unconstrained build operations" [_thread_blocked, id=24444, stack(0x000000cf76e00000,0x000000cf76f00000)]
  0x000002b7ca516320 JavaThread "jar transforms Thread 3" [_thread_blocked, id=24884, stack(0x000000cf76f00000,0x000000cf77000000)]
  0x000002b7ca516d40 JavaThread "jar transforms Thread 4" [_thread_blocked, id=24496, stack(0x000000cf77000000,0x000000cf77100000)]
  0x000002b7ca513aa0 JavaThread "jar transforms Thread 5" [_thread_blocked, id=24708, stack(0x000000cf77100000,0x000000cf77200000)]
  0x000002b7ca513fb0 JavaThread "jar transforms Thread 6" [_thread_blocked, id=20048, stack(0x000000cf77200000,0x000000cf77300000)]
  0x000002b7ca5144c0 JavaThread "Cache worker for dependencies-accessors (C:\Users\Drews\AndroidStudioProjects\Chessin\.gradle\8.4\dependencies-accessors)" [_thread_blocked, id=22792, stack(0x000000cf77300000,0x000000cf77400000)]
  0x000002b7ca515e10 JavaThread "Cache worker for Build Output Cleanup Cache (C:\Users\Drews\AndroidStudioProjects\Chessin\.gradle\buildOutputCleanup)" [_thread_blocked, id=13660, stack(0x000000cf77400000,0x000000cf77500000)]
  0x000002b7ca5153f0 JavaThread "jar transforms Thread 7" [_thread_blocked, id=6480, stack(0x000000cf77500000,0x000000cf77600000)]
  0x000002b7ca518690 JavaThread "jar transforms Thread 8" [_thread_blocked, id=17584, stack(0x000000cf77600000,0x000000cf77700000)]
  0x000002b7ca517250 JavaThread "Unconstrained build operations Thread 2" [_thread_blocked, id=25220, stack(0x000000cf77700000,0x000000cf77800000)]
  0x000002b7ca517c70 JavaThread "Unconstrained build operations Thread 3" [_thread_blocked, id=13672, stack(0x000000cf77800000,0x000000cf77900000)]
  0x000002b7cb575cf0 JavaThread "Unconstrained build operations Thread 4" [_thread_blocked, id=23216, stack(0x000000cf77900000,0x000000cf77a00000)]
  0x000002b7cb576200 JavaThread "Unconstrained build operations Thread 5" [_thread_blocked, id=24360, stack(0x000000cf77a00000,0x000000cf77b00000)]
  0x000002b7cb577640 JavaThread "Unconstrained build operations Thread 6" [_thread_blocked, id=25252, stack(0x000000cf77b00000,0x000000cf77c00000)]
  0x000002b7cb573e90 JavaThread "Unconstrained build operations Thread 7" [_thread_blocked, id=24300, stack(0x000000cf77c00000,0x000000cf77d00000)]
  0x000002b7cb576710 JavaThread "Unconstrained build operations Thread 8" [_thread_blocked, id=24316, stack(0x000000cf77d00000,0x000000cf77e00000)]
  0x000002b7cb577b50 JavaThread "Unconstrained build operations Thread 9" [_thread_blocked, id=22656, stack(0x000000cf77e00000,0x000000cf77f00000)]
  0x000002b7cb576c20 JavaThread "Unconstrained build operations Thread 10" [_thread_blocked, id=6992, stack(0x000000cf77f00000,0x000000cf78000000)]
  0x000002b7cb577130 JavaThread "Unconstrained build operations Thread 11" [_thread_blocked, id=22260, stack(0x000000cf78000000,0x000000cf78100000)]
  0x000002b7cb5743a0 JavaThread "Unconstrained build operations Thread 12" [_thread_blocked, id=16948, stack(0x000000cf78100000,0x000000cf78200000)]
  0x000002b7cb578060 JavaThread "jar transforms Thread 9" [_thread_blocked, id=20872, stack(0x000000cf78200000,0x000000cf78300000)]
  0x000002b7cb5748b0 JavaThread "jar transforms Thread 10" [_thread_blocked, id=23008, stack(0x000000cf78300000,0x000000cf78400000)]
  0x000002b7cb578570 JavaThread "jar transforms Thread 11" [_thread_blocked, id=19792, stack(0x000000cf78400000,0x000000cf78500000)]
  0x000002b7cb574dc0 JavaThread "jar transforms Thread 12" [_thread_blocked, id=21132, stack(0x000000cf78500000,0x000000cf78600000)]
  0x000002b7cb578f90 JavaThread "Memory manager" [_thread_blocked, id=2708, stack(0x000000cf78600000,0x000000cf78700000)]
  0x000002b7cb5799b0 JavaThread "build event listener" [_thread_blocked, id=14808, stack(0x000000cf78700000,0x000000cf78800000)]
  0x000002b78cbb6be0 JavaThread "C2 CompilerThread1" daemon [_thread_blocked, id=17412, stack(0x000000cf74700000,0x000000cf74800000)]
  0x000002b7cb0e8e60 JavaThread "included builds" [_thread_blocked, id=22580, stack(0x000000cf78e00000,0x000000cf78f00000)]
  0x000002b7cb0ecb20 JavaThread "Execution worker" [_thread_blocked, id=21280, stack(0x000000cf78f00000,0x000000cf79000000)]
  0x000002b7cb0ee980 JavaThread "Execution worker Thread 2" [_thread_blocked, id=15388, stack(0x000000cf79000000,0x000000cf79100000)]
  0x000002b7cb0eee90 JavaThread "Execution worker Thread 3" [_thread_blocked, id=21208, stack(0x000000cf79100000,0x000000cf79200000)]
  0x000002b7cb0eda50 JavaThread "Execution worker Thread 4" [_thread_blocked, id=21988, stack(0x000000cf79200000,0x000000cf79300000)]
  0x000002b7cb0ebbf0 JavaThread "Execution worker Thread 5" [_thread_blocked, id=22712, stack(0x000000cf79300000,0x000000cf79400000)]
  0x000002b7cb0efdc0 JavaThread "Execution worker Thread 6" [_thread_blocked, id=19560, stack(0x000000cf79400000,0x000000cf79500000)]
  0x000002b7cb0ef3a0 JavaThread "Execution worker Thread 7" [_thread_blocked, id=9364, stack(0x000000cf79500000,0x000000cf79600000)]
  0x000002b7cb0ef8b0 JavaThread "Execution worker Thread 8" [_thread_blocked, id=9520, stack(0x000000cf79600000,0x000000cf79700000)]
  0x000002b7cb0ed030 JavaThread "Execution worker Thread 9" [_thread_blocked, id=23056, stack(0x000000cf79700000,0x000000cf79800000)]
  0x000002b7cb0ed540 JavaThread "Execution worker Thread 10" [_thread_blocked, id=12092, stack(0x000000cf79800000,0x000000cf79900000)]
  0x000002b7cb0edf60 JavaThread "Execution worker Thread 11" [_thread_blocked, id=21232, stack(0x000000cf79900000,0x000000cf79a00000)]
  0x000002b7ca518180 JavaThread "Cache worker for execution history cache (C:\Users\Drews\AndroidStudioProjects\Chessin\.gradle\8.4\executionHistory)" [_thread_blocked, id=23452, stack(0x000000cf79a00000,0x000000cf79b00000)]
  0x000002b7cb0ee470 JavaThread "Unconstrained build operations Thread 13" [_thread_blocked, id=14484, stack(0x000000cf79b00000,0x000000cf79c00000)]
  0x000002b7cb0eb1d0 JavaThread "Unconstrained build operations Thread 14" [_thread_blocked, id=24352, stack(0x000000cf79c00000,0x000000cf79d00000)]
  0x000002b7cb0eb6e0 JavaThread "Unconstrained build operations Thread 15" [_thread_blocked, id=23568, stack(0x000000cf79d00000,0x000000cf79e00000)]
  0x000002b7c704a460 JavaThread "Unconstrained build operations Thread 16" [_thread_blocked, id=4596, stack(0x000000cf79e00000,0x000000cf79f00000)]
  0x000002b7ca516830 JavaThread "Unconstrained build operations Thread 17" [_thread_blocked, id=18864, stack(0x000000cf79f00000,0x000000cf7a000000)]
  0x000002b7cd1b1900 JavaThread "Unconstrained build operations Thread 18" [_thread_blocked, id=15664, stack(0x000000cf7a000000,0x000000cf7a100000)]
  0x000002b7cd1b0ee0 JavaThread "Unconstrained build operations Thread 19" [_thread_blocked, id=16508, stack(0x000000cf7a100000,0x000000cf7a200000)]
  0x000002b7cd1b2320 JavaThread "Unconstrained build operations Thread 20" [_thread_blocked, id=6736, stack(0x000000cf7a200000,0x000000cf7a300000)]
  0x000002b7cd1af080 JavaThread "Unconstrained build operations Thread 21" [_thread_blocked, id=15944, stack(0x000000cf7a300000,0x000000cf7a400000)]
  0x000002b7cd1affb0 JavaThread "Unconstrained build operations Thread 22" [_thread_blocked, id=20564, stack(0x000000cf7a400000,0x000000cf7a500000)]
  0x000002b7cd1b04c0 JavaThread "Unconstrained build operations Thread 23" [_thread_blocked, id=25548, stack(0x000000cf7a500000,0x000000cf7a600000)]
  0x000002b7cd1b13f0 JavaThread "WorkerExecutor Queue" [_thread_blocked, id=23192, stack(0x000000cf7a600000,0x000000cf7a700000)]
  0x000002b7cd1afaa0 JavaThread "Unconstrained build operations Thread 24" [_thread_blocked, id=15392, stack(0x000000cf7a700000,0x000000cf7a800000)]
  0x000002b7cd1b1e10 JavaThread "Unconstrained build operations Thread 25" [_thread_blocked, id=19504, stack(0x000000cf7a800000,0x000000cf7a900000)]
  0x000002b7cd1b2830 JavaThread "Unconstrained build operations Thread 26" [_thread_blocked, id=14360, stack(0x000000cf7a900000,0x000000cf7aa00000)]
  0x000002b7cd1b2d40 JavaThread "Unconstrained build operations Thread 27" [_thread_blocked, id=24116, stack(0x000000cf7aa00000,0x000000cf7ab00000)]
  0x000002b7cd1b3250 JavaThread "Unconstrained build operations Thread 28" [_thread_blocked, id=4888, stack(0x000000cf7ab00000,0x000000cf7ac00000)]
  0x000002b7cd1b3760 JavaThread "Unconstrained build operations Thread 29" [_thread_blocked, id=4052, stack(0x000000cf7ac00000,0x000000cf7ad00000)]
  0x000002b7cd1b3c70 JavaThread "Unconstrained build operations Thread 30" [_thread_blocked, id=11560, stack(0x000000cf7ad00000,0x000000cf7ae00000)]
  0x000002b7cd1b4180 JavaThread "Unconstrained build operations Thread 31" [_thread_blocked, id=18856, stack(0x000000cf7ae00000,0x000000cf7af00000)]
  0x000002b7cd1b09d0 JavaThread "Unconstrained build operations Thread 32" [_thread_blocked, id=22420, stack(0x000000cf7af00000,0x000000cf7b000000)]
  0x000002b7cd1b4ba0 JavaThread "Unconstrained build operations Thread 33" [_thread_blocked, id=8100, stack(0x000000cf7b000000,0x000000cf7b100000)]
  0x000002b7cd1b4690 JavaThread "Unconstrained build operations Thread 34" [_thread_blocked, id=6628, stack(0x000000cf7b100000,0x000000cf7b200000)]
  0x000002b7cd1b5ad0 JavaThread "WorkerExecutor Queue Thread 2" [_thread_blocked, id=17624, stack(0x000000cf7b200000,0x000000cf7b300000)]
  0x000002b7cd1b5fe0 JavaThread "WorkerExecutor Queue Thread 3" [_thread_blocked, id=23084, stack(0x000000cf7b300000,0x000000cf7b400000)]
  0x000002b7cd1b64f0 JavaThread "WorkerExecutor Queue Thread 4" [_thread_blocked, id=1436, stack(0x000000cf7b400000,0x000000cf7b500000)]
  0x000002b7c7524790 JavaThread "WorkerExecutor Queue Thread 5" [_thread_blocked, id=24492, stack(0x000000cf7b500000,0x000000cf7b600000)]
  0x000002b7c7524280 JavaThread "WorkerExecutor Queue Thread 6" [_thread_blocked, id=20676, stack(0x000000cf7b600000,0x000000cf7b700000)]
  0x000002b7c75251b0 JavaThread "WorkerExecutor Queue Thread 7" [_thread_blocked, id=19344, stack(0x000000cf7b700000,0x000000cf7b800000)]
  0x000002b7c75256c0 JavaThread "WorkerExecutor Queue Thread 9" [_thread_blocked, id=10236, stack(0x000000cf7b900000,0x000000cf7ba00000)]
  0x000002b7c7522e40 JavaThread "WorkerExecutor Queue Thread 10" [_thread_blocked, id=16668, stack(0x000000cf7ba00000,0x000000cf7bb00000)]
  0x000002b7c7525bd0 JavaThread "WorkerExecutor Queue Thread 11" [_thread_blocked, id=6840, stack(0x000000cf7bb00000,0x000000cf7bc00000)]
  0x000002b7c7526b00 JavaThread "Unconstrained build operations Thread 35" [_thread_blocked, id=19548, stack(0x000000cf7bd00000,0x000000cf7be00000)]
  0x000002b7c7527010 JavaThread "Unconstrained build operations Thread 36" [_thread_blocked, id=12900, stack(0x000000cf74a00000,0x000000cf74b00000)]
  0x000002b7c7523860 JavaThread "Unconstrained build operations Thread 37" [_thread_blocked, id=21828, stack(0x000000cf7be00000,0x000000cf7bf00000)]
  0x000002b7c7528450 JavaThread "Unconstrained build operations Thread 38" [_thread_blocked, id=8664, stack(0x000000cf7bf00000,0x000000cf7c000000)]
  0x000002b7c752a7c0 JavaThread "Unconstrained build operations Thread 39" [_thread_blocked, id=13512, stack(0x000000cf7c000000,0x000000cf7c100000)]
  0x000002b7c7528e70 JavaThread "Unconstrained build operations Thread 40" [_thread_blocked, id=18916, stack(0x000000cf7c100000,0x000000cf7c200000)]
  0x000002b7c7529380 JavaThread "Unconstrained build operations Thread 41" [_thread_blocked, id=17268, stack(0x000000cf7c200000,0x000000cf7c300000)]
  0x000002b7c7527520 JavaThread "Unconstrained build operations Thread 42" [_thread_blocked, id=25016, stack(0x000000cf7c300000,0x000000cf7c400000)]
  0x000002b7c7527f40 JavaThread "Unconstrained build operations Thread 43" [_thread_blocked, id=23804, stack(0x000000cf7c400000,0x000000cf7c500000)]
  0x000002b7c7527a30 JavaThread "Unconstrained build operations Thread 44" [_thread_blocked, id=21916, stack(0x000000cf7c500000,0x000000cf7c600000)]
  0x000002b7c7529890 JavaThread "Unconstrained build operations Thread 45" [_thread_blocked, id=21060, stack(0x000000cf7c600000,0x000000cf7c700000)]
  0x000002b7c7528960 JavaThread "Unconstrained build operations Thread 46" [_thread_blocked, id=24480, stack(0x000000cf7c700000,0x000000cf7c800000)]
  0x000002b7da4f4e70 JavaThread "C2 CompilerThread2" daemon [_thread_blocked, id=20664, stack(0x000000cf7c800000,0x000000cf7c900000)]
  0x000002b7c7529da0 JavaThread "Unconstrained build operations Thread 47" [_thread_blocked, id=16984, stack(0x000000cf7c900000,0x000000cf7ca00000)]
  0x000002b7c752a2b0 JavaThread "Unconstrained build operations Thread 48" [_thread_blocked, id=1188, stack(0x000000cf7ca00000,0x000000cf7cb00000)]
  0x000002b7cb0ea7b0 JavaThread "Unconstrained build operations Thread 49" [_thread_blocked, id=20584, stack(0x000000cf7cb00000,0x000000cf7cc00000)]
  0x000002b7cd1b55c0 JavaThread "Unconstrained build operations Thread 50" [_thread_blocked, id=22372, stack(0x000000cf7cc00000,0x000000cf7cd00000)]
  0x000002b7c6b03d60 JavaThread "Unconstrained build operations Thread 51" [_thread_blocked, id=21560, stack(0x000000cf7cd00000,0x000000cf7ce00000)]
  0x000002b7c6b03340 JavaThread "Unconstrained build operations Thread 52" [_thread_blocked, id=14536, stack(0x000000cf7ce00000,0x000000cf7cf00000)]
  0x000002b7c6b03850 JavaThread "Unconstrained build operations Thread 53" [_thread_blocked, id=23116, stack(0x000000cf7cf00000,0x000000cf7d000000)]
  0x000002b7c6b051a0 JavaThread "Unconstrained build operations Thread 54" [_thread_blocked, id=15376, stack(0x000000cf7d000000,0x000000cf7d100000)]
  0x000002b7c6b04270 JavaThread "Unconstrained build operations Thread 55" [_thread_blocked, id=18156, stack(0x000000cf7d100000,0x000000cf7d200000)]
  0x000002b7c6b019f0 JavaThread "Unconstrained build operations Thread 56" [_thread_blocked, id=8012, stack(0x000000cf7d200000,0x000000cf7d300000)]
  0x000002b7c6b02e30 JavaThread "Unconstrained build operations Thread 57" [_thread_blocked, id=6732, stack(0x000000cf7d300000,0x000000cf7d400000)]
  0x000002b7c6b056b0 JavaThread "Unconstrained build operations Thread 58" [_thread_blocked, id=9048, stack(0x000000cf7d400000,0x000000cf7d500000)]
  0x000002b7c6b01f00 JavaThread "Unconstrained build operations Thread 59" [_thread_blocked, id=25056, stack(0x000000cf7d500000,0x000000cf7d600000)]
  0x000002b7c6b05bc0 JavaThread "Unconstrained build operations Thread 60" [_thread_blocked, id=17536, stack(0x000000cf7d600000,0x000000cf7d700000)]
  0x000002b7c6b02410 JavaThread "Unconstrained build operations Thread 61" [_thread_blocked, id=20840, stack(0x000000cf7d700000,0x000000cf7d800000)]
  0x000002b7c6b07000 JavaThread "Unconstrained build operations Thread 62" [_thread_blocked, id=22800, stack(0x000000cf7d800000,0x000000cf7d900000)]
  0x000002b7c6b08950 JavaThread "Unconstrained build operations Thread 63" [_thread_blocked, id=17168, stack(0x000000cf7d900000,0x000000cf7da00000)]
  0x000002b7c6b09370 JavaThread "Unconstrained build operations Thread 64" [_thread_blocked, id=19032, stack(0x000000cf7da00000,0x000000cf7db00000)]
  0x000002b7c6b060d0 JavaThread "Unconstrained build operations Thread 65" [_thread_blocked, id=16448, stack(0x000000cf7db00000,0x000000cf7dc00000)]
  0x000002b7c6b065e0 JavaThread "Unconstrained build operations Thread 66" [_thread_blocked, id=8288, stack(0x000000cf7dc00000,0x000000cf7dd00000)]
  0x000002b7c6b06af0 JavaThread "Unconstrained build operations Thread 67" [_thread_blocked, id=8916, stack(0x000000cf7dd00000,0x000000cf7de00000)]
  0x000002b7c6b07510 JavaThread "Unconstrained build operations Thread 68" [_thread_blocked, id=20532, stack(0x000000cf7de00000,0x000000cf7df00000)]
  0x000002b7c6b07a20 JavaThread "WorkerExecutor Queue Thread 13" [_thread_blocked, id=10572, stack(0x000000cf7df00000,0x000000cf7e000000)]
  0x000002b7c6b07f30 JavaThread "Unconstrained build operations Thread 69" [_thread_blocked, id=9464, stack(0x000000cf7e000000,0x000000cf7e100000)]
  0x000002b7c6b08440 JavaThread "Unconstrained build operations Thread 70" [_thread_blocked, id=21808, stack(0x000000cf7e100000,0x000000cf7e200000)]
  0x000002b7c6e6a390 JavaThread "Unconstrained build operations Thread 71" [_thread_blocked, id=22808, stack(0x000000cf7e200000,0x000000cf7e300000)]
  0x000002b7c6e6b2c0 JavaThread "Unconstrained build operations Thread 72" [_thread_blocked, id=23144, stack(0x000000cf7e300000,0x000000cf7e400000)]
  0x000002b7c6e6cc10 JavaThread "Unconstrained build operations Thread 73" [_thread_blocked, id=21276, stack(0x000000cf7e400000,0x000000cf7e500000)]
  0x000002b7c6e6d120 JavaThread "Unconstrained build operations Thread 74" [_thread_blocked, id=23872, stack(0x000000cf7e500000,0x000000cf7e600000)]
  0x000002b7c6e6d630 JavaThread "Unconstrained build operations Thread 75" [_thread_blocked, id=22944, stack(0x000000cf7e600000,0x000000cf7e700000)]
  0x000002b7c6e6b7d0 JavaThread "Unconstrained build operations Thread 76" [_thread_blocked, id=25384, stack(0x000000cf7e700000,0x000000cf7e800000)]
  0x000002b7c6e6c1f0 JavaThread "Unconstrained build operations Thread 77" [_thread_blocked, id=7372, stack(0x000000cf7e800000,0x000000cf7e900000)]
  0x000002b7c6e69e80 JavaThread "Unconstrained build operations Thread 78" [_thread_blocked, id=20128, stack(0x000000cf7e900000,0x000000cf7ea00000)]
  0x000002b7c6e6c700 JavaThread "Unconstrained build operations Thread 79" [_thread_blocked, id=15112, stack(0x000000cf7ea00000,0x000000cf7eb00000)]
  0x000002b7c6e6e560 JavaThread "Unconstrained build operations Thread 80" [_thread_blocked, id=23612, stack(0x000000cf7eb00000,0x000000cf7ec00000)]
  0x000002b7c6e6e050 JavaThread "Unconstrained build operations Thread 81" [_thread_blocked, id=6344, stack(0x000000cf7ec00000,0x000000cf7ed00000)]
  0x000002b7c6e6ea70 JavaThread "Unconstrained build operations Thread 82" [_thread_blocked, id=3404, stack(0x000000cf7ed00000,0x000000cf7ee00000)]
  0x000002b7c6e6adb0 JavaThread "Unconstrained build operations Thread 83" [_thread_blocked, id=1552, stack(0x000000cf7ee00000,0x000000cf7ef00000)]
  0x000002b7c6e6ef80 JavaThread "Unconstrained build operations Thread 84" [_thread_blocked, id=22396, stack(0x000000cf7ef00000,0x000000cf7f000000)]
  0x000002b7c6e6f490 JavaThread "Unconstrained build operations Thread 85" [_thread_blocked, id=24016, stack(0x000000cf7f000000,0x000000cf7f100000)]
  0x000002b7c6e6bce0 JavaThread "Unconstrained build operations Thread 86" [_thread_blocked, id=9456, stack(0x000000cf7f100000,0x000000cf7f200000)]
  0x000002b7c6e71800 JavaThread "Unconstrained build operations Thread 87" [_thread_blocked, id=19464, stack(0x000000cf7f200000,0x000000cf7f300000)]
  0x000002b7c6e6f9a0 JavaThread "Unconstrained build operations Thread 88" [_thread_blocked, id=20768, stack(0x000000cf7f300000,0x000000cf7f400000)]
  0x000002b7c6e703c0 JavaThread "Unconstrained build operations Thread 89" [_thread_blocked, id=24984, stack(0x000000cf7f400000,0x000000cf7f500000)]
  0x000002b7c6e6feb0 JavaThread "Unconstrained build operations Thread 90" [_thread_blocked, id=22220, stack(0x000000cf7f500000,0x000000cf7f600000)]
  0x000002b7c6e70de0 JavaThread "Unconstrained build operations Thread 91" [_thread_blocked, id=15032, stack(0x000000cf7f600000,0x000000cf7f700000)]
  0x000002b7c8cd6a80 JavaThread "Unconstrained build operations Thread 92" [_thread_blocked, id=17816, stack(0x000000cf7f700000,0x000000cf7f800000)]
  0x000002b7c8cd8df0 JavaThread "Unconstrained build operations Thread 93" [_thread_blocked, id=20356, stack(0x000000cf7f800000,0x000000cf7f900000)]
  0x000002b7c8cd6f90 JavaThread "Unconstrained build operations Thread 94" [_thread_blocked, id=15528, stack(0x000000cf7f900000,0x000000cf7fa00000)]
  0x000002b7c8cd6060 JavaThread "Unconstrained build operations Thread 95" [_thread_blocked, id=10052, stack(0x000000cf7fa00000,0x000000cf7fb00000)]
  0x000002b7c8cd79b0 JavaThread "Unconstrained build operations Thread 96" [_thread_blocked, id=24896, stack(0x000000cf7fb00000,0x000000cf7fc00000)]
  0x000002b7c8cd83d0 JavaThread "Unconstrained build operations Thread 97" [_thread_blocked, id=15852, stack(0x000000cf7fc00000,0x000000cf7fd00000)]
  0x000002b7c8cd9d20 JavaThread "Unconstrained build operations Thread 98" [_thread_blocked, id=24600, stack(0x000000cf7fd00000,0x000000cf7fe00000)]
  0x000002b7c8cd74a0 JavaThread "Unconstrained build operations Thread 99" [_thread_blocked, id=5248, stack(0x000000cf7fe00000,0x000000cf7ff00000)]
  0x000002b7c8cd88e0 JavaThread "Unconstrained build operations Thread 100" [_thread_blocked, id=19984, stack(0x000000cf7ff00000,0x000000cf80000000)]
  0x000002b7c8cd6570 JavaThread "Unconstrained build operations Thread 101" [_thread_blocked, id=3948, stack(0x000000cf00000000,0x000000cf00100000)]
  0x000002b7c8cdac50 JavaThread "Unconstrained build operations Thread 102" [_thread_blocked, id=7800, stack(0x000000cf00100000,0x000000cf00200000)]
  0x000002b7c8cd7ec0 JavaThread "Unconstrained build operations Thread 103" [_thread_blocked, id=17160, stack(0x000000cf00200000,0x000000cf00300000)]
  0x000002b7c8cdbb80 JavaThread "Unconstrained build operations Thread 104" [_thread_blocked, id=22492, stack(0x000000cf00300000,0x000000cf00400000)]
  0x000002b7c8cda230 JavaThread "Unconstrained build operations Thread 105" [_thread_blocked, id=13824, stack(0x000000cf00400000,0x000000cf00500000)]
  0x000002b7c8cdc5a0 JavaThread "Unconstrained build operations Thread 106" [_thread_blocked, id=17596, stack(0x000000cf00500000,0x000000cf00600000)]
  0x000002b7c8cdc090 JavaThread "Unconstrained build operations Thread 107" [_thread_blocked, id=18788, stack(0x000000cf00600000,0x000000cf00700000)]
  0x000002b7c8cd9300 JavaThread "Unconstrained build operations Thread 108" [_thread_blocked, id=9172, stack(0x000000cf00700000,0x000000cf00800000)]
  0x000002b7c8cdb160 JavaThread "Unconstrained build operations Thread 109" [_thread_blocked, id=7348, stack(0x000000cf00800000,0x000000cf00900000)]
  0x000002b7c8cdb670 JavaThread "Unconstrained build operations Thread 110" [_thread_blocked, id=23516, stack(0x000000cf00900000,0x000000cf00a00000)]
  0x000002b7c8cd9810 JavaThread "Unconstrained build operations Thread 111" [_thread_blocked, id=13724, stack(0x000000cf00a00000,0x000000cf00b00000)]
  0x000002b7c8cdcab0 JavaThread "Unconstrained build operations Thread 112" [_thread_blocked, id=20908, stack(0x000000cf00b00000,0x000000cf00c00000)]

Other Threads:
=>0x000002b78c0116a0 VMThread "VM Thread" [stack: 0x000000cf73c00000,0x000000cf73d00000] [id=24816]
  0x000002b7e905a740 WatcherThread [stack: 0x000000cf74900000,0x000000cf74a00000] [id=18520]
  0x000002b7e903c340 GCTaskThread "GC Thread#0" [stack: 0x000000cf73700000,0x000000cf73800000] [id=10148]
  0x000002b7c6775470 GCTaskThread "GC Thread#1" [stack: 0x000000cf74b00000,0x000000cf74c00000] [id=18320]
  0x000002b7c6378d30 GCTaskThread "GC Thread#2" [stack: 0x000000cf74c00000,0x000000cf74d00000] [id=22376]
  0x000002b7c6378ff0 GCTaskThread "GC Thread#3" [stack: 0x000000cf74d00000,0x000000cf74e00000] [id=17296]
  0x000002b7c63792b0 GCTaskThread "GC Thread#4" [stack: 0x000000cf74e00000,0x000000cf74f00000] [id=9268]
  0x000002b7c6591880 GCTaskThread "GC Thread#5" [stack: 0x000000cf74f00000,0x000000cf75000000] [id=24860]
  0x000002b7c9bf2830 GCTaskThread "GC Thread#6" [stack: 0x000000cf76100000,0x000000cf76200000] [id=12960]
  0x000002b7caea8330 GCTaskThread "GC Thread#7" [stack: 0x000000cf76200000,0x000000cf76300000] [id=24484]
  0x000002b7ca2d23d0 GCTaskThread "GC Thread#8" [stack: 0x000000cf76300000,0x000000cf76400000] [id=18012]
  0x000002b7ca860380 GCTaskThread "GC Thread#9" [stack: 0x000000cf76400000,0x000000cf76500000] [id=25336]
  0x000002b7e904d300 ConcurrentGCThread "G1 Main Marker" [stack: 0x000000cf73800000,0x000000cf73900000] [id=9512]
  0x000002b7e904e790 ConcurrentGCThread "G1 Conc#0" [stack: 0x000000cf73900000,0x000000cf73a00000] [id=19676]
  0x000002b7c7de5fa0 ConcurrentGCThread "G1 Conc#1" [stack: 0x000000cf76500000,0x000000cf76600000] [id=15832]
  0x000002b7c8572050 ConcurrentGCThread "G1 Conc#2" [stack: 0x000000cf76600000,0x000000cf76700000] [id=24024]
  0x000002b78bf4c9d0 ConcurrentGCThread "G1 Refine#0" [stack: 0x000000cf73a00000,0x000000cf73b00000] [id=18084]
  0x000002b7cc440e30 ConcurrentGCThread "G1 Refine#1" [stack: 0x000000cf78800000,0x000000cf78900000] [id=16872]
  0x000002b7cc4425b0 ConcurrentGCThread "G1 Refine#2" [stack: 0x000000cf78900000,0x000000cf78a00000] [id=11340]
  0x000002b7cc4428a0 ConcurrentGCThread "G1 Refine#3" [stack: 0x000000cf78a00000,0x000000cf78b00000] [id=15120]
  0x000002b7cc441120 ConcurrentGCThread "G1 Refine#4" [stack: 0x000000cf78b00000,0x000000cf78c00000] [id=20708]
  0x000002b7cc442b90 ConcurrentGCThread "G1 Refine#5" [stack: 0x000000cf78c00000,0x000000cf78d00000] [id=21572]
  0x000002b7cc43f0d0 ConcurrentGCThread "G1 Refine#6" [stack: 0x000000cf78d00000,0x000000cf78e00000] [id=20304]
  0x000002b7cb10c5d0 ConcurrentGCThread "G1 Refine#7" [stack: 0x000000cf00c00000,0x000000cf00d00000] [id=2948]
  0x000002b7cd0eeed0 ConcurrentGCThread "G1 Refine#8" [stack: 0x000000cf00d00000,0x000000cf00e00000] [id=21444]
  0x000002b78bf4cf20 ConcurrentGCThread "G1 Service" [stack: 0x000000cf73b00000,0x000000cf73c00000] [id=24772]

Threads with active compile tasks:
C2 CompilerThread0    18600 29529       4       com.android.tools.r8.internal.MV::b (905 bytes)
C2 CompilerThread1    18600 29382 %     4       com.android.tools.r8.ir.regalloc.b::a @ 1545 (1831 bytes)
C2 CompilerThread2    18600 29526       4       com.android.tools.r8.internal.ML::a (447 bytes)

VM state: at safepoint (normal execution)

VM Mutex/Monitor currently owned by a thread:  ([mutex/lock_event])
[0x000002b7e8fc8f20] Threads_lock - owner thread: 0x000002b78c0116a0
[0x000002b7e8fc9160] Heap_lock - owner thread: 0x000002b7c8cdac50

Heap address: 0x0000000700000000, size: 4096 MB, Compressed Oops mode: Zero based, Oop shift amount: 3

CDS archive(s) mapped at: [0x000002b78d000000-0x000002b78dbd0000-0x000002b78dbd0000), size 12386304, SharedBaseAddress: 0x000002b78d000000, ArchiveRelocationMode: 1.
Compressed class space mapped at: 0x000002b78e000000-0x000002b7c2000000, reserved size: 872415232
Narrow klass base: 0x000002b78d000000, Narrow klass shift: 0, Narrow klass range: 0x100000000

GC Precious Log:
 CPUs: 12 total, 12 available
 Memory: 17285M
 Large Page Support: Disabled
 NUMA Support: Disabled
 Compressed Oops: Enabled (Zero based)
 Heap Region Size: 2M
 Heap Min Capacity: 8M
 Heap Initial Capacity: 272M
 Heap Max Capacity: 4G
 Pre-touch: Disabled
 Parallel Workers: 10
 Concurrent Workers: 3
 Concurrent Refinement Workers: 10
 Periodic GC: Disabled

Heap:
 garbage-first heap   total 1417216K, used 498682K [0x0000000700000000, 0x0000000800000000)
  region size 2048K, 20 young (40960K), 20 survivors (40960K)
 Metaspace       used 183629K, committed 184640K, reserved 1048576K
  class space    used 24366K, committed 24832K, reserved 851968K

Heap Regions: E=young(eden), S=young(survivor), O=old, HS=humongous(starts), HC=humongous(continues), CS=collection set, F=free, OA=open archive, CA=closed archive, TAMS=top-at-mark-start (previous, next)
|   0|0x0000000700000000, 0x0000000700200000, 0x0000000700200000|100%|HS|  |TAMS 0x0000000700200000, 0x0000000700000000| Complete 
|   1|0x0000000700200000, 0x0000000700400000, 0x0000000700400000|100%|HC|  |TAMS 0x0000000700400000, 0x0000000700200000| Complete 
|   2|0x0000000700400000, 0x0000000700600000, 0x0000000700600000|100%| O|  |TAMS 0x0000000700600000, 0x0000000700400000| Untracked 
|   3|0x0000000700600000, 0x0000000700800000, 0x0000000700800000|100%| O|  |TAMS 0x0000000700800000, 0x0000000700600000| Untracked 
|   4|0x0000000700800000, 0x00000007009fe800, 0x0000000700a00000| 99%| O|  |TAMS 0x00000007009fe800, 0x0000000700800000| Untracked 
|   5|0x0000000700a00000, 0x0000000700c00000, 0x0000000700c00000|100%| O|  |TAMS 0x0000000700c00000, 0x0000000700a00000| Untracked 
|   6|0x0000000700c00000, 0x0000000700e00000, 0x0000000700e00000|100%| O|  |TAMS 0x0000000700e00000, 0x0000000700c00000| Untracked 
|   7|0x0000000700e00000, 0x0000000701000000, 0x0000000701000000|100%| O|  |TAMS 0x0000000701000000, 0x0000000700e00000| Untracked 
|   8|0x0000000701000000, 0x0000000701200000, 0x0000000701200000|100%| O|  |TAMS 0x0000000701200000, 0x0000000701000000| Untracked 
|   9|0x0000000701200000, 0x0000000701400000, 0x0000000701400000|100%| O|  |TAMS 0x0000000701400000, 0x0000000701200000| Untracked 
|  10|0x0000000701400000, 0x0000000701600000, 0x0000000701600000|100%| O|  |TAMS 0x0000000701600000, 0x0000000701400000| Untracked 
|  11|0x0000000701600000, 0x0000000701800000, 0x0000000701800000|100%| O|  |TAMS 0x0000000701800000, 0x0000000701600000| Untracked 
|  12|0x0000000701800000, 0x0000000701a00000, 0x0000000701a00000|100%| O|  |TAMS 0x0000000701a00000, 0x0000000701800000| Untracked 
|  13|0x0000000701a00000, 0x0000000701c00000, 0x0000000701c00000|100%| O|  |TAMS 0x0000000701c00000, 0x0000000701a00000| Untracked 
|  14|0x0000000701c00000, 0x0000000701e00000, 0x0000000701e00000|100%| O|  |TAMS 0x0000000701e00000, 0x0000000701c00000| Untracked 
|  15|0x0000000701e00000, 0x0000000702000000, 0x0000000702000000|100%| O|  |TAMS 0x0000000702000000, 0x0000000701e00000| Untracked 
|  16|0x0000000702000000, 0x0000000702200000, 0x0000000702200000|100%| O|  |TAMS 0x0000000702200000, 0x0000000702000000| Untracked 
|  17|0x0000000702200000, 0x0000000702400000, 0x0000000702400000|100%| O|  |TAMS 0x0000000702400000, 0x0000000702200000| Untracked 
|  18|0x0000000702400000, 0x0000000702600000, 0x0000000702600000|100%| O|  |TAMS 0x0000000702600000, 0x0000000702400000| Untracked 
|  19|0x0000000702600000, 0x0000000702800000, 0x0000000702800000|100%| O|  |TAMS 0x0000000702800000, 0x0000000702600000| Untracked 
|  20|0x0000000702800000, 0x0000000702a00000, 0x0000000702a00000|100%| O|  |TAMS 0x0000000702a00000, 0x0000000702800000| Untracked 
|  21|0x0000000702a00000, 0x0000000702c00000, 0x0000000702c00000|100%|HS|  |TAMS 0x0000000702c00000, 0x0000000702a00000| Complete 
|  22|0x0000000702c00000, 0x0000000702e00000, 0x0000000702e00000|100%| O|  |TAMS 0x0000000702e00000, 0x0000000702c00000| Untracked 
|  23|0x0000000702e00000, 0x0000000703000000, 0x0000000703000000|100%|HS|  |TAMS 0x0000000703000000, 0x0000000702e00000| Complete 
|  24|0x0000000703000000, 0x0000000703200000, 0x0000000703200000|100%|HC|  |TAMS 0x0000000703200000, 0x0000000703000000| Complete 
|  25|0x0000000703200000, 0x0000000703400000, 0x0000000703400000|100%| O|  |TAMS 0x0000000703400000, 0x0000000703200000| Untracked 
|  26|0x0000000703400000, 0x0000000703600000, 0x0000000703600000|100%| O|  |TAMS 0x0000000703600000, 0x0000000703400000| Untracked 
|  27|0x0000000703600000, 0x0000000703800000, 0x0000000703800000|100%|HS|  |TAMS 0x0000000703800000, 0x0000000703600000| Complete 
|  28|0x0000000703800000, 0x0000000703a00000, 0x0000000703a00000|100%| O|  |TAMS 0x0000000703a00000, 0x0000000703800000| Untracked 
|  29|0x0000000703a00000, 0x0000000703c00000, 0x0000000703c00000|100%| O|  |TAMS 0x0000000703c00000, 0x0000000703a00000| Untracked 
|  30|0x0000000703c00000, 0x0000000703e00000, 0x0000000703e00000|100%| O|  |TAMS 0x0000000703e00000, 0x0000000703c00000| Untracked 
|  31|0x0000000703e00000, 0x0000000704000000, 0x0000000704000000|100%| O|  |TAMS 0x0000000704000000, 0x0000000703e00000| Untracked 
|  32|0x0000000704000000, 0x0000000704200000, 0x0000000704200000|100%| O|  |TAMS 0x0000000704200000, 0x0000000704000000| Untracked 
|  33|0x0000000704200000, 0x0000000704400000, 0x0000000704400000|100%| O|  |TAMS 0x0000000704400000, 0x0000000704200000| Untracked 
|  34|0x0000000704400000, 0x0000000704600000, 0x0000000704600000|100%|HS|  |TAMS 0x0000000704600000, 0x0000000704400000| Complete 
|  35|0x0000000704600000, 0x0000000704800000, 0x0000000704800000|100%|HC|  |TAMS 0x0000000704800000, 0x0000000704600000| Complete 
|  36|0x0000000704800000, 0x0000000704a00000, 0x0000000704a00000|100%| O|  |TAMS 0x0000000704a00000, 0x0000000704800000| Untracked 
|  37|0x0000000704a00000, 0x0000000704c00000, 0x0000000704c00000|100%| O|  |TAMS 0x0000000704c00000, 0x0000000704a00000| Untracked 
|  38|0x0000000704c00000, 0x0000000704e00000, 0x0000000704e00000|100%| O|  |TAMS 0x0000000704e00000, 0x0000000704c00000| Untracked 
|  39|0x0000000704e00000, 0x0000000705000000, 0x0000000705000000|100%| O|  |TAMS 0x0000000705000000, 0x0000000704e00000| Untracked 
|  40|0x0000000705000000, 0x0000000705200000, 0x0000000705200000|100%| O|  |TAMS 0x0000000705200000, 0x0000000705000000| Untracked 
|  41|0x0000000705200000, 0x0000000705400000, 0x0000000705400000|100%| O|  |TAMS 0x0000000705400000, 0x0000000705200000| Untracked 
|  42|0x0000000705400000, 0x0000000705600000, 0x0000000705600000|100%| O|  |TAMS 0x0000000705600000, 0x0000000705400000| Untracked 
|  43|0x0000000705600000, 0x0000000705800000, 0x0000000705800000|100%| O|  |TAMS 0x0000000705800000, 0x0000000705600000| Untracked 
|  44|0x0000000705800000, 0x0000000705a00000, 0x0000000705a00000|100%| O|  |TAMS 0x0000000705a00000, 0x0000000705800000| Untracked 
|  45|0x0000000705a00000, 0x0000000705c00000, 0x0000000705c00000|100%| O|  |TAMS 0x0000000705c00000, 0x0000000705a00000| Untracked 
|  46|0x0000000705c00000, 0x0000000705e00000, 0x0000000705e00000|100%| O|  |TAMS 0x0000000705e00000, 0x0000000705c00000| Untracked 
|  47|0x0000000705e00000, 0x0000000706000000, 0x0000000706000000|100%| O|  |TAMS 0x0000000706000000, 0x0000000705e00000| Untracked 
|  48|0x0000000706000000, 0x0000000706200000, 0x0000000706200000|100%| O|  |TAMS 0x0000000706200000, 0x0000000706000000| Untracked 
|  49|0x0000000706200000, 0x0000000706400000, 0x0000000706400000|100%| O|  |TAMS 0x0000000706400000, 0x0000000706200000| Untracked 
|  50|0x0000000706400000, 0x0000000706600000, 0x0000000706600000|100%| O|  |TAMS 0x0000000706600000, 0x0000000706400000| Untracked 
|  51|0x0000000706600000, 0x0000000706800000, 0x0000000706800000|100%| O|  |TAMS 0x0000000706800000, 0x0000000706600000| Untracked 
|  52|0x0000000706800000, 0x0000000706a00000, 0x0000000706a00000|100%| O|  |TAMS 0x0000000706a00000, 0x0000000706800000| Untracked 
|  53|0x0000000706a00000, 0x0000000706c00000, 0x0000000706c00000|100%| O|  |TAMS 0x0000000706c00000, 0x0000000706a00000| Untracked 
|  54|0x0000000706c00000, 0x0000000706e00000, 0x0000000706e00000|100%| O|  |TAMS 0x0000000706e00000, 0x0000000706c00000| Untracked 
|  55|0x0000000706e00000, 0x0000000707000000, 0x0000000707000000|100%| O|  |TAMS 0x0000000707000000, 0x0000000706e00000| Untracked 
|  56|0x0000000707000000, 0x0000000707200000, 0x0000000707200000|100%| O|  |TAMS 0x0000000707200000, 0x0000000707000000| Untracked 
|  57|0x0000000707200000, 0x0000000707400000, 0x0000000707400000|100%| O|  |TAMS 0x0000000707400000, 0x0000000707200000| Untracked 
|  58|0x0000000707400000, 0x0000000707600000, 0x0000000707600000|100%| O|  |TAMS 0x0000000707600000, 0x0000000707400000| Untracked 
|  59|0x0000000707600000, 0x0000000707800000, 0x0000000707800000|100%| O|  |TAMS 0x0000000707800000, 0x0000000707600000| Untracked 
|  60|0x0000000707800000, 0x0000000707a00000, 0x0000000707a00000|100%| O|  |TAMS 0x0000000707a00000, 0x0000000707800000| Untracked 
|  61|0x0000000707a00000, 0x0000000707c00000, 0x0000000707c00000|100%| O|  |TAMS 0x0000000707c00000, 0x0000000707a00000| Untracked 
|  62|0x0000000707c00000, 0x0000000707e00000, 0x0000000707e00000|100%| O|  |TAMS 0x0000000707c00000, 0x0000000707c00000| Untracked 
|  63|0x0000000707e00000, 0x0000000708000000, 0x0000000708000000|100%| O|  |TAMS 0x0000000707e00000, 0x0000000707e00000| Untracked 
|  64|0x0000000708000000, 0x0000000708200000, 0x0000000708200000|100%| O|  |TAMS 0x0000000708000000, 0x0000000708000000| Untracked 
|  65|0x0000000708200000, 0x0000000708400000, 0x0000000708400000|100%| O|  |TAMS 0x0000000708200000, 0x0000000708200000| Untracked 
|  66|0x0000000708400000, 0x0000000708600000, 0x0000000708600000|100%| O|  |TAMS 0x0000000708400000, 0x0000000708400000| Untracked 
|  67|0x0000000708600000, 0x0000000708800000, 0x0000000708800000|100%| O|  |TAMS 0x0000000708600000, 0x0000000708600000| Untracked 
|  68|0x0000000708800000, 0x0000000708a00000, 0x0000000708a00000|100%| O|  |TAMS 0x0000000708800000, 0x0000000708800000| Untracked 
|  69|0x0000000708a00000, 0x0000000708c00000, 0x0000000708c00000|100%| O|  |TAMS 0x0000000708a00000, 0x0000000708a00000| Untracked 
|  70|0x0000000708c00000, 0x0000000708e00000, 0x0000000708e00000|100%| O|  |TAMS 0x0000000708e00000, 0x0000000708c00000| Untracked 
|  71|0x0000000708e00000, 0x0000000709000000, 0x0000000709000000|100%| O|  |TAMS 0x0000000709000000, 0x0000000708e00000| Untracked 
|  72|0x0000000709000000, 0x0000000709200000, 0x0000000709200000|100%| O|  |TAMS 0x0000000709200000, 0x0000000709000000| Untracked 
|  73|0x0000000709200000, 0x0000000709400000, 0x0000000709400000|100%| O|  |TAMS 0x0000000709400000, 0x0000000709200000| Untracked 
|  74|0x0000000709400000, 0x0000000709600000, 0x0000000709600000|100%| O|  |TAMS 0x0000000709600000, 0x0000000709400000| Untracked 
|  75|0x0000000709600000, 0x0000000709800000, 0x0000000709800000|100%| O|  |TAMS 0x0000000709800000, 0x0000000709600000| Untracked 
|  76|0x0000000709800000, 0x0000000709a00000, 0x0000000709a00000|100%| O|  |TAMS 0x0000000709a00000, 0x0000000709800000| Untracked 
|  77|0x0000000709a00000, 0x0000000709c00000, 0x0000000709c00000|100%| O|  |TAMS 0x0000000709c00000, 0x0000000709a00000| Untracked 
|  78|0x0000000709c00000, 0x0000000709e00000, 0x0000000709e00000|100%| O|  |TAMS 0x0000000709d04c00, 0x0000000709c00000| Untracked 
|  79|0x0000000709e00000, 0x000000070a000000, 0x000000070a000000|100%| O|  |TAMS 0x0000000709e00000, 0x0000000709e00000| Untracked 
|  80|0x000000070a000000, 0x000000070a200000, 0x000000070a200000|100%| O|  |TAMS 0x000000070a000000, 0x000000070a000000| Untracked 
|  81|0x000000070a200000, 0x000000070a400000, 0x000000070a400000|100%| O|  |TAMS 0x000000070a200000, 0x000000070a200000| Untracked 
|  82|0x000000070a400000, 0x000000070a600000, 0x000000070a600000|100%| O|  |TAMS 0x000000070a400000, 0x000000070a400000| Untracked 
|  83|0x000000070a600000, 0x000000070a800000, 0x000000070a800000|100%| O|  |TAMS 0x000000070a600000, 0x000000070a600000| Untracked 
|  84|0x000000070a800000, 0x000000070aa00000, 0x000000070aa00000|100%| O|  |TAMS 0x000000070a800000, 0x000000070a800000| Untracked 
|  85|0x000000070aa00000, 0x000000070ac00000, 0x000000070ac00000|100%| O|  |TAMS 0x000000070aa00000, 0x000000070aa00000| Untracked 
|  86|0x000000070ac00000, 0x000000070ae00000, 0x000000070ae00000|100%| O|  |TAMS 0x000000070ac00000, 0x000000070ac00000| Untracked 
|  87|0x000000070ae00000, 0x000000070b000000, 0x000000070b000000|100%| O|  |TAMS 0x000000070ae00000, 0x000000070ae00000| Untracked 
|  88|0x000000070b000000, 0x000000070b200000, 0x000000070b200000|100%| O|  |TAMS 0x000000070b000000, 0x000000070b000000| Untracked 
|  89|0x000000070b200000, 0x000000070b400000, 0x000000070b400000|100%| O|  |TAMS 0x000000070b200000, 0x000000070b200000| Untracked 
|  90|0x000000070b400000, 0x000000070b600000, 0x000000070b600000|100%| O|  |TAMS 0x000000070b400000, 0x000000070b400000| Untracked 
|  91|0x000000070b600000, 0x000000070b800000, 0x000000070b800000|100%| O|  |TAMS 0x000000070b600000, 0x000000070b600000| Untracked 
|  92|0x000000070b800000, 0x000000070ba00000, 0x000000070ba00000|100%| O|  |TAMS 0x000000070b800000, 0x000000070b800000| Untracked 
|  93|0x000000070ba00000, 0x000000070bc00000, 0x000000070bc00000|100%| O|  |TAMS 0x000000070ba00000, 0x000000070ba00000| Untracked 
|  94|0x000000070bc00000, 0x000000070be00000, 0x000000070be00000|100%| O|  |TAMS 0x000000070bc00000, 0x000000070bc00000| Untracked 
|  95|0x000000070be00000, 0x000000070c000000, 0x000000070c000000|100%| O|  |TAMS 0x000000070be00000, 0x000000070be00000| Untracked 
|  96|0x000000070c000000, 0x000000070c200000, 0x000000070c200000|100%| O|  |TAMS 0x000000070c000000, 0x000000070c000000| Untracked 
|  97|0x000000070c200000, 0x000000070c400000, 0x000000070c400000|100%| O|  |TAMS 0x000000070c200000, 0x000000070c200000| Untracked 
|  98|0x000000070c400000, 0x000000070c600000, 0x000000070c600000|100%| O|  |TAMS 0x000000070c400000, 0x000000070c400000| Untracked 
|  99|0x000000070c600000, 0x000000070c800000, 0x000000070c800000|100%| O|  |TAMS 0x000000070c600000, 0x000000070c600000| Untracked 
| 100|0x000000070c800000, 0x000000070ca00000, 0x000000070ca00000|100%| O|  |TAMS 0x000000070c800000, 0x000000070c800000| Untracked 
| 101|0x000000070ca00000, 0x000000070cc00000, 0x000000070cc00000|100%| O|  |TAMS 0x000000070ca00000, 0x000000070ca00000| Untracked 
| 102|0x000000070cc00000, 0x000000070ce00000, 0x000000070ce00000|100%| O|  |TAMS 0x000000070cc00000, 0x000000070cc00000| Untracked 
| 103|0x000000070ce00000, 0x000000070d000000, 0x000000070d000000|100%| O|  |TAMS 0x000000070ce00000, 0x000000070ce00000| Untracked 
| 104|0x000000070d000000, 0x000000070d200000, 0x000000070d200000|100%| O|  |TAMS 0x000000070d000000, 0x000000070d000000| Untracked 
| 105|0x000000070d200000, 0x000000070d400000, 0x000000070d400000|100%| O|  |TAMS 0x000000070d200000, 0x000000070d200000| Untracked 
| 106|0x000000070d400000, 0x000000070d600000, 0x000000070d600000|100%| O|  |TAMS 0x000000070d400000, 0x000000070d400000| Untracked 
| 107|0x000000070d600000, 0x000000070d800000, 0x000000070d800000|100%| O|  |TAMS 0x000000070d600000, 0x000000070d600000| Untracked 
| 108|0x000000070d800000, 0x000000070da00000, 0x000000070da00000|100%| O|  |TAMS 0x000000070d800000, 0x000000070d800000| Untracked 
| 109|0x000000070da00000, 0x000000070dc00000, 0x000000070dc00000|100%| O|  |TAMS 0x000000070da00000, 0x000000070da00000| Untracked 
| 110|0x000000070dc00000, 0x000000070de00000, 0x000000070de00000|100%| O|  |TAMS 0x000000070dc00000, 0x000000070dc00000| Untracked 
| 111|0x000000070de00000, 0x000000070e000000, 0x000000070e000000|100%| O|  |TAMS 0x000000070de00000, 0x000000070de00000| Untracked 
| 112|0x000000070e000000, 0x000000070e200000, 0x000000070e200000|100%| O|  |TAMS 0x000000070e000000, 0x000000070e000000| Untracked 
| 113|0x000000070e200000, 0x000000070e400000, 0x000000070e400000|100%| O|  |TAMS 0x000000070e200000, 0x000000070e200000| Untracked 
| 114|0x000000070e400000, 0x000000070e600000, 0x000000070e600000|100%| O|  |TAMS 0x000000070e400000, 0x000000070e400000| Untracked 
| 115|0x000000070e600000, 0x000000070e800000, 0x000000070e800000|100%| O|  |TAMS 0x000000070e600000, 0x000000070e600000| Untracked 
| 116|0x000000070e800000, 0x000000070ea00000, 0x000000070ea00000|100%| O|  |TAMS 0x000000070e800000, 0x000000070e800000| Untracked 
| 117|0x000000070ea00000, 0x000000070ec00000, 0x000000070ec00000|100%| O|  |TAMS 0x000000070ea00000, 0x000000070ea00000| Untracked 
| 118|0x000000070ec00000, 0x000000070ee00000, 0x000000070ee00000|100%| O|  |TAMS 0x000000070ec00000, 0x000000070ec00000| Untracked 
| 119|0x000000070ee00000, 0x000000070f000000, 0x000000070f000000|100%| O|  |TAMS 0x000000070ee00000, 0x000000070ee00000| Untracked 
| 120|0x000000070f000000, 0x000000070f200000, 0x000000070f200000|100%| O|  |TAMS 0x000000070f000000, 0x000000070f000000| Untracked 
| 121|0x000000070f200000, 0x000000070f400000, 0x000000070f400000|100%| O|  |TAMS 0x000000070f200000, 0x000000070f200000| Untracked 
| 122|0x000000070f400000, 0x000000070f600000, 0x000000070f600000|100%| O|  |TAMS 0x000000070f400000, 0x000000070f400000| Untracked 
| 123|0x000000070f600000, 0x000000070f800000, 0x000000070f800000|100%| O|  |TAMS 0x000000070f600000, 0x000000070f600000| Untracked 
| 124|0x000000070f800000, 0x000000070fa00000, 0x000000070fa00000|100%| O|  |TAMS 0x000000070f800000, 0x000000070f800000| Untracked 
| 125|0x000000070fa00000, 0x000000070fc00000, 0x000000070fc00000|100%| O|  |TAMS 0x000000070fa00000, 0x000000070fa00000| Untracked 
| 126|0x000000070fc00000, 0x000000070fe00000, 0x000000070fe00000|100%| O|  |TAMS 0x000000070fc00000, 0x000000070fc00000| Untracked 
| 127|0x000000070fe00000, 0x0000000710000000, 0x0000000710000000|100%| O|  |TAMS 0x000000070fe00000, 0x000000070fe00000| Untracked 
| 128|0x0000000710000000, 0x0000000710200000, 0x0000000710200000|100%| O|  |TAMS 0x0000000710000000, 0x0000000710000000| Untracked 
| 129|0x0000000710200000, 0x0000000710400000, 0x0000000710400000|100%| O|  |TAMS 0x0000000710200000, 0x0000000710200000| Untracked 
| 130|0x0000000710400000, 0x0000000710600000, 0x0000000710600000|100%| O|  |TAMS 0x0000000710400000, 0x0000000710400000| Untracked 
| 131|0x0000000710600000, 0x0000000710800000, 0x0000000710800000|100%| O|  |TAMS 0x0000000710600000, 0x0000000710600000| Untracked 
| 132|0x0000000710800000, 0x0000000710a00000, 0x0000000710a00000|100%| O|  |TAMS 0x0000000710800000, 0x0000000710800000| Untracked 
| 133|0x0000000710a00000, 0x0000000710c00000, 0x0000000710c00000|100%| O|  |TAMS 0x0000000710a00000, 0x0000000710a00000| Untracked 
| 134|0x0000000710c00000, 0x0000000710e00000, 0x0000000710e00000|100%| O|  |TAMS 0x0000000710c00000, 0x0000000710c00000| Untracked 
| 135|0x0000000710e00000, 0x0000000711000000, 0x0000000711000000|100%| O|  |TAMS 0x0000000710e00000, 0x0000000710e00000| Untracked 
| 136|0x0000000711000000, 0x0000000711200000, 0x0000000711200000|100%| O|  |TAMS 0x0000000711000000, 0x0000000711000000| Untracked 
| 137|0x0000000711200000, 0x0000000711400000, 0x0000000711400000|100%| O|  |TAMS 0x0000000711200000, 0x0000000711200000| Untracked 
| 138|0x0000000711400000, 0x0000000711600000, 0x0000000711600000|100%| O|  |TAMS 0x0000000711400000, 0x0000000711400000| Untracked 
| 139|0x0000000711600000, 0x0000000711800000, 0x0000000711800000|100%| O|  |TAMS 0x0000000711600000, 0x0000000711600000| Untracked 
| 140|0x0000000711800000, 0x0000000711a00000, 0x0000000711a00000|100%| O|  |TAMS 0x0000000711800000, 0x0000000711800000| Untracked 
| 141|0x0000000711a00000, 0x0000000711c00000, 0x0000000711c00000|100%| O|  |TAMS 0x0000000711a00000, 0x0000000711a00000| Untracked 
| 142|0x0000000711c00000, 0x0000000711e00000, 0x0000000711e00000|100%| O|  |TAMS 0x0000000711c00000, 0x0000000711c00000| Untracked 
| 143|0x0000000711e00000, 0x0000000712000000, 0x0000000712000000|100%| O|  |TAMS 0x0000000711e00000, 0x0000000711e00000| Untracked 
| 144|0x0000000712000000, 0x0000000712200000, 0x0000000712200000|100%| O|  |TAMS 0x0000000712000000, 0x0000000712000000| Untracked 
| 145|0x0000000712200000, 0x0000000712400000, 0x0000000712400000|100%| O|  |TAMS 0x0000000712200000, 0x0000000712200000| Untracked 
| 146|0x0000000712400000, 0x0000000712600000, 0x0000000712600000|100%| O|  |TAMS 0x0000000712400000, 0x0000000712400000| Untracked 
| 147|0x0000000712600000, 0x0000000712800000, 0x0000000712800000|100%| O|  |TAMS 0x0000000712600000, 0x0000000712600000| Untracked 
| 148|0x0000000712800000, 0x0000000712a00000, 0x0000000712a00000|100%| O|  |TAMS 0x0000000712800000, 0x0000000712800000| Untracked 
| 149|0x0000000712a00000, 0x0000000712c00000, 0x0000000712c00000|100%| O|  |TAMS 0x0000000712a00000, 0x0000000712a00000| Untracked 
| 150|0x0000000712c00000, 0x0000000712e00000, 0x0000000712e00000|100%| O|  |TAMS 0x0000000712c00000, 0x0000000712c00000| Untracked 
| 151|0x0000000712e00000, 0x0000000713000000, 0x0000000713000000|100%| O|  |TAMS 0x0000000712e00000, 0x0000000712e00000| Untracked 
| 152|0x0000000713000000, 0x0000000713200000, 0x0000000713200000|100%| O|  |TAMS 0x0000000713000000, 0x0000000713000000| Untracked 
| 153|0x0000000713200000, 0x0000000713400000, 0x0000000713400000|100%| O|  |TAMS 0x0000000713200000, 0x0000000713200000| Untracked 
| 154|0x0000000713400000, 0x0000000713600000, 0x0000000713600000|100%| O|  |TAMS 0x0000000713400000, 0x0000000713400000| Untracked 
| 155|0x0000000713600000, 0x0000000713800000, 0x0000000713800000|100%| O|  |TAMS 0x0000000713600000, 0x0000000713600000| Untracked 
| 156|0x0000000713800000, 0x0000000713a00000, 0x0000000713a00000|100%| O|  |TAMS 0x0000000713800000, 0x0000000713800000| Untracked 
| 157|0x0000000713a00000, 0x0000000713c00000, 0x0000000713c00000|100%| O|  |TAMS 0x0000000713a00000, 0x0000000713a00000| Untracked 
| 158|0x0000000713c00000, 0x0000000713e00000, 0x0000000713e00000|100%| O|  |TAMS 0x0000000713c00000, 0x0000000713c00000| Untracked 
| 159|0x0000000713e00000, 0x0000000714000000, 0x0000000714000000|100%| O|  |TAMS 0x0000000713e00000, 0x0000000713e00000| Untracked 
| 160|0x0000000714000000, 0x0000000714200000, 0x0000000714200000|100%| O|  |TAMS 0x0000000714000000, 0x0000000714000000| Untracked 
| 161|0x0000000714200000, 0x0000000714400000, 0x0000000714400000|100%| O|  |TAMS 0x0000000714200000, 0x0000000714200000| Untracked 
| 162|0x0000000714400000, 0x0000000714600000, 0x0000000714600000|100%| O|  |TAMS 0x0000000714400000, 0x0000000714400000| Untracked 
| 163|0x0000000714600000, 0x0000000714800000, 0x0000000714800000|100%| O|  |TAMS 0x0000000714600000, 0x0000000714600000| Untracked 
| 164|0x0000000714800000, 0x0000000714a00000, 0x0000000714a00000|100%| O|  |TAMS 0x0000000714800000, 0x0000000714800000| Untracked 
| 165|0x0000000714a00000, 0x0000000714c00000, 0x0000000714c00000|100%| O|  |TAMS 0x0000000714a00000, 0x0000000714a00000| Untracked 
| 166|0x0000000714c00000, 0x0000000714e00000, 0x0000000714e00000|100%| O|  |TAMS 0x0000000714c00000, 0x0000000714c00000| Untracked 
| 167|0x0000000714e00000, 0x0000000715000000, 0x0000000715000000|100%| O|  |TAMS 0x0000000714e00000, 0x0000000714e00000| Untracked 
| 168|0x0000000715000000, 0x0000000715200000, 0x0000000715200000|100%| O|  |TAMS 0x0000000715000000, 0x0000000715000000| Untracked 
| 169|0x0000000715200000, 0x0000000715400000, 0x0000000715400000|100%| O|  |TAMS 0x0000000715200000, 0x0000000715200000| Untracked 
| 170|0x0000000715400000, 0x0000000715600000, 0x0000000715600000|100%| O|  |TAMS 0x0000000715400000, 0x0000000715400000| Untracked 
| 171|0x0000000715600000, 0x0000000715800000, 0x0000000715800000|100%| O|  |TAMS 0x0000000715600000, 0x0000000715600000| Untracked 
| 172|0x0000000715800000, 0x0000000715a00000, 0x0000000715a00000|100%| O|  |TAMS 0x0000000715800000, 0x0000000715800000| Untracked 
| 173|0x0000000715a00000, 0x0000000715c00000, 0x0000000715c00000|100%| O|  |TAMS 0x0000000715a00000, 0x0000000715a00000| Untracked 
| 174|0x0000000715c00000, 0x0000000715e00000, 0x0000000715e00000|100%| O|  |TAMS 0x0000000715c00000, 0x0000000715c00000| Untracked 
| 175|0x0000000715e00000, 0x0000000716000000, 0x0000000716000000|100%| O|  |TAMS 0x0000000715e00000, 0x0000000715e00000| Untracked 
| 176|0x0000000716000000, 0x0000000716200000, 0x0000000716200000|100%| O|  |TAMS 0x0000000716000000, 0x0000000716000000| Untracked 
| 177|0x0000000716200000, 0x0000000716400000, 0x0000000716400000|100%| O|  |TAMS 0x0000000716200000, 0x0000000716200000| Untracked 
| 178|0x0000000716400000, 0x0000000716600000, 0x0000000716600000|100%| O|  |TAMS 0x0000000716400000, 0x0000000716400000| Untracked 
| 179|0x0000000716600000, 0x0000000716800000, 0x0000000716800000|100%| O|  |TAMS 0x0000000716600000, 0x0000000716600000| Untracked 
| 180|0x0000000716800000, 0x0000000716a00000, 0x0000000716a00000|100%| O|  |TAMS 0x0000000716800000, 0x0000000716800000| Untracked 
| 181|0x0000000716a00000, 0x0000000716c00000, 0x0000000716c00000|100%| O|  |TAMS 0x0000000716a00000, 0x0000000716a00000| Untracked 
| 182|0x0000000716c00000, 0x0000000716e00000, 0x0000000716e00000|100%| O|  |TAMS 0x0000000716c00000, 0x0000000716c00000| Untracked 
| 183|0x0000000716e00000, 0x0000000717000000, 0x0000000717000000|100%| O|  |TAMS 0x0000000716e00000, 0x0000000716e00000| Untracked 
| 184|0x0000000717000000, 0x0000000717200000, 0x0000000717200000|100%| O|  |TAMS 0x0000000717000000, 0x0000000717000000| Untracked 
| 185|0x0000000717200000, 0x0000000717400000, 0x0000000717400000|100%| O|  |TAMS 0x0000000717200000, 0x0000000717200000| Untracked 
| 186|0x0000000717400000, 0x0000000717600000, 0x0000000717600000|100%| O|  |TAMS 0x0000000717400000, 0x0000000717400000| Untracked 
| 187|0x0000000717600000, 0x0000000717800000, 0x0000000717800000|100%| O|  |TAMS 0x0000000717600000, 0x0000000717600000| Untracked 
| 188|0x0000000717800000, 0x0000000717a00000, 0x0000000717a00000|100%| O|  |TAMS 0x0000000717800000, 0x0000000717800000| Untracked 
| 189|0x0000000717a00000, 0x0000000717c00000, 0x0000000717c00000|100%| O|  |TAMS 0x0000000717a00000, 0x0000000717a00000| Untracked 
| 190|0x0000000717c00000, 0x0000000717e00000, 0x0000000717e00000|100%| O|  |TAMS 0x0000000717c00000, 0x0000000717c00000| Untracked 
| 191|0x0000000717e00000, 0x0000000718000000, 0x0000000718000000|100%| O|  |TAMS 0x0000000717e00000, 0x0000000717e00000| Untracked 
| 192|0x0000000718000000, 0x0000000718200000, 0x0000000718200000|100%| O|  |TAMS 0x0000000718000000, 0x0000000718000000| Untracked 
| 193|0x0000000718200000, 0x0000000718400000, 0x0000000718400000|100%| O|  |TAMS 0x0000000718200000, 0x0000000718200000| Untracked 
| 194|0x0000000718400000, 0x0000000718600000, 0x0000000718600000|100%| O|  |TAMS 0x0000000718400000, 0x0000000718400000| Untracked 
| 195|0x0000000718600000, 0x0000000718800000, 0x0000000718800000|100%| O|  |TAMS 0x0000000718600000, 0x0000000718600000| Untracked 
| 196|0x0000000718800000, 0x0000000718a00000, 0x0000000718a00000|100%| O|  |TAMS 0x0000000718800000, 0x0000000718800000| Untracked 
| 197|0x0000000718a00000, 0x0000000718c00000, 0x0000000718c00000|100%| O|  |TAMS 0x0000000718a00000, 0x0000000718a00000| Untracked 
| 198|0x0000000718c00000, 0x0000000718e00000, 0x0000000718e00000|100%| O|  |TAMS 0x0000000718c00000, 0x0000000718c00000| Untracked 
| 199|0x0000000718e00000, 0x0000000719000000, 0x0000000719000000|100%| O|  |TAMS 0x0000000718e00000, 0x0000000718e00000| Untracked 
| 200|0x0000000719000000, 0x0000000719200000, 0x0000000719200000|100%| O|  |TAMS 0x0000000719000000, 0x0000000719000000| Untracked 
| 201|0x0000000719200000, 0x0000000719400000, 0x0000000719400000|100%| O|  |TAMS 0x0000000719200000, 0x0000000719200000| Untracked 
| 202|0x0000000719400000, 0x0000000719600000, 0x0000000719600000|100%| O|  |TAMS 0x0000000719400000, 0x0000000719400000| Untracked 
| 203|0x0000000719600000, 0x0000000719800000, 0x0000000719800000|100%| O|  |TAMS 0x0000000719600000, 0x0000000719600000| Untracked 
| 204|0x0000000719800000, 0x0000000719a00000, 0x0000000719a00000|100%| O|  |TAMS 0x0000000719800000, 0x0000000719800000| Untracked 
| 205|0x0000000719a00000, 0x0000000719c00000, 0x0000000719c00000|100%| O|  |TAMS 0x0000000719a00000, 0x0000000719a00000| Untracked 
| 206|0x0000000719c00000, 0x0000000719e00000, 0x0000000719e00000|100%| O|  |TAMS 0x0000000719c00000, 0x0000000719c00000| Untracked 
| 207|0x0000000719e00000, 0x000000071a000000, 0x000000071a000000|100%| O|  |TAMS 0x0000000719e00000, 0x0000000719e00000| Untracked 
| 208|0x000000071a000000, 0x000000071a200000, 0x000000071a200000|100%| O|  |TAMS 0x000000071a000000, 0x000000071a000000| Untracked 
| 209|0x000000071a200000, 0x000000071a400000, 0x000000071a400000|100%| O|  |TAMS 0x000000071a200000, 0x000000071a200000| Untracked 
| 210|0x000000071a400000, 0x000000071a600000, 0x000000071a600000|100%| O|  |TAMS 0x000000071a400000, 0x000000071a400000| Untracked 
| 211|0x000000071a600000, 0x000000071a800000, 0x000000071a800000|100%| O|  |TAMS 0x000000071a600000, 0x000000071a600000| Untracked 
| 212|0x000000071a800000, 0x000000071aa00000, 0x000000071aa00000|100%| O|  |TAMS 0x000000071a800000, 0x000000071a800000| Untracked 
| 213|0x000000071aa00000, 0x000000071ac00000, 0x000000071ac00000|100%| O|  |TAMS 0x000000071aa00000, 0x000000071aa00000| Untracked 
| 214|0x000000071ac00000, 0x000000071ae00000, 0x000000071ae00000|100%| O|  |TAMS 0x000000071ac00000, 0x000000071ac00000| Untracked 
| 215|0x000000071ae00000, 0x000000071b000000, 0x000000071b000000|100%| O|  |TAMS 0x000000071ae00000, 0x000000071ae00000| Untracked 
| 216|0x000000071b000000, 0x000000071b200000, 0x000000071b200000|100%| O|  |TAMS 0x000000071b000000, 0x000000071b000000| Untracked 
| 217|0x000000071b200000, 0x000000071b400000, 0x000000071b400000|100%| O|  |TAMS 0x000000071b200000, 0x000000071b200000| Untracked 
| 218|0x000000071b400000, 0x000000071b600000, 0x000000071b600000|100%| O|  |TAMS 0x000000071b400000, 0x000000071b400000| Untracked 
| 219|0x000000071b600000, 0x000000071b800000, 0x000000071b800000|100%| O|  |TAMS 0x000000071b600000, 0x000000071b600000| Untracked 
| 220|0x000000071b800000, 0x000000071ba00000, 0x000000071ba00000|100%| O|  |TAMS 0x000000071b800000, 0x000000071b800000| Untracked 
| 221|0x000000071ba00000, 0x000000071bb00000, 0x000000071bc00000| 50%| O|  |TAMS 0x000000071ba00000, 0x000000071ba00000| Untracked 
| 222|0x000000071bc00000, 0x000000071bc00000, 0x000000071be00000|  0%| F|  |TAMS 0x000000071bc00000, 0x000000071bc00000| Untracked 
| 223|0x000000071be00000, 0x000000071be00000, 0x000000071c000000|  0%| F|  |TAMS 0x000000071be00000, 0x000000071be00000| Untracked 
| 224|0x000000071c000000, 0x000000071c000000, 0x000000071c200000|  0%| F|  |TAMS 0x000000071c000000, 0x000000071c000000| Untracked 
| 225|0x000000071c200000, 0x000000071c200000, 0x000000071c400000|  0%| F|  |TAMS 0x000000071c200000, 0x000000071c200000| Untracked 
| 226|0x000000071c400000, 0x000000071c400000, 0x000000071c600000|  0%| F|  |TAMS 0x000000071c400000, 0x000000071c400000| Untracked 
| 227|0x000000071c600000, 0x000000071c600000, 0x000000071c800000|  0%| F|  |TAMS 0x000000071c600000, 0x000000071c600000| Untracked 
| 228|0x000000071c800000, 0x000000071c800000, 0x000000071ca00000|  0%| F|  |TAMS 0x000000071c800000, 0x000000071c800000| Untracked 
| 229|0x000000071ca00000, 0x000000071ca00000, 0x000000071cc00000|  0%| F|  |TAMS 0x000000071ca00000, 0x000000071ca00000| Untracked 
| 230|0x000000071cc00000, 0x000000071cc00000, 0x000000071ce00000|  0%| F|  |TAMS 0x000000071cc00000, 0x000000071cc00000| Untracked 
| 231|0x000000071ce00000, 0x000000071ce00000, 0x000000071d000000|  0%| F|  |TAMS 0x000000071ce00000, 0x000000071ce00000| Untracked 
| 232|0x000000071d000000, 0x000000071d000000, 0x000000071d200000|  0%| F|  |TAMS 0x000000071d000000, 0x000000071d000000| Untracked 
| 233|0x000000071d200000, 0x000000071d200000, 0x000000071d400000|  0%| F|  |TAMS 0x000000071d200000, 0x000000071d200000| Untracked 
| 234|0x000000071d400000, 0x000000071d400000, 0x000000071d600000|  0%| F|  |TAMS 0x000000071d400000, 0x000000071d400000| Untracked 
| 235|0x000000071d600000, 0x000000071d600000, 0x000000071d800000|  0%| F|  |TAMS 0x000000071d600000, 0x000000071d600000| Untracked 
| 236|0x000000071d800000, 0x000000071d800000, 0x000000071da00000|  0%| F|  |TAMS 0x000000071d800000, 0x000000071d800000| Untracked 
| 237|0x000000071da00000, 0x000000071da00000, 0x000000071dc00000|  0%| F|  |TAMS 0x000000071da00000, 0x000000071da00000| Untracked 
| 238|0x000000071dc00000, 0x000000071dc00000, 0x000000071de00000|  0%| F|  |TAMS 0x000000071dc00000, 0x000000071dc00000| Untracked 
| 239|0x000000071de00000, 0x000000071de00000, 0x000000071e000000|  0%| F|  |TAMS 0x000000071de00000, 0x000000071de00000| Untracked 
| 240|0x000000071e000000, 0x000000071e000000, 0x000000071e200000|  0%| F|  |TAMS 0x000000071e000000, 0x000000071e000000| Untracked 
| 241|0x000000071e200000, 0x000000071e200000, 0x000000071e400000|  0%| F|  |TAMS 0x000000071e200000, 0x000000071e200000| Untracked 
| 242|0x000000071e400000, 0x000000071e400000, 0x000000071e600000|  0%| F|  |TAMS 0x000000071e400000, 0x000000071e400000| Untracked 
| 243|0x000000071e600000, 0x000000071e600000, 0x000000071e800000|  0%| F|  |TAMS 0x000000071e600000, 0x000000071e600000| Untracked 
| 244|0x000000071e800000, 0x000000071e800000, 0x000000071ea00000|  0%| F|  |TAMS 0x000000071e800000, 0x000000071e800000| Untracked 
| 245|0x000000071ea00000, 0x000000071ea00000, 0x000000071ec00000|  0%| F|  |TAMS 0x000000071ea00000, 0x000000071ea00000| Untracked 
| 246|0x000000071ec00000, 0x000000071ec00000, 0x000000071ee00000|  0%| F|  |TAMS 0x000000071ec00000, 0x000000071ec00000| Untracked 
| 247|0x000000071ee00000, 0x000000071ee00000, 0x000000071f000000|  0%| F|  |TAMS 0x000000071ee00000, 0x000000071ee00000| Untracked 
| 248|0x000000071f000000, 0x000000071f000000, 0x000000071f200000|  0%| F|  |TAMS 0x000000071f000000, 0x000000071f000000| Untracked 
| 249|0x000000071f200000, 0x000000071f200000, 0x000000071f400000|  0%| F|  |TAMS 0x000000071f200000, 0x000000071f200000| Untracked 
| 250|0x000000071f400000, 0x000000071f400000, 0x000000071f600000|  0%| F|  |TAMS 0x000000071f400000, 0x000000071f400000| Untracked 
| 251|0x000000071f600000, 0x000000071f600000, 0x000000071f800000|  0%| F|  |TAMS 0x000000071f600000, 0x000000071f600000| Untracked 
| 252|0x000000071f800000, 0x000000071f800000, 0x000000071fa00000|  0%| F|  |TAMS 0x000000071f800000, 0x000000071f800000| Untracked 
| 253|0x000000071fa00000, 0x000000071fa00000, 0x000000071fc00000|  0%| F|  |TAMS 0x000000071fa00000, 0x000000071fa00000| Untracked 
| 254|0x000000071fc00000, 0x000000071fc00000, 0x000000071fe00000|  0%| F|  |TAMS 0x000000071fc00000, 0x000000071fc00000| Untracked 
| 255|0x000000071fe00000, 0x000000071fe00000, 0x0000000720000000|  0%| F|  |TAMS 0x000000071fe00000, 0x000000071fe00000| Untracked 
| 256|0x0000000720000000, 0x0000000720000000, 0x0000000720200000|  0%| F|  |TAMS 0x0000000720000000, 0x0000000720000000| Untracked 
| 257|0x0000000720200000, 0x0000000720200000, 0x0000000720400000|  0%| F|  |TAMS 0x0000000720200000, 0x0000000720200000| Untracked 
| 258|0x0000000720400000, 0x0000000720400000, 0x0000000720600000|  0%| F|  |TAMS 0x0000000720400000, 0x0000000720400000| Untracked 
| 259|0x0000000720600000, 0x0000000720600000, 0x0000000720800000|  0%| F|  |TAMS 0x0000000720600000, 0x0000000720600000| Untracked 
| 260|0x0000000720800000, 0x0000000720800000, 0x0000000720a00000|  0%| F|  |TAMS 0x0000000720800000, 0x0000000720800000| Untracked 
| 261|0x0000000720a00000, 0x0000000720a00000, 0x0000000720c00000|  0%| F|  |TAMS 0x0000000720a00000, 0x0000000720a00000| Untracked 
| 262|0x0000000720c00000, 0x0000000720c00000, 0x0000000720e00000|  0%| F|  |TAMS 0x0000000720c00000, 0x0000000720c00000| Untracked 
| 263|0x0000000720e00000, 0x0000000720e00000, 0x0000000721000000|  0%| F|  |TAMS 0x0000000720e00000, 0x0000000720e00000| Untracked 
| 264|0x0000000721000000, 0x0000000721000000, 0x0000000721200000|  0%| F|  |TAMS 0x0000000721000000, 0x0000000721000000| Untracked 
| 265|0x0000000721200000, 0x0000000721200000, 0x0000000721400000|  0%| F|  |TAMS 0x0000000721200000, 0x0000000721200000| Untracked 
| 266|0x0000000721400000, 0x0000000721400000, 0x0000000721600000|  0%| F|  |TAMS 0x0000000721400000, 0x0000000721400000| Untracked 
| 267|0x0000000721600000, 0x0000000721600000, 0x0000000721800000|  0%| F|  |TAMS 0x0000000721600000, 0x0000000721600000| Untracked 
| 268|0x0000000721800000, 0x0000000721800000, 0x0000000721a00000|  0%| F|  |TAMS 0x0000000721800000, 0x0000000721800000| Untracked 
| 269|0x0000000721a00000, 0x0000000721a00000, 0x0000000721c00000|  0%| F|  |TAMS 0x0000000721a00000, 0x0000000721a00000| Untracked 
| 270|0x0000000721c00000, 0x0000000721c00000, 0x0000000721e00000|  0%| F|  |TAMS 0x0000000721c00000, 0x0000000721c00000| Untracked 
| 271|0x0000000721e00000, 0x0000000721e00000, 0x0000000722000000|  0%| F|  |TAMS 0x0000000721e00000, 0x0000000721e00000| Untracked 
| 272|0x0000000722000000, 0x0000000722000000, 0x0000000722200000|  0%| F|  |TAMS 0x0000000722000000, 0x0000000722000000| Untracked 
| 273|0x0000000722200000, 0x0000000722200000, 0x0000000722400000|  0%| F|  |TAMS 0x0000000722200000, 0x0000000722200000| Untracked 
| 274|0x0000000722400000, 0x0000000722400000, 0x0000000722600000|  0%| F|  |TAMS 0x0000000722400000, 0x0000000722400000| Untracked 
| 275|0x0000000722600000, 0x0000000722600000, 0x0000000722800000|  0%| F|  |TAMS 0x0000000722600000, 0x0000000722600000| Untracked 
| 276|0x0000000722800000, 0x0000000722800000, 0x0000000722a00000|  0%| F|  |TAMS 0x0000000722800000, 0x0000000722800000| Untracked 
| 277|0x0000000722a00000, 0x0000000722a00000, 0x0000000722c00000|  0%| F|  |TAMS 0x0000000722a00000, 0x0000000722a00000| Untracked 
| 278|0x0000000722c00000, 0x0000000722c00000, 0x0000000722e00000|  0%| F|  |TAMS 0x0000000722c00000, 0x0000000722c00000| Untracked 
| 279|0x0000000722e00000, 0x0000000722e00000, 0x0000000723000000|  0%| F|  |TAMS 0x0000000722e00000, 0x0000000722e00000| Untracked 
| 280|0x0000000723000000, 0x0000000723000000, 0x0000000723200000|  0%| F|  |TAMS 0x0000000723000000, 0x0000000723000000| Untracked 
| 281|0x0000000723200000, 0x0000000723200000, 0x0000000723400000|  0%| F|  |TAMS 0x0000000723200000, 0x0000000723200000| Untracked 
| 282|0x0000000723400000, 0x0000000723400000, 0x0000000723600000|  0%| F|  |TAMS 0x0000000723400000, 0x0000000723400000| Untracked 
| 283|0x0000000723600000, 0x0000000723600000, 0x0000000723800000|  0%| F|  |TAMS 0x0000000723600000, 0x0000000723600000| Untracked 
| 284|0x0000000723800000, 0x0000000723800000, 0x0000000723a00000|  0%| F|  |TAMS 0x0000000723800000, 0x0000000723800000| Untracked 
| 285|0x0000000723a00000, 0x0000000723a00000, 0x0000000723c00000|  0%| F|  |TAMS 0x0000000723a00000, 0x0000000723a00000| Untracked 
| 286|0x0000000723c00000, 0x0000000723c00000, 0x0000000723e00000|  0%| F|  |TAMS 0x0000000723c00000, 0x0000000723c00000| Untracked 
| 287|0x0000000723e00000, 0x0000000723e00000, 0x0000000724000000|  0%| F|  |TAMS 0x0000000723e00000, 0x0000000723e00000| Untracked 
| 288|0x0000000724000000, 0x0000000724000000, 0x0000000724200000|  0%| F|  |TAMS 0x0000000724000000, 0x0000000724000000| Untracked 
| 289|0x0000000724200000, 0x0000000724200000, 0x0000000724400000|  0%| F|  |TAMS 0x0000000724200000, 0x0000000724200000| Untracked 
| 290|0x0000000724400000, 0x0000000724400000, 0x0000000724600000|  0%| F|  |TAMS 0x0000000724400000, 0x0000000724400000| Untracked 
| 291|0x0000000724600000, 0x0000000724600000, 0x0000000724800000|  0%| F|  |TAMS 0x0000000724600000, 0x0000000724600000| Untracked 
| 292|0x0000000724800000, 0x0000000724800000, 0x0000000724a00000|  0%| F|  |TAMS 0x0000000724800000, 0x0000000724800000| Untracked 
| 293|0x0000000724a00000, 0x0000000724a00000, 0x0000000724c00000|  0%| F|  |TAMS 0x0000000724a00000, 0x0000000724a00000| Untracked 
| 294|0x0000000724c00000, 0x0000000724c00000, 0x0000000724e00000|  0%| F|  |TAMS 0x0000000724c00000, 0x0000000724c00000| Untracked 
| 295|0x0000000724e00000, 0x0000000724e00000, 0x0000000725000000|  0%| F|  |TAMS 0x0000000724e00000, 0x0000000724e00000| Untracked 
| 296|0x0000000725000000, 0x0000000725000000, 0x0000000725200000|  0%| F|  |TAMS 0x0000000725000000, 0x0000000725000000| Untracked 
| 297|0x0000000725200000, 0x0000000725200000, 0x0000000725400000|  0%| F|  |TAMS 0x0000000725200000, 0x0000000725200000| Untracked 
| 298|0x0000000725400000, 0x0000000725400000, 0x0000000725600000|  0%| F|  |TAMS 0x0000000725400000, 0x0000000725400000| Untracked 
| 299|0x0000000725600000, 0x0000000725600000, 0x0000000725800000|  0%| F|  |TAMS 0x0000000725600000, 0x0000000725600000| Untracked 
| 300|0x0000000725800000, 0x0000000725800000, 0x0000000725a00000|  0%| F|  |TAMS 0x0000000725800000, 0x0000000725800000| Untracked 
| 301|0x0000000725a00000, 0x0000000725a00000, 0x0000000725c00000|  0%| F|  |TAMS 0x0000000725a00000, 0x0000000725a00000| Untracked 
| 302|0x0000000725c00000, 0x0000000725c00000, 0x0000000725e00000|  0%| F|  |TAMS 0x0000000725c00000, 0x0000000725c00000| Untracked 
| 303|0x0000000725e00000, 0x0000000725e00000, 0x0000000726000000|  0%| F|  |TAMS 0x0000000725e00000, 0x0000000725e00000| Untracked 
| 304|0x0000000726000000, 0x0000000726000000, 0x0000000726200000|  0%| F|  |TAMS 0x0000000726000000, 0x0000000726000000| Untracked 
| 305|0x0000000726200000, 0x0000000726200000, 0x0000000726400000|  0%| F|  |TAMS 0x0000000726200000, 0x0000000726200000| Untracked 
| 306|0x0000000726400000, 0x0000000726400000, 0x0000000726600000|  0%| F|  |TAMS 0x0000000726400000, 0x0000000726400000| Untracked 
| 307|0x0000000726600000, 0x0000000726600000, 0x0000000726800000|  0%| F|  |TAMS 0x0000000726600000, 0x0000000726600000| Untracked 
| 308|0x0000000726800000, 0x0000000726800000, 0x0000000726a00000|  0%| F|  |TAMS 0x0000000726800000, 0x0000000726800000| Untracked 
| 309|0x0000000726a00000, 0x0000000726c00000, 0x0000000726c00000|100%| S|CS|TAMS 0x0000000726a00000, 0x0000000726a00000| Complete 
| 310|0x0000000726c00000, 0x0000000726e00000, 0x0000000726e00000|100%| S|CS|TAMS 0x0000000726c00000, 0x0000000726c00000| Complete 
| 311|0x0000000726e00000, 0x0000000726e00000, 0x0000000727000000|  0%| F|  |TAMS 0x0000000726e00000, 0x0000000726e00000| Untracked 
| 312|0x0000000727000000, 0x0000000727000000, 0x0000000727200000|  0%| F|  |TAMS 0x0000000727000000, 0x0000000727000000| Untracked 
| 313|0x0000000727200000, 0x0000000727200000, 0x0000000727400000|  0%| F|  |TAMS 0x0000000727200000, 0x0000000727200000| Untracked 
| 314|0x0000000727400000, 0x0000000727400000, 0x0000000727600000|  0%| F|  |TAMS 0x0000000727400000, 0x0000000727400000| Untracked 
| 315|0x0000000727600000, 0x0000000727600000, 0x0000000727800000|  0%| F|  |TAMS 0x0000000727600000, 0x0000000727600000| Untracked 
| 316|0x0000000727800000, 0x0000000727800000, 0x0000000727a00000|  0%| F|  |TAMS 0x0000000727800000, 0x0000000727800000| Untracked 
| 317|0x0000000727a00000, 0x0000000727a00000, 0x0000000727c00000|  0%| F|  |TAMS 0x0000000727a00000, 0x0000000727a00000| Untracked 
| 318|0x0000000727c00000, 0x0000000727c00000, 0x0000000727e00000|  0%| F|  |TAMS 0x0000000727c00000, 0x0000000727c00000| Untracked 
| 319|0x0000000727e00000, 0x0000000727e00000, 0x0000000728000000|  0%| F|  |TAMS 0x0000000727e00000, 0x0000000727e00000| Untracked 
| 320|0x0000000728000000, 0x0000000728000000, 0x0000000728200000|  0%| F|  |TAMS 0x0000000728000000, 0x0000000728000000| Untracked 
| 321|0x0000000728200000, 0x0000000728200000, 0x0000000728400000|  0%| F|  |TAMS 0x0000000728200000, 0x0000000728200000| Untracked 
| 322|0x0000000728400000, 0x0000000728400000, 0x0000000728600000|  0%| F|  |TAMS 0x0000000728400000, 0x0000000728400000| Untracked 
| 323|0x0000000728600000, 0x0000000728600000, 0x0000000728800000|  0%| F|  |TAMS 0x0000000728600000, 0x0000000728600000| Untracked 
| 324|0x0000000728800000, 0x0000000728800000, 0x0000000728a00000|  0%| F|  |TAMS 0x0000000728800000, 0x0000000728800000| Untracked 
| 325|0x0000000728a00000, 0x0000000728a00000, 0x0000000728c00000|  0%| F|  |TAMS 0x0000000728a00000, 0x0000000728a00000| Untracked 
| 326|0x0000000728c00000, 0x0000000728c00000, 0x0000000728e00000|  0%| F|  |TAMS 0x0000000728c00000, 0x0000000728c00000| Untracked 
| 327|0x0000000728e00000, 0x0000000728e00000, 0x0000000729000000|  0%| F|  |TAMS 0x0000000728e00000, 0x0000000728e00000| Untracked 
| 328|0x0000000729000000, 0x0000000729000000, 0x0000000729200000|  0%| F|  |TAMS 0x0000000729000000, 0x0000000729000000| Untracked 
| 329|0x0000000729200000, 0x0000000729200000, 0x0000000729400000|  0%| F|  |TAMS 0x0000000729200000, 0x0000000729200000| Untracked 
| 330|0x0000000729400000, 0x0000000729400000, 0x0000000729600000|  0%| F|  |TAMS 0x0000000729400000, 0x0000000729400000| Untracked 
| 331|0x0000000729600000, 0x0000000729600000, 0x0000000729800000|  0%| F|  |TAMS 0x0000000729600000, 0x0000000729600000| Untracked 
| 332|0x0000000729800000, 0x0000000729800000, 0x0000000729a00000|  0%| F|  |TAMS 0x0000000729800000, 0x0000000729800000| Untracked 
| 333|0x0000000729a00000, 0x0000000729a00000, 0x0000000729c00000|  0%| F|  |TAMS 0x0000000729a00000, 0x0000000729a00000| Untracked 
| 334|0x0000000729c00000, 0x0000000729e00000, 0x0000000729e00000|100%| S|CS|TAMS 0x0000000729c00000, 0x0000000729c00000| Complete 
| 335|0x0000000729e00000, 0x000000072a000000, 0x000000072a000000|100%| S|CS|TAMS 0x0000000729e00000, 0x0000000729e00000| Complete 
| 336|0x000000072a000000, 0x000000072a200000, 0x000000072a200000|100%| S|CS|TAMS 0x000000072a000000, 0x000000072a000000| Complete 
| 337|0x000000072a200000, 0x000000072a400000, 0x000000072a400000|100%| S|CS|TAMS 0x000000072a200000, 0x000000072a200000| Complete 
| 338|0x000000072a400000, 0x000000072a600000, 0x000000072a600000|100%| S|CS|TAMS 0x000000072a400000, 0x000000072a400000| Complete 
| 339|0x000000072a600000, 0x000000072a800000, 0x000000072a800000|100%| S|CS|TAMS 0x000000072a600000, 0x000000072a600000| Complete 
| 340|0x000000072a800000, 0x000000072aa00000, 0x000000072aa00000|100%| S|CS|TAMS 0x000000072a800000, 0x000000072a800000| Complete 
| 341|0x000000072aa00000, 0x000000072ac00000, 0x000000072ac00000|100%| S|CS|TAMS 0x000000072aa00000, 0x000000072aa00000| Complete 
| 342|0x000000072ac00000, 0x000000072ae00000, 0x000000072ae00000|100%| S|CS|TAMS 0x000000072ac00000, 0x000000072ac00000| Complete 
| 343|0x000000072ae00000, 0x000000072b000000, 0x000000072b000000|100%| S|CS|TAMS 0x000000072ae00000, 0x000000072ae00000| Complete 
| 344|0x000000072b000000, 0x000000072b200000, 0x000000072b200000|100%| S|CS|TAMS 0x000000072b000000, 0x000000072b000000| Complete 
| 345|0x000000072b200000, 0x000000072b400000, 0x000000072b400000|100%| S|CS|TAMS 0x000000072b200000, 0x000000072b200000| Complete 
| 346|0x000000072b400000, 0x000000072b600000, 0x000000072b600000|100%| S|CS|TAMS 0x000000072b400000, 0x000000072b400000| Complete 
| 347|0x000000072b600000, 0x000000072b800000, 0x000000072b800000|100%| S|CS|TAMS 0x000000072b600000, 0x000000072b600000| Complete 
| 348|0x000000072b800000, 0x000000072ba00000, 0x000000072ba00000|100%| S|CS|TAMS 0x000000072b800000, 0x000000072b800000| Complete 
| 349|0x000000072ba00000, 0x000000072bc00000, 0x000000072bc00000|100%| S|CS|TAMS 0x000000072ba00000, 0x000000072ba00000| Complete 
| 350|0x000000072bc00000, 0x000000072be00000, 0x000000072be00000|100%| S|CS|TAMS 0x000000072bc00000, 0x000000072bc00000| Complete 
| 351|0x000000072be00000, 0x000000072c000000, 0x000000072c000000|100%| S|CS|TAMS 0x000000072be00000, 0x000000072be00000| Complete 
| 352|0x000000072c000000, 0x000000072c000000, 0x000000072c200000|  0%| F|  |TAMS 0x000000072c000000, 0x000000072c000000| Untracked 
| 353|0x000000072c200000, 0x000000072c200000, 0x000000072c400000|  0%| F|  |TAMS 0x000000072c200000, 0x000000072c200000| Untracked 
| 354|0x000000072c400000, 0x000000072c400000, 0x000000072c600000|  0%| F|  |TAMS 0x000000072c400000, 0x000000072c400000| Untracked 
| 355|0x000000072c600000, 0x000000072c600000, 0x000000072c800000|  0%| F|  |TAMS 0x000000072c600000, 0x000000072c600000| Untracked 
| 356|0x000000072c800000, 0x000000072c800000, 0x000000072ca00000|  0%| F|  |TAMS 0x000000072c800000, 0x000000072c800000| Untracked 
| 357|0x000000072ca00000, 0x000000072ca00000, 0x000000072cc00000|  0%| F|  |TAMS 0x000000072ca00000, 0x000000072ca00000| Untracked 
| 358|0x000000072cc00000, 0x000000072cc00000, 0x000000072ce00000|  0%| F|  |TAMS 0x000000072cc00000, 0x000000072cc00000| Untracked 
| 359|0x000000072ce00000, 0x000000072ce00000, 0x000000072d000000|  0%| F|  |TAMS 0x000000072ce00000, 0x000000072ce00000| Untracked 
| 360|0x000000072d000000, 0x000000072d000000, 0x000000072d200000|  0%| F|  |TAMS 0x000000072d000000, 0x000000072d000000| Untracked 
| 361|0x000000072d200000, 0x000000072d200000, 0x000000072d400000|  0%| F|  |TAMS 0x000000072d200000, 0x000000072d200000| Untracked 
| 362|0x000000072d400000, 0x000000072d400000, 0x000000072d600000|  0%| F|  |TAMS 0x000000072d400000, 0x000000072d400000| Untracked 
| 363|0x000000072d600000, 0x000000072d600000, 0x000000072d800000|  0%| F|  |TAMS 0x000000072d600000, 0x000000072d600000| Untracked 
| 364|0x000000072d800000, 0x000000072d800000, 0x000000072da00000|  0%| F|  |TAMS 0x000000072d800000, 0x000000072d800000| Untracked 
| 365|0x000000072da00000, 0x000000072da00000, 0x000000072dc00000|  0%| F|  |TAMS 0x000000072da00000, 0x000000072da00000| Untracked 
| 366|0x000000072dc00000, 0x000000072dc00000, 0x000000072de00000|  0%| F|  |TAMS 0x000000072dc00000, 0x000000072dc00000| Untracked 
| 367|0x000000072de00000, 0x000000072de00000, 0x000000072e000000|  0%| F|  |TAMS 0x000000072de00000, 0x000000072de00000| Untracked 
| 368|0x000000072e000000, 0x000000072e000000, 0x000000072e200000|  0%| F|  |TAMS 0x000000072e000000, 0x000000072e000000| Untracked 
| 369|0x000000072e200000, 0x000000072e200000, 0x000000072e400000|  0%| F|  |TAMS 0x000000072e200000, 0x000000072e200000| Untracked 
| 370|0x000000072e400000, 0x000000072e400000, 0x000000072e600000|  0%| F|  |TAMS 0x000000072e400000, 0x000000072e400000| Untracked 
| 371|0x000000072e600000, 0x000000072e600000, 0x000000072e800000|  0%| F|  |TAMS 0x000000072e600000, 0x000000072e600000| Untracked 
| 372|0x000000072e800000, 0x000000072e800000, 0x000000072ea00000|  0%| F|  |TAMS 0x000000072e800000, 0x000000072e800000| Untracked 
| 373|0x000000072ea00000, 0x000000072ea00000, 0x000000072ec00000|  0%| F|  |TAMS 0x000000072ea00000, 0x000000072ea00000| Untracked 
| 374|0x000000072ec00000, 0x000000072ec00000, 0x000000072ee00000|  0%| F|  |TAMS 0x000000072ec00000, 0x000000072ec00000| Untracked 
| 375|0x000000072ee00000, 0x000000072ee00000, 0x000000072f000000|  0%| F|  |TAMS 0x000000072ee00000, 0x000000072ee00000| Untracked 
| 376|0x000000072f000000, 0x000000072f000000, 0x000000072f200000|  0%| F|  |TAMS 0x000000072f000000, 0x000000072f000000| Untracked 
| 377|0x000000072f200000, 0x000000072f200000, 0x000000072f400000|  0%| F|  |TAMS 0x000000072f200000, 0x000000072f200000| Untracked 
| 378|0x000000072f400000, 0x000000072f400000, 0x000000072f600000|  0%| F|  |TAMS 0x000000072f400000, 0x000000072f400000| Untracked 
| 379|0x000000072f600000, 0x000000072f600000, 0x000000072f800000|  0%| F|  |TAMS 0x000000072f600000, 0x000000072f600000| Untracked 
| 380|0x000000072f800000, 0x000000072f800000, 0x000000072fa00000|  0%| F|  |TAMS 0x000000072f800000, 0x000000072f800000| Untracked 
| 381|0x000000072fa00000, 0x000000072fa00000, 0x000000072fc00000|  0%| F|  |TAMS 0x000000072fa00000, 0x000000072fa00000| Untracked 
| 382|0x000000072fc00000, 0x000000072fc00000, 0x000000072fe00000|  0%| F|  |TAMS 0x000000072fc00000, 0x000000072fc00000| Untracked 
| 383|0x000000072fe00000, 0x000000072fe00000, 0x0000000730000000|  0%| F|  |TAMS 0x000000072fe00000, 0x000000072fe00000| Untracked 
| 384|0x0000000730000000, 0x0000000730000000, 0x0000000730200000|  0%| F|  |TAMS 0x0000000730000000, 0x0000000730000000| Untracked 
| 385|0x0000000730200000, 0x0000000730200000, 0x0000000730400000|  0%| F|  |TAMS 0x0000000730200000, 0x0000000730200000| Untracked 
| 386|0x0000000730400000, 0x0000000730400000, 0x0000000730600000|  0%| F|  |TAMS 0x0000000730400000, 0x0000000730400000| Untracked 
| 387|0x0000000730600000, 0x0000000730600000, 0x0000000730800000|  0%| F|  |TAMS 0x0000000730600000, 0x0000000730600000| Untracked 
| 388|0x0000000730800000, 0x0000000730800000, 0x0000000730a00000|  0%| F|  |TAMS 0x0000000730800000, 0x0000000730800000| Untracked 
| 389|0x0000000730a00000, 0x0000000730a00000, 0x0000000730c00000|  0%| F|  |TAMS 0x0000000730a00000, 0x0000000730a00000| Untracked 
| 390|0x0000000730c00000, 0x0000000730c00000, 0x0000000730e00000|  0%| F|  |TAMS 0x0000000730c00000, 0x0000000730c00000| Untracked 
| 391|0x0000000730e00000, 0x0000000730e00000, 0x0000000731000000|  0%| F|  |TAMS 0x0000000730e00000, 0x0000000730e00000| Untracked 
| 392|0x0000000731000000, 0x0000000731000000, 0x0000000731200000|  0%| F|  |TAMS 0x0000000731000000, 0x0000000731000000| Untracked 
| 393|0x0000000731200000, 0x0000000731200000, 0x0000000731400000|  0%| F|  |TAMS 0x0000000731200000, 0x0000000731200000| Untracked 
| 394|0x0000000731400000, 0x0000000731400000, 0x0000000731600000|  0%| F|  |TAMS 0x0000000731400000, 0x0000000731400000| Untracked 
| 395|0x0000000731600000, 0x0000000731600000, 0x0000000731800000|  0%| F|  |TAMS 0x0000000731600000, 0x0000000731600000| Untracked 
| 396|0x0000000731800000, 0x0000000731800000, 0x0000000731a00000|  0%| F|  |TAMS 0x0000000731800000, 0x0000000731800000| Untracked 
| 397|0x0000000731a00000, 0x0000000731a00000, 0x0000000731c00000|  0%| F|  |TAMS 0x0000000731a00000, 0x0000000731a00000| Untracked 
| 398|0x0000000731c00000, 0x0000000731c00000, 0x0000000731e00000|  0%| F|  |TAMS 0x0000000731c00000, 0x0000000731c00000| Untracked 
| 399|0x0000000731e00000, 0x0000000731e00000, 0x0000000732000000|  0%| F|  |TAMS 0x0000000731e00000, 0x0000000731e00000| Untracked 
| 400|0x0000000732000000, 0x0000000732000000, 0x0000000732200000|  0%| F|  |TAMS 0x0000000732000000, 0x0000000732000000| Untracked 
| 401|0x0000000732200000, 0x0000000732200000, 0x0000000732400000|  0%| F|  |TAMS 0x0000000732200000, 0x0000000732200000| Untracked 
| 402|0x0000000732400000, 0x0000000732400000, 0x0000000732600000|  0%| F|  |TAMS 0x0000000732400000, 0x0000000732400000| Untracked 
| 403|0x0000000732600000, 0x0000000732600000, 0x0000000732800000|  0%| F|  |TAMS 0x0000000732600000, 0x0000000732600000| Untracked 
| 404|0x0000000732800000, 0x0000000732800000, 0x0000000732a00000|  0%| F|  |TAMS 0x0000000732800000, 0x0000000732800000| Untracked 
| 405|0x0000000732a00000, 0x0000000732a00000, 0x0000000732c00000|  0%| F|  |TAMS 0x0000000732a00000, 0x0000000732a00000| Untracked 
| 406|0x0000000732c00000, 0x0000000732c00000, 0x0000000732e00000|  0%| F|  |TAMS 0x0000000732c00000, 0x0000000732c00000| Untracked 
| 407|0x0000000732e00000, 0x0000000732e00000, 0x0000000733000000|  0%| F|  |TAMS 0x0000000732e00000, 0x0000000732e00000| Untracked 
| 408|0x0000000733000000, 0x0000000733000000, 0x0000000733200000|  0%| F|  |TAMS 0x0000000733000000, 0x0000000733000000| Untracked 
| 409|0x0000000733200000, 0x0000000733200000, 0x0000000733400000|  0%| F|  |TAMS 0x0000000733200000, 0x0000000733200000| Untracked 
| 410|0x0000000733400000, 0x0000000733400000, 0x0000000733600000|  0%| F|  |TAMS 0x0000000733400000, 0x0000000733400000| Untracked 
| 411|0x0000000733600000, 0x0000000733600000, 0x0000000733800000|  0%| F|  |TAMS 0x0000000733600000, 0x0000000733600000| Untracked 
| 412|0x0000000733800000, 0x0000000733800000, 0x0000000733a00000|  0%| F|  |TAMS 0x0000000733800000, 0x0000000733800000| Untracked 
| 413|0x0000000733a00000, 0x0000000733a00000, 0x0000000733c00000|  0%| F|  |TAMS 0x0000000733a00000, 0x0000000733a00000| Untracked 
| 414|0x0000000733c00000, 0x0000000733c00000, 0x0000000733e00000|  0%| F|  |TAMS 0x0000000733c00000, 0x0000000733c00000| Untracked 
| 415|0x0000000733e00000, 0x0000000733e00000, 0x0000000734000000|  0%| F|  |TAMS 0x0000000733e00000, 0x0000000733e00000| Untracked 
| 416|0x0000000734000000, 0x0000000734000000, 0x0000000734200000|  0%| F|  |TAMS 0x0000000734000000, 0x0000000734000000| Untracked 
| 417|0x0000000734200000, 0x0000000734200000, 0x0000000734400000|  0%| F|  |TAMS 0x0000000734200000, 0x0000000734200000| Untracked 
| 418|0x0000000734400000, 0x0000000734400000, 0x0000000734600000|  0%| F|  |TAMS 0x0000000734400000, 0x0000000734400000| Untracked 
| 419|0x0000000734600000, 0x0000000734600000, 0x0000000734800000|  0%| F|  |TAMS 0x0000000734600000, 0x0000000734600000| Untracked 
| 420|0x0000000734800000, 0x0000000734800000, 0x0000000734a00000|  0%| F|  |TAMS 0x0000000734800000, 0x0000000734800000| Untracked 
| 421|0x0000000734a00000, 0x0000000734a00000, 0x0000000734c00000|  0%| F|  |TAMS 0x0000000734a00000, 0x0000000734a00000| Untracked 
| 422|0x0000000734c00000, 0x0000000734c00000, 0x0000000734e00000|  0%| F|  |TAMS 0x0000000734c00000, 0x0000000734c00000| Untracked 
| 423|0x0000000734e00000, 0x0000000734e00000, 0x0000000735000000|  0%| F|  |TAMS 0x0000000734e00000, 0x0000000734e00000| Untracked 
| 424|0x0000000735000000, 0x0000000735000000, 0x0000000735200000|  0%| F|  |TAMS 0x0000000735000000, 0x0000000735000000| Untracked 
| 425|0x0000000735200000, 0x0000000735200000, 0x0000000735400000|  0%| F|  |TAMS 0x0000000735200000, 0x0000000735200000| Untracked 
| 426|0x0000000735400000, 0x0000000735400000, 0x0000000735600000|  0%| F|  |TAMS 0x0000000735400000, 0x0000000735400000| Untracked 
| 427|0x0000000735600000, 0x0000000735600000, 0x0000000735800000|  0%| F|  |TAMS 0x0000000735600000, 0x0000000735600000| Untracked 
| 428|0x0000000735800000, 0x0000000735800000, 0x0000000735a00000|  0%| F|  |TAMS 0x0000000735800000, 0x0000000735800000| Untracked 
| 429|0x0000000735a00000, 0x0000000735a00000, 0x0000000735c00000|  0%| F|  |TAMS 0x0000000735a00000, 0x0000000735a00000| Untracked 
| 430|0x0000000735c00000, 0x0000000735c00000, 0x0000000735e00000|  0%| F|  |TAMS 0x0000000735c00000, 0x0000000735c00000| Untracked 
| 431|0x0000000735e00000, 0x0000000735e00000, 0x0000000736000000|  0%| F|  |TAMS 0x0000000735e00000, 0x0000000735e00000| Untracked 
| 432|0x0000000736000000, 0x0000000736000000, 0x0000000736200000|  0%| F|  |TAMS 0x0000000736000000, 0x0000000736000000| Untracked 
| 433|0x0000000736200000, 0x0000000736200000, 0x0000000736400000|  0%| F|  |TAMS 0x0000000736200000, 0x0000000736200000| Untracked 
| 434|0x0000000736400000, 0x0000000736400000, 0x0000000736600000|  0%| F|  |TAMS 0x0000000736400000, 0x0000000736400000| Untracked 
| 435|0x0000000736600000, 0x0000000736600000, 0x0000000736800000|  0%| F|  |TAMS 0x0000000736600000, 0x0000000736600000| Untracked 
| 436|0x0000000736800000, 0x0000000736800000, 0x0000000736a00000|  0%| F|  |TAMS 0x0000000736800000, 0x0000000736800000| Untracked 
| 437|0x0000000736a00000, 0x0000000736a00000, 0x0000000736c00000|  0%| F|  |TAMS 0x0000000736a00000, 0x0000000736a00000| Untracked 
| 438|0x0000000736c00000, 0x0000000736c00000, 0x0000000736e00000|  0%| F|  |TAMS 0x0000000736c00000, 0x0000000736c00000| Untracked 
| 439|0x0000000736e00000, 0x0000000736e00000, 0x0000000737000000|  0%| F|  |TAMS 0x0000000736e00000, 0x0000000736e00000| Untracked 
| 440|0x0000000737000000, 0x0000000737000000, 0x0000000737200000|  0%| F|  |TAMS 0x0000000737000000, 0x0000000737000000| Untracked 
| 441|0x0000000737200000, 0x0000000737200000, 0x0000000737400000|  0%| F|  |TAMS 0x0000000737200000, 0x0000000737200000| Untracked 
| 442|0x0000000737400000, 0x0000000737400000, 0x0000000737600000|  0%| F|  |TAMS 0x0000000737400000, 0x0000000737400000| Untracked 
| 443|0x0000000737600000, 0x0000000737600000, 0x0000000737800000|  0%| F|  |TAMS 0x0000000737600000, 0x0000000737600000| Untracked 
| 444|0x0000000737800000, 0x0000000737800000, 0x0000000737a00000|  0%| F|  |TAMS 0x0000000737800000, 0x0000000737800000| Untracked 
| 445|0x0000000737a00000, 0x0000000737a00000, 0x0000000737c00000|  0%| F|  |TAMS 0x0000000737a00000, 0x0000000737a00000| Untracked 
| 446|0x0000000737c00000, 0x0000000737c00000, 0x0000000737e00000|  0%| F|  |TAMS 0x0000000737c00000, 0x0000000737c00000| Untracked 
| 447|0x0000000737e00000, 0x0000000737e00000, 0x0000000738000000|  0%| F|  |TAMS 0x0000000737e00000, 0x0000000737e00000| Untracked 
| 448|0x0000000738000000, 0x0000000738000000, 0x0000000738200000|  0%| F|  |TAMS 0x0000000738000000, 0x0000000738000000| Untracked 
| 449|0x0000000738200000, 0x0000000738200000, 0x0000000738400000|  0%| F|  |TAMS 0x0000000738200000, 0x0000000738200000| Untracked 
| 450|0x0000000738400000, 0x0000000738400000, 0x0000000738600000|  0%| F|  |TAMS 0x0000000738400000, 0x0000000738400000| Untracked 
| 451|0x0000000738600000, 0x0000000738600000, 0x0000000738800000|  0%| F|  |TAMS 0x0000000738600000, 0x0000000738600000| Untracked 
| 452|0x0000000738800000, 0x0000000738800000, 0x0000000738a00000|  0%| F|  |TAMS 0x0000000738800000, 0x0000000738800000| Untracked 
| 453|0x0000000738a00000, 0x0000000738a00000, 0x0000000738c00000|  0%| F|  |TAMS 0x0000000738a00000, 0x0000000738a00000| Untracked 
| 454|0x0000000738c00000, 0x0000000738c00000, 0x0000000738e00000|  0%| F|  |TAMS 0x0000000738c00000, 0x0000000738c00000| Untracked 
| 455|0x0000000738e00000, 0x0000000738e00000, 0x0000000739000000|  0%| F|  |TAMS 0x0000000738e00000, 0x0000000738e00000| Untracked 
| 456|0x0000000739000000, 0x0000000739000000, 0x0000000739200000|  0%| F|  |TAMS 0x0000000739000000, 0x0000000739000000| Untracked 
| 457|0x0000000739200000, 0x0000000739200000, 0x0000000739400000|  0%| F|  |TAMS 0x0000000739200000, 0x0000000739200000| Untracked 
| 458|0x0000000739400000, 0x0000000739400000, 0x0000000739600000|  0%| F|  |TAMS 0x0000000739400000, 0x0000000739400000| Untracked 
| 459|0x0000000739600000, 0x0000000739600000, 0x0000000739800000|  0%| F|  |TAMS 0x0000000739600000, 0x0000000739600000| Untracked 
| 460|0x0000000739800000, 0x0000000739800000, 0x0000000739a00000|  0%| F|  |TAMS 0x0000000739800000, 0x0000000739800000| Untracked 
| 461|0x0000000739a00000, 0x0000000739a00000, 0x0000000739c00000|  0%| F|  |TAMS 0x0000000739a00000, 0x0000000739a00000| Untracked 
| 462|0x0000000739c00000, 0x0000000739c00000, 0x0000000739e00000|  0%| F|  |TAMS 0x0000000739c00000, 0x0000000739c00000| Untracked 
| 463|0x0000000739e00000, 0x0000000739e00000, 0x000000073a000000|  0%| F|  |TAMS 0x0000000739e00000, 0x0000000739e00000| Untracked 
| 464|0x000000073a000000, 0x000000073a000000, 0x000000073a200000|  0%| F|  |TAMS 0x000000073a000000, 0x000000073a000000| Untracked 
| 465|0x000000073a200000, 0x000000073a200000, 0x000000073a400000|  0%| F|  |TAMS 0x000000073a200000, 0x000000073a200000| Untracked 
| 466|0x000000073a400000, 0x000000073a400000, 0x000000073a600000|  0%| F|  |TAMS 0x000000073a400000, 0x000000073a400000| Untracked 
| 467|0x000000073a600000, 0x000000073a600000, 0x000000073a800000|  0%| F|  |TAMS 0x000000073a600000, 0x000000073a600000| Untracked 
| 468|0x000000073a800000, 0x000000073a800000, 0x000000073aa00000|  0%| F|  |TAMS 0x000000073a800000, 0x000000073a800000| Untracked 
| 469|0x000000073aa00000, 0x000000073aa00000, 0x000000073ac00000|  0%| F|  |TAMS 0x000000073aa00000, 0x000000073aa00000| Untracked 
| 470|0x000000073ac00000, 0x000000073ac00000, 0x000000073ae00000|  0%| F|  |TAMS 0x000000073ac00000, 0x000000073ac00000| Untracked 
| 471|0x000000073ae00000, 0x000000073ae00000, 0x000000073b000000|  0%| F|  |TAMS 0x000000073ae00000, 0x000000073ae00000| Untracked 
| 472|0x000000073b000000, 0x000000073b000000, 0x000000073b200000|  0%| F|  |TAMS 0x000000073b000000, 0x000000073b000000| Untracked 
| 473|0x000000073b200000, 0x000000073b200000, 0x000000073b400000|  0%| F|  |TAMS 0x000000073b200000, 0x000000073b200000| Untracked 
| 474|0x000000073b400000, 0x000000073b400000, 0x000000073b600000|  0%| F|  |TAMS 0x000000073b400000, 0x000000073b400000| Untracked 
| 475|0x000000073b600000, 0x000000073b600000, 0x000000073b800000|  0%| F|  |TAMS 0x000000073b600000, 0x000000073b600000| Untracked 
| 476|0x000000073b800000, 0x000000073b800000, 0x000000073ba00000|  0%| F|  |TAMS 0x000000073b800000, 0x000000073b800000| Untracked 
| 477|0x000000073ba00000, 0x000000073ba00000, 0x000000073bc00000|  0%| F|  |TAMS 0x000000073ba00000, 0x000000073ba00000| Untracked 
| 478|0x000000073bc00000, 0x000000073bc00000, 0x000000073be00000|  0%| F|  |TAMS 0x000000073bc00000, 0x000000073bc00000| Untracked 
| 479|0x000000073be00000, 0x000000073be00000, 0x000000073c000000|  0%| F|  |TAMS 0x000000073be00000, 0x000000073be00000| Untracked 
| 480|0x000000073c000000, 0x000000073c000000, 0x000000073c200000|  0%| F|  |TAMS 0x000000073c000000, 0x000000073c000000| Untracked 
| 481|0x000000073c200000, 0x000000073c200000, 0x000000073c400000|  0%| F|  |TAMS 0x000000073c200000, 0x000000073c200000| Untracked 
| 482|0x000000073c400000, 0x000000073c400000, 0x000000073c600000|  0%| F|  |TAMS 0x000000073c400000, 0x000000073c400000| Untracked 
| 483|0x000000073c600000, 0x000000073c600000, 0x000000073c800000|  0%| F|  |TAMS 0x000000073c600000, 0x000000073c600000| Untracked 
| 484|0x000000073c800000, 0x000000073c800000, 0x000000073ca00000|  0%| F|  |TAMS 0x000000073c800000, 0x000000073c800000| Untracked 
| 485|0x000000073ca00000, 0x000000073ca00000, 0x000000073cc00000|  0%| F|  |TAMS 0x000000073ca00000, 0x000000073ca00000| Untracked 
| 486|0x000000073cc00000, 0x000000073cc00000, 0x000000073ce00000|  0%| F|  |TAMS 0x000000073cc00000, 0x000000073cc00000| Untracked 
| 487|0x000000073ce00000, 0x000000073ce00000, 0x000000073d000000|  0%| F|  |TAMS 0x000000073ce00000, 0x000000073ce00000| Untracked 
| 488|0x000000073d000000, 0x000000073d000000, 0x000000073d200000|  0%| F|  |TAMS 0x000000073d000000, 0x000000073d000000| Untracked 
| 489|0x000000073d200000, 0x000000073d200000, 0x000000073d400000|  0%| F|  |TAMS 0x000000073d200000, 0x000000073d200000| Untracked 
| 490|0x000000073d400000, 0x000000073d400000, 0x000000073d600000|  0%| F|  |TAMS 0x000000073d400000, 0x000000073d400000| Untracked 
| 491|0x000000073d600000, 0x000000073d600000, 0x000000073d800000|  0%| F|  |TAMS 0x000000073d600000, 0x000000073d600000| Untracked 
| 492|0x000000073d800000, 0x000000073d800000, 0x000000073da00000|  0%| F|  |TAMS 0x000000073d800000, 0x000000073d800000| Untracked 
| 493|0x000000073da00000, 0x000000073da00000, 0x000000073dc00000|  0%| F|  |TAMS 0x000000073da00000, 0x000000073da00000| Untracked 
| 494|0x000000073dc00000, 0x000000073dc00000, 0x000000073de00000|  0%| F|  |TAMS 0x000000073dc00000, 0x000000073dc00000| Untracked 
| 495|0x000000073de00000, 0x000000073de00000, 0x000000073e000000|  0%| F|  |TAMS 0x000000073de00000, 0x000000073de00000| Untracked 
| 496|0x000000073e000000, 0x000000073e000000, 0x000000073e200000|  0%| F|  |TAMS 0x000000073e000000, 0x000000073e000000| Untracked 
| 497|0x000000073e200000, 0x000000073e200000, 0x000000073e400000|  0%| F|  |TAMS 0x000000073e200000, 0x000000073e200000| Untracked 
| 498|0x000000073e400000, 0x000000073e400000, 0x000000073e600000|  0%| F|  |TAMS 0x000000073e400000, 0x000000073e400000| Untracked 
| 499|0x000000073e600000, 0x000000073e600000, 0x000000073e800000|  0%| F|  |TAMS 0x000000073e600000, 0x000000073e600000| Untracked 
| 500|0x000000073e800000, 0x000000073e800000, 0x000000073ea00000|  0%| F|  |TAMS 0x000000073e800000, 0x000000073e800000| Untracked 
| 501|0x000000073ea00000, 0x000000073ea00000, 0x000000073ec00000|  0%| F|  |TAMS 0x000000073ea00000, 0x000000073ea00000| Untracked 
| 502|0x000000073ec00000, 0x000000073ec00000, 0x000000073ee00000|  0%| F|  |TAMS 0x000000073ec00000, 0x000000073ec00000| Untracked 
| 503|0x000000073ee00000, 0x000000073ee00000, 0x000000073f000000|  0%| F|  |TAMS 0x000000073ee00000, 0x000000073ee00000| Untracked 
| 504|0x000000073f000000, 0x000000073f000000, 0x000000073f200000|  0%| F|  |TAMS 0x000000073f000000, 0x000000073f000000| Untracked 
| 505|0x000000073f200000, 0x000000073f200000, 0x000000073f400000|  0%| F|  |TAMS 0x000000073f200000, 0x000000073f200000| Untracked 
| 506|0x000000073f400000, 0x000000073f400000, 0x000000073f600000|  0%| F|  |TAMS 0x000000073f400000, 0x000000073f400000| Untracked 
| 507|0x000000073f600000, 0x000000073f600000, 0x000000073f800000|  0%| F|  |TAMS 0x000000073f600000, 0x000000073f600000| Untracked 
| 508|0x000000073f800000, 0x000000073f800000, 0x000000073fa00000|  0%| F|  |TAMS 0x000000073f800000, 0x000000073f800000| Untracked 
| 509|0x000000073fa00000, 0x000000073fa00000, 0x000000073fc00000|  0%| F|  |TAMS 0x000000073fa00000, 0x000000073fa00000| Untracked 
| 510|0x000000073fc00000, 0x000000073fc00000, 0x000000073fe00000|  0%| F|  |TAMS 0x000000073fc00000, 0x000000073fc00000| Untracked 
| 511|0x000000073fe00000, 0x000000073fe00000, 0x0000000740000000|  0%| F|  |TAMS 0x000000073fe00000, 0x000000073fe00000| Untracked 
| 512|0x0000000740000000, 0x0000000740000000, 0x0000000740200000|  0%| F|  |TAMS 0x0000000740000000, 0x0000000740000000| Untracked 
| 513|0x0000000740200000, 0x0000000740200000, 0x0000000740400000|  0%| F|  |TAMS 0x0000000740200000, 0x0000000740200000| Untracked 
| 514|0x0000000740400000, 0x0000000740400000, 0x0000000740600000|  0%| F|  |TAMS 0x0000000740400000, 0x0000000740400000| Untracked 
| 515|0x0000000740600000, 0x0000000740600000, 0x0000000740800000|  0%| F|  |TAMS 0x0000000740600000, 0x0000000740600000| Untracked 
| 516|0x0000000740800000, 0x0000000740800000, 0x0000000740a00000|  0%| F|  |TAMS 0x0000000740800000, 0x0000000740800000| Untracked 
| 517|0x0000000740a00000, 0x0000000740a00000, 0x0000000740c00000|  0%| F|  |TAMS 0x0000000740a00000, 0x0000000740a00000| Untracked 
| 518|0x0000000740c00000, 0x0000000740c00000, 0x0000000740e00000|  0%| F|  |TAMS 0x0000000740c00000, 0x0000000740c00000| Untracked 
| 519|0x0000000740e00000, 0x0000000740e00000, 0x0000000741000000|  0%| F|  |TAMS 0x0000000740e00000, 0x0000000740e00000| Untracked 
| 520|0x0000000741000000, 0x0000000741000000, 0x0000000741200000|  0%| F|  |TAMS 0x0000000741000000, 0x0000000741000000| Untracked 
| 521|0x0000000741200000, 0x0000000741200000, 0x0000000741400000|  0%| F|  |TAMS 0x0000000741200000, 0x0000000741200000| Untracked 
| 522|0x0000000741400000, 0x0000000741400000, 0x0000000741600000|  0%| F|  |TAMS 0x0000000741400000, 0x0000000741400000| Untracked 
| 523|0x0000000741600000, 0x0000000741600000, 0x0000000741800000|  0%| F|  |TAMS 0x0000000741600000, 0x0000000741600000| Untracked 
| 524|0x0000000741800000, 0x0000000741800000, 0x0000000741a00000|  0%| F|  |TAMS 0x0000000741800000, 0x0000000741800000| Untracked 
| 525|0x0000000741a00000, 0x0000000741a00000, 0x0000000741c00000|  0%| F|  |TAMS 0x0000000741a00000, 0x0000000741a00000| Untracked 
| 526|0x0000000741c00000, 0x0000000741c00000, 0x0000000741e00000|  0%| F|  |TAMS 0x0000000741c00000, 0x0000000741c00000| Untracked 
| 527|0x0000000741e00000, 0x0000000741e00000, 0x0000000742000000|  0%| F|  |TAMS 0x0000000741e00000, 0x0000000741e00000| Untracked 
| 528|0x0000000742000000, 0x0000000742000000, 0x0000000742200000|  0%| F|  |TAMS 0x0000000742000000, 0x0000000742000000| Untracked 
| 529|0x0000000742200000, 0x0000000742200000, 0x0000000742400000|  0%| F|  |TAMS 0x0000000742200000, 0x0000000742200000| Untracked 
| 530|0x0000000742400000, 0x0000000742400000, 0x0000000742600000|  0%| F|  |TAMS 0x0000000742400000, 0x0000000742400000| Untracked 
| 531|0x0000000742600000, 0x0000000742600000, 0x0000000742800000|  0%| F|  |TAMS 0x0000000742600000, 0x0000000742600000| Untracked 
| 532|0x0000000742800000, 0x0000000742800000, 0x0000000742a00000|  0%| F|  |TAMS 0x0000000742800000, 0x0000000742800000| Untracked 
| 533|0x0000000742a00000, 0x0000000742a00000, 0x0000000742c00000|  0%| F|  |TAMS 0x0000000742a00000, 0x0000000742a00000| Untracked 
| 534|0x0000000742c00000, 0x0000000742c00000, 0x0000000742e00000|  0%| F|  |TAMS 0x0000000742c00000, 0x0000000742c00000| Untracked 
| 535|0x0000000742e00000, 0x0000000742e00000, 0x0000000743000000|  0%| F|  |TAMS 0x0000000742e00000, 0x0000000742e00000| Untracked 
| 536|0x0000000743000000, 0x0000000743000000, 0x0000000743200000|  0%| F|  |TAMS 0x0000000743000000, 0x0000000743000000| Untracked 
| 537|0x0000000743200000, 0x0000000743200000, 0x0000000743400000|  0%| F|  |TAMS 0x0000000743200000, 0x0000000743200000| Untracked 
| 538|0x0000000743400000, 0x0000000743400000, 0x0000000743600000|  0%| F|  |TAMS 0x0000000743400000, 0x0000000743400000| Untracked 
| 539|0x0000000743600000, 0x0000000743600000, 0x0000000743800000|  0%| F|  |TAMS 0x0000000743600000, 0x0000000743600000| Untracked 
| 540|0x0000000743800000, 0x0000000743800000, 0x0000000743a00000|  0%| F|  |TAMS 0x0000000743800000, 0x0000000743800000| Untracked 
| 541|0x0000000743a00000, 0x0000000743a00000, 0x0000000743c00000|  0%| F|  |TAMS 0x0000000743a00000, 0x0000000743a00000| Untracked 
| 542|0x0000000743c00000, 0x0000000743c00000, 0x0000000743e00000|  0%| F|  |TAMS 0x0000000743c00000, 0x0000000743c00000| Untracked 
| 543|0x0000000743e00000, 0x0000000743e00000, 0x0000000744000000|  0%| F|  |TAMS 0x0000000743e00000, 0x0000000743e00000| Untracked 
| 544|0x0000000744000000, 0x0000000744000000, 0x0000000744200000|  0%| F|  |TAMS 0x0000000744000000, 0x0000000744000000| Untracked 
| 545|0x0000000744200000, 0x0000000744200000, 0x0000000744400000|  0%| F|  |TAMS 0x0000000744200000, 0x0000000744200000| Untracked 
| 546|0x0000000744400000, 0x0000000744400000, 0x0000000744600000|  0%| F|  |TAMS 0x0000000744400000, 0x0000000744400000| Untracked 
| 547|0x0000000744600000, 0x0000000744600000, 0x0000000744800000|  0%| F|  |TAMS 0x0000000744600000, 0x0000000744600000| Untracked 
| 548|0x0000000744800000, 0x0000000744800000, 0x0000000744a00000|  0%| F|  |TAMS 0x0000000744800000, 0x0000000744800000| Untracked 
| 549|0x0000000744a00000, 0x0000000744a00000, 0x0000000744c00000|  0%| F|  |TAMS 0x0000000744a00000, 0x0000000744a00000| Untracked 
| 550|0x0000000744c00000, 0x0000000744c00000, 0x0000000744e00000|  0%| F|  |TAMS 0x0000000744c00000, 0x0000000744c00000| Untracked 
| 551|0x0000000744e00000, 0x0000000744e00000, 0x0000000745000000|  0%| F|  |TAMS 0x0000000744e00000, 0x0000000744e00000| Untracked 
| 552|0x0000000745000000, 0x0000000745000000, 0x0000000745200000|  0%| F|  |TAMS 0x0000000745000000, 0x0000000745000000| Untracked 
| 553|0x0000000745200000, 0x0000000745200000, 0x0000000745400000|  0%| F|  |TAMS 0x0000000745200000, 0x0000000745200000| Untracked 
| 554|0x0000000745400000, 0x0000000745400000, 0x0000000745600000|  0%| F|  |TAMS 0x0000000745400000, 0x0000000745400000| Untracked 
| 555|0x0000000745600000, 0x0000000745600000, 0x0000000745800000|  0%| F|  |TAMS 0x0000000745600000, 0x0000000745600000| Untracked 
| 556|0x0000000745800000, 0x0000000745800000, 0x0000000745a00000|  0%| F|  |TAMS 0x0000000745800000, 0x0000000745800000| Untracked 
| 557|0x0000000745a00000, 0x0000000745a00000, 0x0000000745c00000|  0%| F|  |TAMS 0x0000000745a00000, 0x0000000745a00000| Untracked 
| 558|0x0000000745c00000, 0x0000000745c00000, 0x0000000745e00000|  0%| F|  |TAMS 0x0000000745c00000, 0x0000000745c00000| Untracked 
| 559|0x0000000745e00000, 0x0000000745e00000, 0x0000000746000000|  0%| F|  |TAMS 0x0000000745e00000, 0x0000000745e00000| Untracked 
| 560|0x0000000746000000, 0x0000000746000000, 0x0000000746200000|  0%| F|  |TAMS 0x0000000746000000, 0x0000000746000000| Untracked 
| 561|0x0000000746200000, 0x0000000746200000, 0x0000000746400000|  0%| F|  |TAMS 0x0000000746200000, 0x0000000746200000| Untracked 
| 562|0x0000000746400000, 0x0000000746400000, 0x0000000746600000|  0%| F|  |TAMS 0x0000000746400000, 0x0000000746400000| Untracked 
| 563|0x0000000746600000, 0x0000000746600000, 0x0000000746800000|  0%| F|  |TAMS 0x0000000746600000, 0x0000000746600000| Untracked 
| 564|0x0000000746800000, 0x0000000746800000, 0x0000000746a00000|  0%| F|  |TAMS 0x0000000746800000, 0x0000000746800000| Untracked 
| 565|0x0000000746a00000, 0x0000000746a00000, 0x0000000746c00000|  0%| F|  |TAMS 0x0000000746a00000, 0x0000000746a00000| Untracked 
| 566|0x0000000746c00000, 0x0000000746c00000, 0x0000000746e00000|  0%| F|  |TAMS 0x0000000746c00000, 0x0000000746c00000| Untracked 
| 567|0x0000000746e00000, 0x0000000746e00000, 0x0000000747000000|  0%| F|  |TAMS 0x0000000746e00000, 0x0000000746e00000| Untracked 
| 568|0x0000000747000000, 0x0000000747000000, 0x0000000747200000|  0%| F|  |TAMS 0x0000000747000000, 0x0000000747000000| Untracked 
| 569|0x0000000747200000, 0x0000000747200000, 0x0000000747400000|  0%| F|  |TAMS 0x0000000747200000, 0x0000000747200000| Untracked 
| 570|0x0000000747400000, 0x0000000747400000, 0x0000000747600000|  0%| F|  |TAMS 0x0000000747400000, 0x0000000747400000| Untracked 
| 571|0x0000000747600000, 0x0000000747600000, 0x0000000747800000|  0%| F|  |TAMS 0x0000000747600000, 0x0000000747600000| Untracked 
| 572|0x0000000747800000, 0x0000000747800000, 0x0000000747a00000|  0%| F|  |TAMS 0x0000000747800000, 0x0000000747800000| Untracked 
| 573|0x0000000747a00000, 0x0000000747a00000, 0x0000000747c00000|  0%| F|  |TAMS 0x0000000747a00000, 0x0000000747a00000| Untracked 
| 574|0x0000000747c00000, 0x0000000747c00000, 0x0000000747e00000|  0%| F|  |TAMS 0x0000000747c00000, 0x0000000747c00000| Untracked 
| 575|0x0000000747e00000, 0x0000000747e00000, 0x0000000748000000|  0%| F|  |TAMS 0x0000000747e00000, 0x0000000747e00000| Untracked 
| 576|0x0000000748000000, 0x0000000748000000, 0x0000000748200000|  0%| F|  |TAMS 0x0000000748000000, 0x0000000748000000| Untracked 
| 577|0x0000000748200000, 0x0000000748200000, 0x0000000748400000|  0%| F|  |TAMS 0x0000000748200000, 0x0000000748200000| Untracked 
| 578|0x0000000748400000, 0x0000000748400000, 0x0000000748600000|  0%| F|  |TAMS 0x0000000748400000, 0x0000000748400000| Untracked 
| 579|0x0000000748600000, 0x0000000748600000, 0x0000000748800000|  0%| F|  |TAMS 0x0000000748600000, 0x0000000748600000| Untracked 
| 580|0x0000000748800000, 0x0000000748800000, 0x0000000748a00000|  0%| F|  |TAMS 0x0000000748800000, 0x0000000748800000| Untracked 
| 581|0x0000000748a00000, 0x0000000748a00000, 0x0000000748c00000|  0%| F|  |TAMS 0x0000000748a00000, 0x0000000748a00000| Untracked 
| 582|0x0000000748c00000, 0x0000000748c00000, 0x0000000748e00000|  0%| F|  |TAMS 0x0000000748c00000, 0x0000000748c00000| Untracked 
| 583|0x0000000748e00000, 0x0000000748e00000, 0x0000000749000000|  0%| F|  |TAMS 0x0000000748e00000, 0x0000000748e00000| Untracked 
| 584|0x0000000749000000, 0x0000000749000000, 0x0000000749200000|  0%| F|  |TAMS 0x0000000749000000, 0x0000000749000000| Untracked 
| 585|0x0000000749200000, 0x0000000749200000, 0x0000000749400000|  0%| F|  |TAMS 0x0000000749200000, 0x0000000749200000| Untracked 
| 586|0x0000000749400000, 0x0000000749400000, 0x0000000749600000|  0%| F|  |TAMS 0x0000000749400000, 0x0000000749400000| Untracked 
| 587|0x0000000749600000, 0x0000000749600000, 0x0000000749800000|  0%| F|  |TAMS 0x0000000749600000, 0x0000000749600000| Untracked 
| 588|0x0000000749800000, 0x0000000749800000, 0x0000000749a00000|  0%| F|  |TAMS 0x0000000749800000, 0x0000000749800000| Untracked 
| 589|0x0000000749a00000, 0x0000000749a00000, 0x0000000749c00000|  0%| F|  |TAMS 0x0000000749a00000, 0x0000000749a00000| Untracked 
| 590|0x0000000749c00000, 0x0000000749c00000, 0x0000000749e00000|  0%| F|  |TAMS 0x0000000749c00000, 0x0000000749c00000| Untracked 
| 591|0x0000000749e00000, 0x0000000749e00000, 0x000000074a000000|  0%| F|  |TAMS 0x0000000749e00000, 0x0000000749e00000| Untracked 
| 592|0x000000074a000000, 0x000000074a000000, 0x000000074a200000|  0%| F|  |TAMS 0x000000074a000000, 0x000000074a000000| Untracked 
| 593|0x000000074a200000, 0x000000074a200000, 0x000000074a400000|  0%| F|  |TAMS 0x000000074a200000, 0x000000074a200000| Untracked 
| 594|0x000000074a400000, 0x000000074a400000, 0x000000074a600000|  0%| F|  |TAMS 0x000000074a400000, 0x000000074a400000| Untracked 
| 595|0x000000074a600000, 0x000000074a600000, 0x000000074a800000|  0%| F|  |TAMS 0x000000074a600000, 0x000000074a600000| Untracked 
| 596|0x000000074a800000, 0x000000074a800000, 0x000000074aa00000|  0%| F|  |TAMS 0x000000074a800000, 0x000000074a800000| Untracked 
| 597|0x000000074aa00000, 0x000000074aa00000, 0x000000074ac00000|  0%| F|  |TAMS 0x000000074aa00000, 0x000000074aa00000| Untracked 
| 598|0x000000074ac00000, 0x000000074ac00000, 0x000000074ae00000|  0%| F|  |TAMS 0x000000074ac00000, 0x000000074ac00000| Untracked 
| 599|0x000000074ae00000, 0x000000074ae00000, 0x000000074b000000|  0%| F|  |TAMS 0x000000074ae00000, 0x000000074ae00000| Untracked 
| 600|0x000000074b000000, 0x000000074b000000, 0x000000074b200000|  0%| F|  |TAMS 0x000000074b000000, 0x000000074b000000| Untracked 
| 601|0x000000074b200000, 0x000000074b200000, 0x000000074b400000|  0%| F|  |TAMS 0x000000074b200000, 0x000000074b200000| Untracked 
| 602|0x000000074b400000, 0x000000074b400000, 0x000000074b600000|  0%| F|  |TAMS 0x000000074b400000, 0x000000074b400000| Untracked 
| 603|0x000000074b600000, 0x000000074b600000, 0x000000074b800000|  0%| F|  |TAMS 0x000000074b600000, 0x000000074b600000| Untracked 
| 604|0x000000074b800000, 0x000000074b800000, 0x000000074ba00000|  0%| F|  |TAMS 0x000000074b800000, 0x000000074b800000| Untracked 
| 605|0x000000074ba00000, 0x000000074ba00000, 0x000000074bc00000|  0%| F|  |TAMS 0x000000074ba00000, 0x000000074ba00000| Untracked 
| 606|0x000000074bc00000, 0x000000074bc00000, 0x000000074be00000|  0%| F|  |TAMS 0x000000074bc00000, 0x000000074bc00000| Untracked 
| 607|0x000000074be00000, 0x000000074be00000, 0x000000074c000000|  0%| F|  |TAMS 0x000000074be00000, 0x000000074be00000| Untracked 
| 608|0x000000074c000000, 0x000000074c000000, 0x000000074c200000|  0%| F|  |TAMS 0x000000074c000000, 0x000000074c000000| Untracked 
| 609|0x000000074c200000, 0x000000074c200000, 0x000000074c400000|  0%| F|  |TAMS 0x000000074c200000, 0x000000074c200000| Untracked 
| 610|0x000000074c400000, 0x000000074c400000, 0x000000074c600000|  0%| F|  |TAMS 0x000000074c400000, 0x000000074c400000| Untracked 
| 611|0x000000074c600000, 0x000000074c600000, 0x000000074c800000|  0%| F|  |TAMS 0x000000074c600000, 0x000000074c600000| Untracked 
| 612|0x000000074c800000, 0x000000074c800000, 0x000000074ca00000|  0%| F|  |TAMS 0x000000074c800000, 0x000000074c800000| Untracked 
| 613|0x000000074ca00000, 0x000000074ca00000, 0x000000074cc00000|  0%| F|  |TAMS 0x000000074ca00000, 0x000000074ca00000| Untracked 
| 614|0x000000074cc00000, 0x000000074cc00000, 0x000000074ce00000|  0%| F|  |TAMS 0x000000074cc00000, 0x000000074cc00000| Untracked 
| 615|0x000000074ce00000, 0x000000074ce00000, 0x000000074d000000|  0%| F|  |TAMS 0x000000074ce00000, 0x000000074ce00000| Untracked 
| 616|0x000000074d000000, 0x000000074d000000, 0x000000074d200000|  0%| F|  |TAMS 0x000000074d000000, 0x000000074d000000| Untracked 
| 617|0x000000074d200000, 0x000000074d200000, 0x000000074d400000|  0%| F|  |TAMS 0x000000074d200000, 0x000000074d200000| Untracked 
| 618|0x000000074d400000, 0x000000074d400000, 0x000000074d600000|  0%| F|  |TAMS 0x000000074d400000, 0x000000074d400000| Untracked 
| 619|0x000000074d600000, 0x000000074d600000, 0x000000074d800000|  0%| F|  |TAMS 0x000000074d600000, 0x000000074d600000| Untracked 
| 620|0x000000074d800000, 0x000000074d800000, 0x000000074da00000|  0%| F|  |TAMS 0x000000074d800000, 0x000000074d800000| Untracked 
| 621|0x000000074da00000, 0x000000074da00000, 0x000000074dc00000|  0%| F|  |TAMS 0x000000074da00000, 0x000000074da00000| Untracked 
| 622|0x000000074dc00000, 0x000000074dc00000, 0x000000074de00000|  0%| F|  |TAMS 0x000000074dc00000, 0x000000074dc00000| Untracked 
| 623|0x000000074de00000, 0x000000074de00000, 0x000000074e000000|  0%| F|  |TAMS 0x000000074de00000, 0x000000074de00000| Untracked 
| 624|0x000000074e000000, 0x000000074e000000, 0x000000074e200000|  0%| F|  |TAMS 0x000000074e000000, 0x000000074e000000| Untracked 
| 625|0x000000074e200000, 0x000000074e200000, 0x000000074e400000|  0%| F|  |TAMS 0x000000074e200000, 0x000000074e200000| Untracked 
| 626|0x000000074e400000, 0x000000074e400000, 0x000000074e600000|  0%| F|  |TAMS 0x000000074e400000, 0x000000074e400000| Untracked 
| 627|0x000000074e600000, 0x000000074e600000, 0x000000074e800000|  0%| F|  |TAMS 0x000000074e600000, 0x000000074e600000| Untracked 
| 628|0x000000074e800000, 0x000000074e800000, 0x000000074ea00000|  0%| F|  |TAMS 0x000000074e800000, 0x000000074e800000| Untracked 
| 629|0x000000074ea00000, 0x000000074ea00000, 0x000000074ec00000|  0%| F|  |TAMS 0x000000074ea00000, 0x000000074ea00000| Untracked 
| 630|0x000000074ec00000, 0x000000074ec00000, 0x000000074ee00000|  0%| F|  |TAMS 0x000000074ec00000, 0x000000074ec00000| Untracked 
| 631|0x000000074ee00000, 0x000000074ee00000, 0x000000074f000000|  0%| F|  |TAMS 0x000000074ee00000, 0x000000074ee00000| Untracked 
| 632|0x000000074f000000, 0x000000074f000000, 0x000000074f200000|  0%| F|  |TAMS 0x000000074f000000, 0x000000074f000000| Untracked 
| 633|0x000000074f200000, 0x000000074f200000, 0x000000074f400000|  0%| F|  |TAMS 0x000000074f200000, 0x000000074f200000| Untracked 
| 634|0x000000074f400000, 0x000000074f400000, 0x000000074f600000|  0%| F|  |TAMS 0x000000074f400000, 0x000000074f400000| Untracked 
| 635|0x000000074f600000, 0x000000074f600000, 0x000000074f800000|  0%| F|  |TAMS 0x000000074f600000, 0x000000074f600000| Untracked 
| 636|0x000000074f800000, 0x000000074f800000, 0x000000074fa00000|  0%| F|  |TAMS 0x000000074f800000, 0x000000074f800000| Untracked 
| 637|0x000000074fa00000, 0x000000074fa00000, 0x000000074fc00000|  0%| F|  |TAMS 0x000000074fa00000, 0x000000074fa00000| Untracked 
| 638|0x000000074fc00000, 0x000000074fc00000, 0x000000074fe00000|  0%| F|  |TAMS 0x000000074fc00000, 0x000000074fc00000| Untracked 
| 639|0x000000074fe00000, 0x000000074fe00000, 0x0000000750000000|  0%| F|  |TAMS 0x000000074fe00000, 0x000000074fe00000| Untracked 
| 640|0x0000000750000000, 0x0000000750000000, 0x0000000750200000|  0%| F|  |TAMS 0x0000000750000000, 0x0000000750000000| Untracked 
| 641|0x0000000750200000, 0x0000000750200000, 0x0000000750400000|  0%| F|  |TAMS 0x0000000750200000, 0x0000000750200000| Untracked 
| 642|0x0000000750400000, 0x0000000750400000, 0x0000000750600000|  0%| F|  |TAMS 0x0000000750400000, 0x0000000750400000| Untracked 
| 643|0x0000000750600000, 0x0000000750600000, 0x0000000750800000|  0%| F|  |TAMS 0x0000000750600000, 0x0000000750600000| Untracked 
| 644|0x0000000750800000, 0x0000000750800000, 0x0000000750a00000|  0%| F|  |TAMS 0x0000000750800000, 0x0000000750800000| Untracked 
| 645|0x0000000750a00000, 0x0000000750a00000, 0x0000000750c00000|  0%| F|  |TAMS 0x0000000750a00000, 0x0000000750a00000| Untracked 
| 646|0x0000000750c00000, 0x0000000750c00000, 0x0000000750e00000|  0%| F|  |TAMS 0x0000000750c00000, 0x0000000750c00000| Untracked 
| 647|0x0000000750e00000, 0x0000000750e00000, 0x0000000751000000|  0%| F|  |TAMS 0x0000000750e00000, 0x0000000750e00000| Untracked 
| 648|0x0000000751000000, 0x0000000751000000, 0x0000000751200000|  0%| F|  |TAMS 0x0000000751000000, 0x0000000751000000| Untracked 
| 649|0x0000000751200000, 0x0000000751200000, 0x0000000751400000|  0%| F|  |TAMS 0x0000000751200000, 0x0000000751200000| Untracked 
| 650|0x0000000751400000, 0x0000000751400000, 0x0000000751600000|  0%| F|  |TAMS 0x0000000751400000, 0x0000000751400000| Untracked 
| 651|0x0000000751600000, 0x0000000751600000, 0x0000000751800000|  0%| F|  |TAMS 0x0000000751600000, 0x0000000751600000| Untracked 
| 652|0x0000000751800000, 0x0000000751800000, 0x0000000751a00000|  0%| F|  |TAMS 0x0000000751800000, 0x0000000751800000| Untracked 
| 653|0x0000000751a00000, 0x0000000751a00000, 0x0000000751c00000|  0%| F|  |TAMS 0x0000000751a00000, 0x0000000751a00000| Untracked 
| 654|0x0000000751c00000, 0x0000000751c00000, 0x0000000751e00000|  0%| F|  |TAMS 0x0000000751c00000, 0x0000000751c00000| Untracked 
| 655|0x0000000751e00000, 0x0000000751e00000, 0x0000000752000000|  0%| F|  |TAMS 0x0000000751e00000, 0x0000000751e00000| Untracked 
| 656|0x0000000752000000, 0x0000000752000000, 0x0000000752200000|  0%| F|  |TAMS 0x0000000752000000, 0x0000000752000000| Untracked 
| 657|0x0000000752200000, 0x0000000752200000, 0x0000000752400000|  0%| F|  |TAMS 0x0000000752200000, 0x0000000752200000| Untracked 
| 658|0x0000000752400000, 0x0000000752400000, 0x0000000752600000|  0%| F|  |TAMS 0x0000000752400000, 0x0000000752400000| Untracked 
| 659|0x0000000752600000, 0x0000000752600000, 0x0000000752800000|  0%| F|  |TAMS 0x0000000752600000, 0x0000000752600000| Untracked 
| 660|0x0000000752800000, 0x0000000752800000, 0x0000000752a00000|  0%| F|  |TAMS 0x0000000752800000, 0x0000000752800000| Untracked 
| 661|0x0000000752a00000, 0x0000000752a00000, 0x0000000752c00000|  0%| F|  |TAMS 0x0000000752a00000, 0x0000000752a00000| Untracked 
| 662|0x0000000752c00000, 0x0000000752c00000, 0x0000000752e00000|  0%| F|  |TAMS 0x0000000752c00000, 0x0000000752c00000| Untracked 
| 663|0x0000000752e00000, 0x0000000752e00000, 0x0000000753000000|  0%| F|  |TAMS 0x0000000752e00000, 0x0000000752e00000| Untracked 
| 664|0x0000000753000000, 0x0000000753000000, 0x0000000753200000|  0%| F|  |TAMS 0x0000000753000000, 0x0000000753000000| Untracked 
| 665|0x0000000753200000, 0x0000000753200000, 0x0000000753400000|  0%| F|  |TAMS 0x0000000753200000, 0x0000000753200000| Untracked 
| 666|0x0000000753400000, 0x0000000753400000, 0x0000000753600000|  0%| F|  |TAMS 0x0000000753400000, 0x0000000753400000| Untracked 
| 667|0x0000000753600000, 0x0000000753600000, 0x0000000753800000|  0%| F|  |TAMS 0x0000000753600000, 0x0000000753600000| Untracked 
| 668|0x0000000753800000, 0x0000000753800000, 0x0000000753a00000|  0%| F|  |TAMS 0x0000000753800000, 0x0000000753800000| Untracked 
| 669|0x0000000753a00000, 0x0000000753a00000, 0x0000000753c00000|  0%| F|  |TAMS 0x0000000753a00000, 0x0000000753a00000| Untracked 
| 670|0x0000000753c00000, 0x0000000753c00000, 0x0000000753e00000|  0%| F|  |TAMS 0x0000000753c00000, 0x0000000753c00000| Untracked 
| 671|0x0000000753e00000, 0x0000000753e00000, 0x0000000754000000|  0%| F|  |TAMS 0x0000000753e00000, 0x0000000753e00000| Untracked 
| 672|0x0000000754000000, 0x0000000754000000, 0x0000000754200000|  0%| F|  |TAMS 0x0000000754000000, 0x0000000754000000| Untracked 
| 673|0x0000000754200000, 0x0000000754200000, 0x0000000754400000|  0%| F|  |TAMS 0x0000000754200000, 0x0000000754200000| Untracked 
| 674|0x0000000754400000, 0x0000000754400000, 0x0000000754600000|  0%| F|  |TAMS 0x0000000754400000, 0x0000000754400000| Untracked 
| 675|0x0000000754600000, 0x0000000754600000, 0x0000000754800000|  0%| F|  |TAMS 0x0000000754600000, 0x0000000754600000| Untracked 
| 676|0x0000000754800000, 0x0000000754800000, 0x0000000754a00000|  0%| F|  |TAMS 0x0000000754800000, 0x0000000754800000| Untracked 
| 677|0x0000000754a00000, 0x0000000754a00000, 0x0000000754c00000|  0%| F|  |TAMS 0x0000000754a00000, 0x0000000754a00000| Untracked 
| 678|0x0000000754c00000, 0x0000000754c00000, 0x0000000754e00000|  0%| F|  |TAMS 0x0000000754c00000, 0x0000000754c00000| Untracked 
| 679|0x0000000754e00000, 0x0000000754e00000, 0x0000000755000000|  0%| F|  |TAMS 0x0000000754e00000, 0x0000000754e00000| Untracked 
| 680|0x0000000755000000, 0x0000000755000000, 0x0000000755200000|  0%| F|  |TAMS 0x0000000755000000, 0x0000000755000000| Untracked 
| 681|0x0000000755200000, 0x0000000755200000, 0x0000000755400000|  0%| F|  |TAMS 0x0000000755200000, 0x0000000755200000| Untracked 
| 682|0x0000000755400000, 0x0000000755400000, 0x0000000755600000|  0%| F|  |TAMS 0x0000000755400000, 0x0000000755400000| Untracked 
| 683|0x0000000755600000, 0x0000000755600000, 0x0000000755800000|  0%| F|  |TAMS 0x0000000755600000, 0x0000000755600000| Untracked 
| 684|0x0000000755800000, 0x0000000755800000, 0x0000000755a00000|  0%| F|  |TAMS 0x0000000755800000, 0x0000000755800000| Untracked 
| 685|0x0000000755a00000, 0x0000000755a00000, 0x0000000755c00000|  0%| F|  |TAMS 0x0000000755a00000, 0x0000000755a00000| Untracked 
| 686|0x0000000755c00000, 0x0000000755c00000, 0x0000000755e00000|  0%| F|  |TAMS 0x0000000755c00000, 0x0000000755c00000| Untracked 
| 687|0x0000000755e00000, 0x0000000755e00000, 0x0000000756000000|  0%| F|  |TAMS 0x0000000755e00000, 0x0000000755e00000| Untracked 
| 688|0x0000000756000000, 0x0000000756000000, 0x0000000756200000|  0%| F|  |TAMS 0x0000000756000000, 0x0000000756000000| Untracked 
| 689|0x0000000756200000, 0x0000000756200000, 0x0000000756400000|  0%| F|  |TAMS 0x0000000756200000, 0x0000000756200000| Untracked 
|2046|0x00000007ffc00000, 0x00000007ffe00000, 0x00000007ffe00000|100%| O|  |TAMS 0x00000007ffe00000, 0x00000007ffc00000| Untracked 
|2047|0x00000007ffe00000, 0x0000000800000000, 0x0000000800000000|100%| O|  |TAMS 0x0000000800000000, 0x00000007ffe00000| Untracked 

Card table byte_map: [0x000002b780800000,0x000002b781000000] _byte_map_base: 0x000002b77d000000

Marking Bits (Prev, Next): (CMBitMap*) 0x000002b7e903c8b0, (CMBitMap*) 0x000002b7e903c870
 Prev Bits: [0x000002b785800000, 0x000002b789800000)
 Next Bits: [0x000002b781800000, 0x000002b785800000)

Polling page: 0x000002b7e6e60000

Metaspace:

Usage:
  Non-class:    155.53 MB used.
      Class:     23.79 MB used.
       Both:    179.33 MB used.

Virtual space:
  Non-class space:      192.00 MB reserved,     156.06 MB ( 81%) committed,  3 nodes.
      Class space:      832.00 MB reserved,      24.25 MB (  3%) committed,  1 nodes.
             Both:        1.00 GB reserved,     180.31 MB ( 18%) committed. 

Chunk freelists:
   Non-Class:  3.37 MB
       Class:  7.57 MB
        Both:  10.94 MB

MaxMetaspaceSize: 1.00 GB
CompressedClassSpaceSize: 832.00 MB
Initial GC threshold: 21.00 MB
Current GC threshold: 252.44 MB
CDS: on
MetaspaceReclaimPolicy: balanced
 - commit_granule_bytes: 65536.
 - commit_granule_words: 8192.
 - virtual_space_node_default_size: 8388608.
 - enlarge_chunks_in_place: 1.
 - new_chunks_are_fully_committed: 0.
 - uncommit_free_chunks: 1.
 - use_allocation_guard: 0.
 - handle_deallocations: 1.


Internal statistics:

num_allocs_failed_limit: 6.
num_arena_births: 1522.
num_arena_deaths: 22.
num_vsnodes_births: 4.
num_vsnodes_deaths: 0.
num_space_committed: 2881.
num_space_uncommitted: 0.
num_chunks_returned_to_freelist: 36.
num_chunks_taken_from_freelist: 8598.
num_chunk_merges: 20.
num_chunk_splits: 6349.
num_chunks_enlarged: 4902.
num_inconsistent_stats: 0.

CodeHeap 'non-profiled nmethods': size=120000Kb used=13974Kb max_used=13974Kb free=106025Kb
 bounds [0x000002b7f8340000, 0x000002b7f90f0000, 0x000002b7ff870000]
CodeHeap 'profiled nmethods': size=120000Kb used=47419Kb max_used=47419Kb free=72580Kb
 bounds [0x000002b7f0870000, 0x000002b7f36c0000, 0x000002b7f7da0000]
CodeHeap 'non-nmethods': size=5760Kb used=1929Kb max_used=2010Kb free=3830Kb
 bounds [0x000002b7f7da0000, 0x000002b7f8010000, 0x000002b7f8340000]
 total_blobs=24556 nmethods=23519 adapters=946
 compilation: enabled
              stopped_count=0, restarted_count=0
 full_count=0

Compilation events (20 events):
Event: 17.454 Thread 0x000002b7da4f4e70 nmethod 29474 0x000002b7f90d9090 code [0x000002b7f90d93e0, 0x000002b7f90dd498]
Event: 17.455 Thread 0x000002b7da4f4e70 29521       4       com.android.tools.r8.internal.Hm::k (64 bytes)
Event: 17.455 Thread 0x000002b7da4f4e70 nmethod 29521 0x000002b7f8fa5a10 code [0x000002b7f8fa5ba0, 0x000002b7f8fa5c78]
Event: 17.455 Thread 0x000002b7da4f4e70 29505       4       java.util.TreeSet::iterator (15 bytes)
Event: 17.460 Thread 0x000002b7da4f4e70 nmethod 29505 0x000002b7f900ea90 code [0x000002b7f900ec40, 0x000002b7f900f1f8]
Event: 17.460 Thread 0x000002b7da4f4e70 29526       4       com.android.tools.r8.internal.ML::a (447 bytes)
Event: 17.467 Thread 0x000002b78c0548a0 29527       2       com.android.tools.r8.dex.code.Z0::a (17 bytes)
Event: 17.467 Thread 0x000002b78c0548a0 nmethod 29527 0x000002b7f36bc890 code [0x000002b7f36bca40, 0x000002b7f36bcbc8]
Event: 17.467 Thread 0x000002b78c0548a0 29528       2       com.android.tools.r8.dex.code.Z0$$Lambda$4973/0x000002b78f844648::a (5 bytes)
Event: 17.467 Thread 0x000002b78c0548a0 nmethod 29528 0x000002b7f36bcd10 code [0x000002b7f36bcea0, 0x000002b7f36bcfc8]
Event: 17.472 Thread 0x000002b78c0548a0 29530       3       com.android.tools.r8.internal.H1::e (11 bytes)
Event: 17.472 Thread 0x000002b78c0548a0 nmethod 29530 0x000002b7f36bd090 code [0x000002b7f36bd240, 0x000002b7f36bd448]
Event: 17.478 Thread 0x000002b78c0548a0 29531       2       java.lang.invoke.LambdaForm$MH/0x000002b78e887000::invoke (253 bytes)
Event: 17.479 Thread 0x000002b78c0548a0 nmethod 29531 0x000002b7f36bd590 code [0x000002b7f36bd820, 0x000002b7f36bdf28]
Event: 17.481 Thread 0x000002b78c0548a0 29532       3       com.android.tools.r8.internal.vY::<init> (10 bytes)
Event: 17.481 Thread 0x000002b78c0548a0 nmethod 29532 0x000002b7f36be710 code [0x000002b7f36be8a0, 0x000002b7f36be9e8]
Event: 17.483 Thread 0x000002b78c0548a0 29533       2       com.android.tools.r8.internal.A4::nextIndex (10 bytes)
Event: 17.483 Thread 0x000002b78c0548a0 nmethod 29533 0x000002b7f36bea90 code [0x000002b7f36bec20, 0x000002b7f36bed48]
Event: 17.487 Thread 0x000002b78c04ae60 nmethod 29498 0x000002b7f90e0890 code [0x000002b7f90e0c00, 0x000002b7f90e4d98]
Event: 17.488 Thread 0x000002b78c04ae60 29529       4       com.android.tools.r8.internal.MV::b (905 bytes)

GC Heap History (20 events):
Event: 15.239 GC heap after
{Heap after GC invocations=75 (full 0):
 garbage-first heap   total 1269760K, used 385018K [0x0000000700000000, 0x0000000800000000)
  region size 2048K, 21 young (43008K), 21 survivors (43008K)
 Metaspace       used 182868K, committed 183872K, reserved 1048576K
  class space    used 24308K, committed 24768K, reserved 851968K
}
Event: 15.444 GC heap before
{Heap before GC invocations=75 (full 0):
 garbage-first heap   total 1269760K, used 1064954K [0x0000000700000000, 0x0000000800000000)
  region size 2048K, 354 young (724992K), 21 survivors (43008K)
 Metaspace       used 183088K, committed 184128K, reserved 1048576K
  class space    used 24327K, committed 24832K, reserved 851968K
}
Event: 15.454 GC heap after
{Heap after GC invocations=76 (full 0):
 garbage-first heap   total 1269760K, used 383713K [0x0000000700000000, 0x0000000800000000)
  region size 2048K, 21 young (43008K), 21 survivors (43008K)
 Metaspace       used 183088K, committed 184128K, reserved 1048576K
  class space    used 24327K, committed 24832K, reserved 851968K
}
Event: 15.667 GC heap before
{Heap before GC invocations=76 (full 0):
 garbage-first heap   total 1269760K, used 1073889K [0x0000000700000000, 0x0000000800000000)
  region size 2048K, 359 young (735232K), 21 survivors (43008K)
 Metaspace       used 183214K, committed 184192K, reserved 1048576K
  class space    used 24332K, committed 24832K, reserved 851968K
}
Event: 15.676 GC heap after
{Heap after GC invocations=77 (full 0):
 garbage-first heap   total 1269760K, used 380922K [0x0000000700000000, 0x0000000800000000)
  region size 2048K, 19 young (38912K), 19 survivors (38912K)
 Metaspace       used 183214K, committed 184192K, reserved 1048576K
  class space    used 24332K, committed 24832K, reserved 851968K
}
Event: 15.899 GC heap before
{Heap before GC invocations=77 (full 0):
 garbage-first heap   total 1269760K, used 1089530K [0x0000000700000000, 0x0000000800000000)
  region size 2048K, 365 young (747520K), 19 survivors (38912K)
 Metaspace       used 183301K, committed 184256K, reserved 1048576K
  class space    used 24344K, committed 24832K, reserved 851968K
}
Event: 15.913 GC heap after
{Heap after GC invocations=78 (full 0):
 garbage-first heap   total 1269760K, used 401402K [0x0000000700000000, 0x0000000800000000)
  region size 2048K, 29 young (59392K), 29 survivors (59392K)
 Metaspace       used 183301K, committed 184256K, reserved 1048576K
  class space    used 24344K, committed 24832K, reserved 851968K
}
Event: 16.098 GC heap before
{Heap before GC invocations=78 (full 0):
 garbage-first heap   total 1269760K, used 1077242K [0x0000000700000000, 0x0000000800000000)
  region size 2048K, 360 young (737280K), 29 survivors (59392K)
 Metaspace       used 183408K, committed 184448K, reserved 1048576K
  class space    used 24359K, committed 24832K, reserved 851968K
}
Event: 16.118 GC heap after
{Heap after GC invocations=79 (full 0):
 garbage-first heap   total 1269760K, used 424586K [0x0000000700000000, 0x0000000800000000)
  region size 2048K, 32 young (65536K), 32 survivors (65536K)
 Metaspace       used 183408K, committed 184448K, reserved 1048576K
  class space    used 24359K, committed 24832K, reserved 851968K
}
Event: 16.325 GC heap before
{Heap before GC invocations=79 (full 0):
 garbage-first heap   total 1269760K, used 1071754K [0x0000000700000000, 0x0000000800000000)
  region size 2048K, 348 young (712704K), 32 survivors (65536K)
 Metaspace       used 183471K, committed 184512K, reserved 1048576K
  class space    used 24361K, committed 24832K, reserved 851968K
}
Event: 16.341 GC heap after
{Heap after GC invocations=80 (full 0):
 garbage-first heap   total 1417216K, used 434038K [0x0000000700000000, 0x0000000800000000)
  region size 2048K, 22 young (45056K), 22 survivors (45056K)
 Metaspace       used 183471K, committed 184512K, reserved 1048576K
  class space    used 24361K, committed 24832K, reserved 851968K
}
Event: 16.596 GC heap before
{Heap before GC invocations=80 (full 0):
 garbage-first heap   total 1417216K, used 1191798K [0x0000000700000000, 0x0000000800000000)
  region size 2048K, 393 young (804864K), 22 survivors (45056K)
 Metaspace       used 183496K, committed 184512K, reserved 1048576K
  class space    used 24361K, committed 24832K, reserved 851968K
}
Event: 16.611 GC heap after
{Heap after GC invocations=81 (full 0):
 garbage-first heap   total 1417216K, used 433756K [0x0000000700000000, 0x0000000800000000)
  region size 2048K, 22 young (45056K), 22 survivors (45056K)
 Metaspace       used 183496K, committed 184512K, reserved 1048576K
  class space    used 24361K, committed 24832K, reserved 851968K
}
Event: 16.846 GC heap before
{Heap before GC invocations=81 (full 0):
 garbage-first heap   total 1417216K, used 1214044K [0x0000000700000000, 0x0000000800000000)
  region size 2048K, 402 young (823296K), 22 survivors (45056K)
 Metaspace       used 183547K, committed 184576K, reserved 1048576K
  class space    used 24362K, committed 24832K, reserved 851968K
}
Event: 16.858 GC heap after
{Heap after GC invocations=82 (full 0):
 garbage-first heap   total 1417216K, used 441833K [0x0000000700000000, 0x0000000800000000)
  region size 2048K, 25 young (51200K), 25 survivors (51200K)
 Metaspace       used 183547K, committed 184576K, reserved 1048576K
  class space    used 24362K, committed 24832K, reserved 851968K
}
Event: 17.096 GC heap before
{Heap before GC invocations=82 (full 0):
 garbage-first heap   total 1417216K, used 1218025K [0x0000000700000000, 0x0000000800000000)
  region size 2048K, 404 young (827392K), 25 survivors (51200K)
 Metaspace       used 183596K, committed 184576K, reserved 1048576K
  class space    used 24363K, committed 24832K, reserved 851968K
}
Event: 17.115 GC heap after
{Heap after GC invocations=83 (full 0):
 garbage-first heap   total 1417216K, used 466806K [0x0000000700000000, 0x0000000800000000)
  region size 2048K, 38 young (77824K), 38 survivors (77824K)
 Metaspace       used 183596K, committed 184576K, reserved 1048576K
  class space    used 24363K, committed 24832K, reserved 851968K
}
Event: 17.301 GC heap before
{Heap before GC invocations=83 (full 0):
 garbage-first heap   total 1417216K, used 1195894K [0x0000000700000000, 0x0000000800000000)
  region size 2048K, 394 young (806912K), 38 survivors (77824K)
 Metaspace       used 183617K, committed 184576K, reserved 1048576K
  class space    used 24366K, committed 24832K, reserved 851968K
}
Event: 17.329 GC heap after
{Heap after GC invocations=84 (full 0):
 garbage-first heap   total 1417216K, used 496477K [0x0000000700000000, 0x0000000800000000)
  region size 2048K, 41 young (83968K), 41 survivors (83968K)
 Metaspace       used 183617K, committed 184576K, reserved 1048576K
  class space    used 24366K, committed 24832K, reserved 851968K
}
Event: 17.494 GC heap before
{Heap before GC invocations=84 (full 0):
 garbage-first heap   total 1417216K, used 1188701K [0x0000000700000000, 0x0000000800000000)
  region size 2048K, 379 young (776192K), 41 survivors (83968K)
 Metaspace       used 183629K, committed 184640K, reserved 1048576K
  class space    used 24366K, committed 24832K, reserved 851968K
}

Deoptimization events (20 events):
Event: 17.446 Thread 0x000002b7cb0ebbf0 DEOPT PACKING pc=0x000002b7f30dafc6 sp=0x000000cf793f6560
Event: 17.446 Thread 0x000002b7cb0ebbf0 DEOPT UNPACKING pc=0x000002b7f7df66e3 sp=0x000000cf793f5aa8 mode 0
Event: 17.447 Thread 0x000002b7cb0ebbf0 DEOPT PACKING pc=0x000002b7f2ed797d sp=0x000000cf793f62a0
Event: 17.447 Thread 0x000002b7cb0ebbf0 DEOPT UNPACKING pc=0x000002b7f7df66e3 sp=0x000000cf793f5818 mode 0
Event: 17.456 Thread 0x000002b7c8cdac50 DEOPT PACKING pc=0x000002b7f30dafe7 sp=0x000000cf001f9570
Event: 17.456 Thread 0x000002b7c8cdac50 DEOPT UNPACKING pc=0x000002b7f7df66e3 sp=0x000000cf001f8ab8 mode 0
Event: 17.462 Thread 0x000002b7cb0ebbf0 DEOPT PACKING pc=0x000002b7f2ede3a2 sp=0x000000cf793f4540
Event: 17.462 Thread 0x000002b7cb0ebbf0 DEOPT UNPACKING pc=0x000002b7f7df66e3 sp=0x000000cf793f3a48 mode 0
Event: 17.468 Thread 0x000002b7cb0ebbf0 DEOPT PACKING pc=0x000002b7f2ede381 sp=0x000000cf793f58e0
Event: 17.468 Thread 0x000002b7cb0ebbf0 DEOPT UNPACKING pc=0x000002b7f7df66e3 sp=0x000000cf793f4de8 mode 0
Event: 17.470 Thread 0x000002b7c8cdb160 DEOPT PACKING pc=0x000002b7f30dafe7 sp=0x000000cf008f9880
Event: 17.470 Thread 0x000002b7c8cdb160 DEOPT UNPACKING pc=0x000002b7f7df66e3 sp=0x000000cf008f8dc8 mode 0
Event: 17.482 Thread 0x000002b7c8cdac50 DEOPT PACKING pc=0x000002b7f30dafe7 sp=0x000000cf001f9570
Event: 17.482 Thread 0x000002b7c8cdac50 DEOPT UNPACKING pc=0x000002b7f7df66e3 sp=0x000000cf001f8ab8 mode 0
Event: 17.483 Thread 0x000002b7c8cdb670 DEOPT PACKING pc=0x000002b7f2ede360 sp=0x000000cf009f5fb0
Event: 17.483 Thread 0x000002b7c8cdb670 DEOPT UNPACKING pc=0x000002b7f7df66e3 sp=0x000000cf009f54a8 mode 0
Event: 17.488 Thread 0x000002b7c8cd9810 DEOPT PACKING pc=0x000002b7f2ffb46b sp=0x000000cf00af8e40
Event: 17.488 Thread 0x000002b7c8cd9810 DEOPT UNPACKING pc=0x000002b7f7df66e3 sp=0x000000cf00af8548 mode 0
Event: 17.493 Thread 0x000002b7c8cda230 DEOPT PACKING pc=0x000002b7f30dafe7 sp=0x000000cf004f9590
Event: 17.493 Thread 0x000002b7c8cda230 DEOPT UNPACKING pc=0x000002b7f7df66e3 sp=0x000000cf004f8ad8 mode 0

Classes unloaded (11 events):
Event: 10.959 Thread 0x000002b78c0116a0 Unloading class 0x000002b78f3aec00 'java/lang/invoke/LambdaForm$DMH+0x000002b78f3aec00'
Event: 10.959 Thread 0x000002b78c0116a0 Unloading class 0x000002b78f3ae800 'java/lang/invoke/LambdaForm$DMH+0x000002b78f3ae800'
Event: 10.959 Thread 0x000002b78c0116a0 Unloading class 0x000002b78f3ae400 'java/lang/invoke/LambdaForm$DMH+0x000002b78f3ae400'
Event: 10.959 Thread 0x000002b78c0116a0 Unloading class 0x000002b78f3ae000 'java/lang/invoke/LambdaForm$DMH+0x000002b78f3ae000'
Event: 10.959 Thread 0x000002b78c0116a0 Unloading class 0x000002b78f3adc00 'java/lang/invoke/LambdaForm$DMH+0x000002b78f3adc00'
Event: 10.959 Thread 0x000002b78c0116a0 Unloading class 0x000002b78f3ad400 'java/lang/invoke/LambdaForm$DMH+0x000002b78f3ad400'
Event: 10.959 Thread 0x000002b78c0116a0 Unloading class 0x000002b78f3ad800 'java/lang/invoke/LambdaForm$DMH+0x000002b78f3ad800'
Event: 10.959 Thread 0x000002b78c0116a0 Unloading class 0x000002b78f3ad000 'java/lang/invoke/LambdaForm$DMH+0x000002b78f3ad000'
Event: 10.959 Thread 0x000002b78c0116a0 Unloading class 0x000002b78f3acc00 'java/lang/invoke/LambdaForm$DMH+0x000002b78f3acc00'
Event: 10.959 Thread 0x000002b78c0116a0 Unloading class 0x000002b78f3ac400 'java/lang/invoke/LambdaForm$DMH+0x000002b78f3ac400'
Event: 10.959 Thread 0x000002b78c0116a0 Unloading class 0x000002b78f3ac800 'java/lang/invoke/LambdaForm$DMH+0x000002b78f3ac800'

Classes redefined (0 events):
No events

Internal exceptions (20 events):
Event: 16.198 Thread 0x000002b7c8cdcab0 Exception <a 'sun/nio/fs/WindowsException'{0x000000073ec5f428}> (0x000000073ec5f428) 
thrown [s\open\src\hotspot\share\prims\jni.cpp, line 516]
Event: 16.433 Thread 0x000002b7c8cd7ec0 Exception <a 'sun/nio/fs/WindowsException'{0x000000074925b4d8}> (0x000000074925b4d8) 
thrown [s\open\src\hotspot\share\prims\jni.cpp, line 516]
Event: 16.557 Thread 0x000002b7c8cda230 Exception <a 'sun/nio/fs/WindowsException'{0x000000073064c620}> (0x000000073064c620) 
thrown [s\open\src\hotspot\share\prims\jni.cpp, line 516]
Event: 16.569 Thread 0x000002b7c8cda230 Exception <a 'sun/nio/fs/WindowsException'{0x00000007306ae948}> (0x00000007306ae948) 
thrown [s\open\src\hotspot\share\prims\jni.cpp, line 516]
Event: 16.578 Thread 0x000002b7c8cda230 Exception <a 'sun/nio/fs/WindowsException'{0x000000072b2476f8}> (0x000000072b2476f8) 
thrown [s\open\src\hotspot\share\prims\jni.cpp, line 516]
Event: 16.595 Thread 0x000002b7c8cda230 Exception <a 'sun/nio/fs/WindowsException'{0x000000072859d3a0}> (0x000000072859d3a0) 
thrown [s\open\src\hotspot\share\prims\jni.cpp, line 516]
Event: 16.868 Thread 0x000002b7c8cd9810 Exception <a 'sun/nio/fs/WindowsException'{0x0000000755c805a8}> (0x0000000755c805a8) 
thrown [s\open\src\hotspot\share\prims\jni.cpp, line 516]
Event: 16.888 Thread 0x000002b7c8cd9810 Exception <a 'sun/nio/fs/WindowsException'{0x0000000751680fd0}> (0x0000000751680fd0) 
thrown [s\open\src\hotspot\share\prims\jni.cpp, line 516]
Event: 16.903 Thread 0x000002b7c8cda230 Exception <a 'sun/nio/fs/WindowsException'{0x000000074f2341c8}> (0x000000074f2341c8) 
thrown [s\open\src\hotspot\share\prims\jni.cpp, line 516]
Event: 16.934 Thread 0x000002b7c8cda230 Exception <a 'sun/nio/fs/WindowsException'{0x0000000748a79260}> (0x0000000748a79260) 
thrown [s\open\src\hotspot\share\prims\jni.cpp, line 516]
Event: 16.937 Thread 0x000002b7c8cd9300 Exception <a 'sun/nio/fs/WindowsException'{0x000000074adca2f8}> (0x000000074adca2f8) 
thrown [s\open\src\hotspot\share\prims\jni.cpp, line 516]
Event: 16.943 Thread 0x000002b7c8cd9810 Exception <a 'sun/nio/fs/WindowsException'{0x0000000747751798}> (0x0000000747751798) 
thrown [s\open\src\hotspot\share\prims\jni.cpp, line 516]
Event: 16.949 Thread 0x000002b7c8cd9300 Exception <a 'sun/nio/fs/WindowsException'{0x0000000746834bb8}> (0x0000000746834bb8) 
thrown [s\open\src\hotspot\share\prims\jni.cpp, line 516]
Event: 16.950 Thread 0x000002b7c8cd9810 Exception <a 'sun/nio/fs/WindowsException'{0x00000007477b1610}> (0x00000007477b1610) 
thrown [s\open\src\hotspot\share\prims\jni.cpp, line 516]
Event: 16.955 Thread 0x000002b7c8cd9300 Exception <a 'sun/nio/fs/WindowsException'{0x00000007459cd7c0}> (0x00000007459cd7c0) 
thrown [s\open\src\hotspot\share\prims\jni.cpp, line 516]
Event: 16.980 Thread 0x000002b7c8cd9810 Exception <a 'sun/nio/fs/WindowsException'{0x000000074096d478}> (0x000000074096d478) 
thrown [s\open\src\hotspot\share\prims\jni.cpp, line 516]
Event: 16.998 Thread 0x000002b7c8cd9810 Exception <a 'sun/nio/fs/WindowsException'{0x000000073d444cc0}> (0x000000073d444cc0) 
thrown [s\open\src\hotspot\share\prims\jni.cpp, line 516]
Event: 17.018 Thread 0x000002b7c8cd9300 Exception <a 'sun/nio/fs/WindowsException'{0x0000000739768908}> (0x0000000739768908) 
thrown [s\open\src\hotspot\share\prims\jni.cpp, line 516]
Event: 17.094 Thread 0x000002b7c8cd9810 Exception <a 'sun/nio/fs/WindowsException'{0x0000000727e5b298}> (0x0000000727e5b298) 
thrown [s\open\src\hotspot\share\prims\jni.cpp, line 516]
Event: 17.167 Thread 0x000002b7c8cd9810 Exception <a 'sun/nio/fs/WindowsException'{0x000000074ad5af48}> (0x000000074ad5af48) 
thrown [s\open\src\hotspot\share\prims\jni.cpp, line 516]

VM Operations (20 events):
Event: 15.771 Executing VM operation: HandshakeAllThreads done
Event: 15.771 Executing VM operation: HandshakeAllThreads
Event: 15.771 Executing VM operation: HandshakeAllThreads done
Event: 15.899 Executing VM operation: G1CollectForAllocation
Event: 15.913 Executing VM operation: G1CollectForAllocation done
Event: 16.098 Executing VM operation: G1CollectForAllocation
Event: 16.119 Executing VM operation: G1CollectForAllocation done
Event: 16.325 Executing VM operation: G1CollectForAllocation
Event: 16.342 Executing VM operation: G1CollectForAllocation done
Event: 16.596 Executing VM operation: G1CollectForAllocation
Event: 16.611 Executing VM operation: G1CollectForAllocation done
Event: 16.846 Executing VM operation: G1CollectForAllocation
Event: 16.858 Executing VM operation: G1CollectForAllocation done
Event: 17.096 Executing VM operation: G1CollectForAllocation
Event: 17.115 Executing VM operation: G1CollectForAllocation done
Event: 17.135 Executing VM operation: HandshakeAllThreads
Event: 17.135 Executing VM operation: HandshakeAllThreads done
Event: 17.301 Executing VM operation: G1CollectForAllocation
Event: 17.329 Executing VM operation: G1CollectForAllocation done
Event: 17.494 Executing VM operation: G1CollectForAllocation

Events (20 events):
Event: 17.140 Thread 0x000002b78c057940 flushing nmethod 0x000002b7f900d710
Event: 17.162 Thread 0x000002b78c057940 flushing nmethod 0x000002b7f2b29190
Event: 17.162 Thread 0x000002b78c057940 flushing nmethod 0x000002b7f2b71210
Event: 17.165 Thread 0x000002b78c057940 flushing nmethod 0x000002b7f2f79590
Event: 17.166 Thread 0x000002b78c057940 flushing nmethod 0x000002b7f3158310
Event: 17.167 Thread 0x000002b78c057940 flushing nmethod 0x000002b7f33a0090
Event: 17.167 Thread 0x000002b78c057940 flushing nmethod 0x000002b7f33a4990
Event: 17.167 Thread 0x000002b78c057940 flushing nmethod 0x000002b7f33a7610
Event: 17.167 Thread 0x000002b78c057940 flushing nmethod 0x000002b7f33cc310
Event: 17.167 Thread 0x000002b78c057940 flushing nmethod 0x000002b7f33cc790
Event: 17.167 Thread 0x000002b78c057940 flushing nmethod 0x000002b7f33cd310
Event: 17.167 Thread 0x000002b78c057940 flushing nmethod 0x000002b7f33cdc10
Event: 17.167 Thread 0x000002b78c057940 flushing nmethod 0x000002b7f33ce290
Event: 17.167 Thread 0x000002b78c057940 flushing nmethod 0x000002b7f342df10
Event: 17.167 Thread 0x000002b78c057940 flushing nmethod 0x000002b7f344b490
Event: 17.167 Thread 0x000002b78c057940 flushing nmethod 0x000002b7f3456790
Event: 17.167 Thread 0x000002b78c057940 flushing nmethod 0x000002b7f34d5790
Event: 17.167 Thread 0x000002b78c057940 flushing nmethod 0x000002b7f34d8a10
Event: 17.168 Thread 0x000002b78c057940 flushing nmethod 0x000002b7f357c290
Event: 17.168 Thread 0x000002b78c057940 flushing nmethod 0x000002b7f3604b10


Dynamic libraries:
0x00007ff764b40000 - 0x00007ff764b50000 	C:\Program Files\Java\jdk-17\bin\java.exe
0x00007fff883e0000 - 0x00007fff88646000 	C:\Windows\SYSTEM32\ntdll.dll
0x00007fff87d30000 - 0x00007fff87df9000 	C:\Windows\System32\KERNEL32.DLL
0x00007fff85740000 - 0x00007fff85b3f000 	C:\Windows\System32\KERNELBASE.dll
0x00007fff85d10000 - 0x00007fff85e5c000 	C:\Windows\System32\ucrtbase.dll
0x00007fff56220000 - 0x00007fff56239000 	C:\Program Files\Java\jdk-17\bin\jli.dll
0x00007fff61cf0000 - 0x00007fff61d0b000 	C:\Program Files\Java\jdk-17\bin\VCRUNTIME140.dll
0x00007fff87ee0000 - 0x00007fff87f9c000 	C:\Windows\System32\ADVAPI32.dll
0x00007fff861f0000 - 0x00007fff86299000 	C:\Windows\System32\msvcrt.dll
0x00007fff87c80000 - 0x00007fff87d2a000 	C:\Windows\System32\sechost.dll
0x00007fff87680000 - 0x00007fff87798000 	C:\Windows\System32\RPCRT4.dll
0x00007fff88110000 - 0x00007fff882d6000 	C:\Windows\System32\USER32.dll
0x00007fff79770000 - 0x00007fff79a01000 	C:\Windows\WinSxS\amd64_microsoft.windows.common-controls_6595b64144ccf1df_6.0.26100.8972_none_3e0da176e32f9d4b\COMCTL32.dll
0x00007fff85ce0000 - 0x00007fff85d07000 	C:\Windows\System32\win32u.dll
0x00007fff87650000 - 0x00007fff8767b000 	C:\Windows\System32\GDI32.dll
0x00007fff85fe0000 - 0x00007fff86109000 	C:\Windows\System32\gdi32full.dll
0x00007fff85f30000 - 0x00007fff85fd3000 	C:\Windows\System32\msvcp_win.dll
0x00007fff7c6f0000 - 0x00007fff7c6fb000 	C:\Windows\SYSTEM32\VERSION.dll
0x00007fff87e00000 - 0x00007fff87e32000 	C:\Windows\System32\IMM32.DLL
0x00007fff70b50000 - 0x00007fff70c42000 	C:\Program Files\Windhawk\Engine\1.7.3\64\windhawk.dll
0x00007fff70ae0000 - 0x00007fff70afa000 	C:\ProgramData\Windhawk\Engine\Mods\64\win11-accent-border_1.0.4_533266.dll
0x00007fff82b20000 - 0x00007fff82b4f000 	C:\Windows\SYSTEM32\dwmapi.dll
0x00007fff868c0000 - 0x00007fff86c45000 	C:\Windows\System32\combase.dll
0x00007fff7ed80000 - 0x00007fff7ed8c000 	C:\Program Files\Java\jdk-17\bin\vcruntime140_1.dll
0x00007fff21f30000 - 0x00007fff21fbe000 	C:\Program Files\Java\jdk-17\bin\msvcp140.dll
0x00007ffed81c0000 - 0x00007ffed8da0000 	C:\Program Files\Java\jdk-17\bin\server\jvm.dll
0x00007fff87eb0000 - 0x00007fff87eb8000 	C:\Windows\System32\PSAPI.DLL
0x00007fff79730000 - 0x00007fff79766000 	C:\Windows\SYSTEM32\WINMM.dll
0x00007fff77240000 - 0x00007fff7724a000 	C:\Windows\SYSTEM32\WSOCK32.dll
0x00007fff86c50000 - 0x00007fff86cd2000 	C:\Windows\System32\WS2_32.dll
0x00007fff84210000 - 0x00007fff8422b000 	C:\Windows\SYSTEM32\kernel.appcore.dll
0x00007fff7ed40000 - 0x00007fff7ed4a000 	C:\Program Files\Java\jdk-17\bin\jimage.dll
0x00007fff7e140000 - 0x00007fff7e382000 	C:\Windows\SYSTEM32\DBGHELP.DLL
0x00007fff86ce0000 - 0x00007fff86db9000 	C:\Windows\System32\OLEAUT32.dll
0x00007fff79ff0000 - 0x00007fff7a02b000 	C:\Windows\SYSTEM32\dbgcore.DLL
0x00007fff85e70000 - 0x00007fff85f1c000 	C:\Windows\System32\bcryptPrimitives.dll
0x00007fff61ce0000 - 0x00007fff61cee000 	C:\Program Files\Java\jdk-17\bin\instrument.dll
0x00007fff31c00000 - 0x00007fff31c25000 	C:\Program Files\Java\jdk-17\bin\java.dll
0x00007fff00fc0000 - 0x00007fff01097000 	C:\Program Files\Java\jdk-17\bin\jsvml.dll
0x00007fff86dc0000 - 0x00007fff87548000 	C:\Windows\System32\SHELL32.dll
0x00007fff82ff0000 - 0x00007fff8388b000 	C:\Windows\SYSTEM32\windows.storage.dll
0x00007fff87550000 - 0x00007fff87649000 	C:\Windows\System32\SHCORE.dll
0x00007fff87e40000 - 0x00007fff87ea6000 	C:\Windows\System32\shlwapi.dll
0x00007fff85510000 - 0x00007fff85539000 	C:\Windows\SYSTEM32\profapi.dll
0x00007fff30520000 - 0x00007fff30538000 	C:\Program Files\Java\jdk-17\bin\zip.dll
0x00007fff56200000 - 0x00007fff56219000 	C:\Program Files\Java\jdk-17\bin\net.dll
0x00007fff80940000 - 0x00007fff80a68000 	C:\Windows\SYSTEM32\WINHTTP.dll
0x00007fff847a0000 - 0x00007fff8480c000 	C:\Windows\system32\mswsock.dll
0x00007fff30560000 - 0x00007fff30576000 	C:\Program Files\Java\jdk-17\bin\nio.dll
0x00007fff7ed10000 - 0x00007fff7ed20000 	C:\Program Files\Java\jdk-17\bin\verify.dll
0x00007fff7ed50000 - 0x00007fff7ed77000 	C:\Users\Drews\.gradle\native\c067742578af261105cb4f569cf0c3c89f3d7b1fecec35dd04571415982c5e48\windows-amd64\native-platform.dll
0x00007ffefc290000 - 0x00007ffefc3d4000 	C:\Users\Drews\.gradle\native\38dada09dfb8b06ba9b0570ebf7e218e3eb74d4ef43ca46872605cf95ebc2f47\windows-amd64\native-platform-file-events.dll
0x00007fff7ecc0000 - 0x00007fff7ecca000 	C:\Program Files\Java\jdk-17\bin\management.dll
0x00007fff7e390000 - 0x00007fff7e39b000 	C:\Program Files\Java\jdk-17\bin\management_ext.dll
0x00007fff84bc0000 - 0x00007fff84bdb000 	C:\Windows\SYSTEM32\CRYPTSP.dll
0x00007fff84170000 - 0x00007fff841a9000 	C:\Windows\system32\rsaenh.dll
0x00007fff84850000 - 0x00007fff84882000 	C:\Windows\SYSTEM32\USERENV.dll
0x00007fff854e0000 - 0x00007fff8550a000 	C:\Windows\SYSTEM32\bcrypt.dll
0x00007fff84a00000 - 0x00007fff84a0c000 	C:\Windows\SYSTEM32\CRYPTBASE.dll
0x00007fff83bc0000 - 0x00007fff83bf3000 	C:\Windows\SYSTEM32\IPHLPAPI.DLL
0x00007fff88040000 - 0x00007fff8804a000 	C:\Windows\System32\NSI.dll
0x00007fff808d0000 - 0x00007fff808ed000 	C:\Windows\SYSTEM32\dhcpcsvc6.DLL
0x00007fff808a0000 - 0x00007fff808c5000 	C:\Windows\SYSTEM32\dhcpcsvc.DLL
0x00007fff83cb0000 - 0x00007fff83e08000 	C:\Windows\SYSTEM32\DNSAPI.dll
0x00007fff845a0000 - 0x00007fff845ad000 	C:\Windows\SYSTEM32\DSPARSE.dll
0x00007fff31bf0000 - 0x00007fff31bfe000 	C:\Program Files\Java\jdk-17\bin\sunmscapi.dll
0x00007fff85b50000 - 0x00007fff85cce000 	C:\Windows\System32\CRYPT32.dll
0x00007fff84d20000 - 0x00007fff84d50000 	C:\Windows\SYSTEM32\ncrypt.dll
0x00007fff84cd0000 - 0x00007fff84d0f000 	C:\Windows\SYSTEM32\NTASN1.dll
0x00007fff66710000 - 0x00007fff66718000 	C:\Windows\system32\wshunix.dll
0x00007fff71ff0000 - 0x00007fff72008000 	C:\Windows\system32\napinsp.dll
0x00007fff71ef0000 - 0x00007fff71f03000 	C:\Windows\System32\winrnr.dll
0x00007fff71ec0000 - 0x00007fff71ee2000 	C:\Windows\system32\nlansp_c.dll
0x00007fff7f520000 - 0x00007fff7f536000 	C:\Windows\system32\wshbth.dll
0x00007fff80930000 - 0x00007fff8093b000 	C:\Windows\System32\rasadhlp.dll
0x00007fff7f5d0000 - 0x00007fff7f656000 	C:\Windows\System32\fwpuclnt.dll
0x00007fff84340000 - 0x00007fff84376000 	C:\Windows\SYSTEM32\ntmarta.dll

dbghelp: loaded successfully - version: 4.0.5 - missing functions: none
symbol engine: initialized successfully - sym options: 0x614 - pdb path: .;C:\Program Files\Java\jdk-17\bin;C:\Windows\SYSTEM32;C:\Windows\WinSxS\amd64_microsoft.windows.common-controls_6595b64144ccf1df_6.0.26100.8972_none_3e0da176e32f9d4b;C:\Program Files\Windhawk\Engine\1.7.3\64;C:\ProgramData\Windhawk\Engine\Mods\64;C:\Program Files\Java\jdk-17\bin\server;C:\Users\Drews\.gradle\native\c067742578af261105cb4f569cf0c3c89f3d7b1fecec35dd04571415982c5e48\windows-amd64;C:\Users\Drews\.gradle\native\38dada09dfb8b06ba9b0570ebf7e218e3eb74d4ef43ca46872605cf95ebc2f47\windows-amd64

VM Arguments:
jvm_args: -XX:MaxMetaspaceSize=1024m --add-opens=java.base/java.util=ALL-UNNAMED --add-opens=java.base/java.lang=ALL-UNNAMED --add-opens=java.base/java.lang.invoke=ALL-UNNAMED --add-opens=java.prefs/java.util.prefs=ALL-UNNAMED --add-opens=java.base/java.nio.charset=ALL-UNNAMED --add-opens=java.base/java.net=ALL-UNNAMED --add-opens=java.base/java.util.concurrent.atomic=ALL-UNNAMED -Xmx4096m -Dfile.encoding=windows-1252 -Duser.country=US -Duser.language=en -Duser.variant -javaagent:C:\Users\Drews\.gradle\wrapper\dists\gradle-8.4-bin\1w5dpkrfk8irigvoxmyhowfim\gradle-8.4\lib\agents\gradle-instrumentation-agent-8.4.jar 
java_command: org.gradle.launcher.daemon.bootstrap.GradleDaemon 8.4
java_class_path (initial): C:\Users\Drews\.gradle\wrapper\dists\gradle-8.4-bin\1w5dpkrfk8irigvoxmyhowfim\gradle-8.4\lib\gradle-launcher-8.4.jar
Launcher Type: SUN_STANDARD

[Global flags]
     intx CICompilerCount                          = 4                                         {product} {ergonomic}
   size_t CompressedClassSpaceSize                 = 872415232                                 {product} {ergonomic}
     uint ConcGCThreads                            = 3                                         {product} {ergonomic}
     uint G1ConcRefinementThreads                  = 10                                        {product} {ergonomic}
   size_t G1HeapRegionSize                         = 2097152                                   {product} {ergonomic}
    uintx GCDrainStackTargetSize                   = 64                                        {product} {ergonomic}
   size_t InitialHeapSize                          = 285212672                                 {product} {ergonomic}
   size_t MarkStackSize                            = 4194304                                   {product} {ergonomic}
   size_t MaxHeapSize                              = 4294967296                                {product} {command line}
   size_t MaxMetaspaceSize                         = 1073741824                                {product} {command line}
   size_t MaxNewSize                               = 2575302656                                {product} {ergonomic}
   size_t MinHeapDeltaBytes                        = 2097152                                   {product} {ergonomic}
   size_t MinHeapSize                              = 8388608                                   {product} {ergonomic}
    uintx NonNMethodCodeHeapSize                   = 5839372                                {pd product} {ergonomic}
    uintx NonProfiledCodeHeapSize                  = 122909434                              {pd product} {ergonomic}
    uintx ProfiledCodeHeapSize                     = 122909434                              {pd product} {ergonomic}
    uintx ReservedCodeCacheSize                    = 251658240                              {pd product} {ergonomic}
     bool SegmentedCodeCache                       = true                                      {product} {ergonomic}
   size_t SoftMaxHeapSize                          = 4294967296                             {manageable} {ergonomic}
     bool UseCompressedClassPointers               = true                           {product lp64_product} {ergonomic}
     bool UseCompressedOops                        = true                           {product lp64_product} {ergonomic}
     bool UseG1GC                                  = true                                      {product} {ergonomic}
     bool UseLargePagesIndividualAllocation        = false                                  {pd product} {ergonomic}

Logging:
Log output configuration:
 #0: stdout all=warning uptime,level,tags
 #1: stderr all=off uptime,level,tags

Environment Variables:
PATH=C:\Program Files\Common Files\Oracle\Java\javapath;C:\Program Files (x86)\Razer Chroma SDK\bin;C:\Program Files\Razer Chroma SDK\bin;C:\Windows\system32;C:\Windows;C:\Windows\System32\Wbem;C:\Windows\System32\WindowsPowerShell\v1.0\;C:\Windows\System32\OpenSSH\;C:\Program Files\dotnet\;C:\Windows\system32\config\systemprofile\AppData\Local\Microsoft\WindowsApps;C:\Program Files (x86)\Razer\ChromaBroadcast\bin;C:\Program Files\Razer\ChromaBroadcast\bin;C:\Users\Drews\AppData\Local\Microsoft\WindowsApps;C:\Program Files\Git\cmd;C:\adb;C:\Users\Drews\AppData\Local\Microsoft\WindowsApps;C:\Users\Drews\.local\bin;C:\Users\Drews\AppData\Local\Python\bin;C:\Users\Drews\AppData\Local\Python\pythoncore-3.14-64\Scripts;
USERNAME=Drews
OS=Windows_NT
PROCESSOR_IDENTIFIER=AMD64 Family 26 Model 68 Stepping 0, AuthenticAMD



---------------  S Y S T E M  ---------------

OS:
 Windows 11 , 64 bit Build 26100 (10.0.26100.9168)
OS uptime: 0 days 12:01 hours
Hyper-V role detected

CPU: total 12 (initial active 12) (12 cores per cpu, 2 threads per core) family 26 model 68 stepping 0 microcode 0xb404035, cx8, cmov, fxsr, ht, mmx, 3dnowpref, sse, sse2, sse3, ssse3, sse4a, sse4.1, sse4.2, popcnt, lzcnt, tsc, tscinvbit, avx, avx2, aes, erms, clmul, bmi1, bmi2, adx, avx512f, avx512dq, avx512cd, avx512bw, avx512vl, sha, fma, vzeroupper, avx512_vpopcntdq, avx512_vpclmulqdq, avx512_vaes, avx512_vnni, clflush, clflushopt, avx512_vbmi2, avx512_vbmi, hv

Memory: 4k page, system-wide physical 17285M (598M free)
TotalPageFile size 33285M (AvailPageFile size 172M)
current process WorkingSet (physical memory assigned to process): 1920M, peak: 1930M
current process commit charge ("private bytes"): 2005M, peak: 2228M

vm_info: Java HotSpot(TM) 64-Bit Server VM (17.0.12+8-LTS-286) for windows-amd64 JRE (17.0.12+8-LTS-286), built on Jun  5 2024 06:46:59 by "mach5one" with MS VC++ 17.6 (VS2022)

END.
