#
# There is insufficient memory for the Java Runtime Environment to continue.
# Native memory allocation (malloc) failed to allocate 1101776 bytes for Chunk::new
# Possible reasons:
#   The system is out of physical RAM or swap space
#   The process is running with CompressedOops enabled, and the Java Heap may be blocking the growth of the native heap
# Possible solutions:
#   Reduce memory load on the system
#   Increase physical memory or swap space
#   Check if swap backing store is full
#   Decrease Java heap size (-Xmx/-Xms)
#   Decrease number of Java threads
#   Decrease Java thread stack sizes (-Xss)
#   Set larger code cache with -XX:ReservedCodeCacheSize=
#   JVM is running with Zero Based Compressed Oops mode in which the Java heap is
#     placed in the first 32GB address space. The Java Heap base address is the
#     maximum limit for the native heap growth. Please use -XX:HeapBaseMinAddress
#     to set the Java Heap base and to place the Java Heap above 32GB virtual address.
# This output file may be truncated or incomplete.
#
#  Out of Memory Error (arena.cpp:189), pid=22024, tid=2940
#
# JRE version: Java(TM) SE Runtime Environment (17.0.12+8) (build 17.0.12+8-LTS-286)
# Java VM: Java HotSpot(TM) 64-Bit Server VM (17.0.12+8-LTS-286, mixed mode, sharing, tiered, compressed oops, compressed class ptrs, g1 gc, windows-amd64)
# No core dump will be written. Minidumps are not enabled by default on client versions of Windows
#

---------------  S U M M A R Y ------------

Command Line: -XX:MaxMetaspaceSize=2048m --add-opens=java.base/java.util=ALL-UNNAMED --add-opens=java.base/java.lang=ALL-UNNAMED --add-opens=java.base/java.lang.invoke=ALL-UNNAMED --add-opens=java.prefs/java.util.prefs=ALL-UNNAMED --add-opens=java.base/java.nio.charset=ALL-UNNAMED --add-opens=java.base/java.net=ALL-UNNAMED --add-opens=java.base/java.util.concurrent.atomic=ALL-UNNAMED -Xmx8192m -Dfile.encoding=windows-1252 -Duser.country=US -Duser.language=en -Duser.variant -javaagent:C:\Users\Drews\.gradle\wrapper\dists\gradle-8.4-bin\1w5dpkrfk8irigvoxmyhowfim\gradle-8.4\lib\agents\gradle-instrumentation-agent-8.4.jar org.gradle.launcher.daemon.bootstrap.GradleDaemon 8.4

Host: AMD Ryzen 5 9600X 6-Core Processor             , 12 cores, 16G,  Windows 11 , 64 bit Build 26100 (10.0.26100.9168)
Time: Sun Sep 13 13:52:33 2026 Pacific Daylight Time elapsed time: 12.327413 seconds (0d 0h 0m 12s)

---------------  T H R E A D  ---------------

Current thread (0x0000021ec2560710):  JavaThread "C2 CompilerThread2" daemon [_thread_in_native, id=2940, stack(0x00000048eef00000,0x00000048ef000000)]


Current CompileTask:
C2:  12327 18910       4       com.android.tools.r8.graph.d5::a (200 bytes)

Stack: [0x00000048eef00000,0x00000048ef000000]
Native frames: (J=compiled Java code, j=interpreted, Vv=VM code, C=native code)
V  [jvm.dll+0x67a04a]
V  [jvm.dll+0x7da4ed]
V  [jvm.dll+0x7dbe33]
V  [jvm.dll+0x7dc4a3]
V  [jvm.dll+0x24508f]
V  [jvm.dll+0xab773]
V  [jvm.dll+0xabd3c]
V  [jvm.dll+0x2aa52f]
V  [jvm.dll+0x581eb9]
V  [jvm.dll+0x21f422]
V  [jvm.dll+0x21856c]
V  [jvm.dll+0x215b65]
V  [jvm.dll+0x1a2960]
V  [jvm.dll+0x22610b]
V  [jvm.dll+0x2242ab]
V  [jvm.dll+0x79075c]
V  [jvm.dll+0x78abea]
V  [jvm.dll+0x678f35]
C  [ucrtbase.dll+0x2cd30]
C  [KERNEL32.DLL+0x2ccb7]
C  [ntdll.dll+0xaad6c]


---------------  P R O C E S S  ---------------

Threads class SMR info:
_java_thread_list=0x0000021ec84202f0, length=218, elements={
0x0000021ecd21e6d0, 0x0000021ef7930c20, 0x0000021ef7933700, 0x0000021ef794d050,
0x0000021ef794d920, 0x0000021ef794e1f0, 0x0000021ef7952ad0, 0x0000021ef797d700,
0x0000021ef797e010, 0x0000021efa4c2360, 0x0000021efa5b8d60, 0x0000021efa69c840,
0x0000021efa6af900, 0x0000021ec2b2d0d0, 0x0000021ec1984f50, 0x0000021ec1bf1790,
0x0000021eff0ccb40, 0x0000021ec2038960, 0x0000021ec25a24e0, 0x0000021ec25a29f0,
0x0000021ec25a2f00, 0x0000021ec25a15b0, 0x0000021ec259fc60, 0x0000021ec25a0b90,
0x0000021ec25a0170, 0x0000021ec25a0680, 0x0000021ec25a10a0, 0x0000021ec25a1ac0,
0x0000021ec25a1fd0, 0x0000021ec23465b0, 0x0000021ec23474e0, 0x0000021ec23460a0,
0x0000021ec2345680, 0x0000021ec2349340, 0x0000021ec23479f0, 0x0000021ec2347f00,
0x0000021ec2348410, 0x0000021ec2346fd0, 0x0000021ec2348920, 0x0000021ec2348e30,
0x0000021ec2349850, 0x0000021ec2349d60, 0x0000021ec234a270, 0x0000021ec234a780,
0x0000021ec234c5e0, 0x0000021ec234ac90, 0x0000021ec234b1a0, 0x0000021ec234d000,
0x0000021ec234b6b0, 0x0000021ec234bbc0, 0x0000021ec234c0d0, 0x0000021ec234caf0,
0x0000021ec59a4060, 0x0000021ec59a2710, 0x0000021ec59a3b50, 0x0000021ec59a3640,
0x0000021ec59a4570, 0x0000021ec59a4a80, 0x0000021ec59a4f90, 0x0000021ec59a54a0,
0x0000021ec59a1cf0, 0x0000021ec59a5ec0, 0x0000021ec59a8c50, 0x0000021ec2560710,
0x0000021ec59a7300, 0x0000021ec59a7d20, 0x0000021ec59a7810, 0x0000021ec2345b90,
0x0000021ec25a3410, 0x0000021ec3384ea0, 0x0000021ec33862e0, 0x0000021ec33853b0,
0x0000021ec33858c0, 0x0000021ec3385dd0, 0x0000021ec33867f0, 0x0000021ec3387c30,
0x0000021ec3387210, 0x0000021ec3384480, 0x0000021ec3384990, 0x0000021ec3387720,
0x0000021ec3386d00, 0x0000021ec3c2f830, 0x0000021ec3c2fd40, 0x0000021ec3c2e3f0,
0x0000021ec3c30250, 0x0000021ec3c2cfb0, 0x0000021ec3c2e900, 0x0000021ec3c30c70,
0x0000021ec3c30760, 0x0000021ec3c31180, 0x0000021ec3c31690, 0x0000021ec3c2dee0,
0x0000021ec3c2f320, 0x0000021ec3c2ee10, 0x0000021ec3c325c0, 0x0000021ec3c31ba0,
0x0000021ec3c34420, 0x0000021ec3c33a00, 0x0000021ec3c32ad0, 0x0000021ec3c334f0,
0x0000021ec3c32fe0, 0x0000021ec3c33f10, 0x0000021ec77cc340, 0x0000021ec77caf00,
0x0000021ec77cbe30, 0x0000021ec77cc850, 0x0000021ec77cb410, 0x0000021ec77ccd60,
0x0000021ec77cd270, 0x0000021ec77c9ac0, 0x0000021ec77ce1a0, 0x0000021ec77ce6b0,
0x0000021ec77cebc0, 0x0000021ec77cf0d0, 0x0000021ec77cb920, 0x0000021ec77cf5e0,
0x0000021ec77cfaf0, 0x0000021ec77d0000, 0x0000021ec77d0510, 0x0000021ec77d0a20,
0x0000021ec77d0f30, 0x0000021ec77d1440, 0x0000021ec3c320b0, 0x0000021ec62b3f90,
0x0000021ec62b58e0, 0x0000021ec62b44a0, 0x0000021ec62b49b0, 0x0000021ec62b4ec0,
0x0000021ec62b5df0, 0x0000021ec62b53d0, 0x0000021ec62b6300, 0x0000021ec62b3060,
0x0000021ec62b3a80, 0x0000021ec62ba4d0, 0x0000021ec62b8160, 0x0000021ec62b9fc0,
0x0000021ec62b9ab0, 0x0000021ec62b7740, 0x0000021ec62b8670, 0x0000021ec62b7230,
0x0000021ec62b7c50, 0x0000021ec62b9090, 0x0000021ec62b95a0, 0x0000021ec62ba9e0,
0x0000021ec7ba1c00, 0x0000021ec7ba3a60, 0x0000021ec7ba3040, 0x0000021ec7ba3f70,
0x0000021ec7ba4ea0, 0x0000021ec7ba3550, 0x0000021ec7ba4480, 0x0000021ec7ba4990,
0x0000021ec7ba16f0, 0x0000021ec7ba53b0, 0x0000021ec7ba58c0, 0x0000021ec7ba2110,
0x0000021ec7ba2b30, 0x0000021ec7ba2620, 0x0000021ec7ba7720, 0x0000021ec7ba9070,
0x0000021ec7ba8140, 0x0000021ec7ba7c30, 0x0000021ec7ba62e0, 0x0000021ec7ba7210,
0x0000021ec7ba8650, 0x0000021ec7ba67f0, 0x0000021ec7ba8b60, 0x0000021ec7ba6d00,
0x0000021ec7716fb0, 0x0000021ec7718900, 0x0000021ec7719320, 0x0000021ec7718e10,
0x0000021ec7719830, 0x0000021ec7716080, 0x0000021ec7719d40, 0x0000021ec7716590,
0x0000021ec771a250, 0x0000021ec7716aa0, 0x0000021ec771a760, 0x0000021ec77179d0,
0x0000021ec7717ee0, 0x0000021ec771ac70, 0x0000021ec77183f0, 0x0000021ec77174c0,
0x0000021ec771b180, 0x0000021ec771b690, 0x0000021ec771bba0, 0x0000021ec771c0b0,
0x0000021ec771cad0, 0x0000021ec771cfe0, 0x0000021ec771da00, 0x0000021ec771d4f0,
0x0000021ec83449e0, 0x0000021ec8347c80, 0x0000021ec8344ef0, 0x0000021ec8345400,
0x0000021ec8346d50, 0x0000021ec8347770, 0x0000021ec8346330, 0x0000021ec8346840,
0x0000021ec83490c0, 0x0000021ec8348190, 0x0000021ec8345e20, 0x0000021ec83486a0,
0x0000021ec8348bb0, 0x0000021ec8345910, 0x0000021ec8349ff0, 0x0000021ec834a500,
0x0000021ec834aa10, 0x0000021ec8349ae0, 0x0000021ec834b940, 0x0000021ec834af20,
0x0000021ec3c2d4c0, 0x0000021ec7212930, 0x0000021ec7212e40, 0x0000021ec7213350,
0x0000021ec7214280, 0x0000021ec7213860
}

Java Threads: ( => current thread )
  0x0000021ecd21e6d0 JavaThread "main" [_thread_blocked, id=24928, stack(0x00000048edb00000,0x00000048edc00000)]
  0x0000021ef7930c20 JavaThread "Reference Handler" daemon [_thread_blocked, id=17528, stack(0x00000048ee200000,0x00000048ee300000)]
  0x0000021ef7933700 JavaThread "Finalizer" daemon [_thread_blocked, id=18396, stack(0x00000048ee300000,0x00000048ee400000)]
  0x0000021ef794d050 JavaThread "Signal Dispatcher" daemon [_thread_blocked, id=22688, stack(0x00000048ee400000,0x00000048ee500000)]
  0x0000021ef794d920 JavaThread "Attach Listener" daemon [_thread_blocked, id=20840, stack(0x00000048ee500000,0x00000048ee600000)]
  0x0000021ef794e1f0 JavaThread "Service Thread" daemon [_thread_blocked, id=24072, stack(0x00000048ee600000,0x00000048ee700000)]
  0x0000021ef7952ad0 JavaThread "Monitor Deflation Thread" daemon [_thread_blocked, id=1680, stack(0x00000048ee700000,0x00000048ee800000)]
  0x0000021ef797d700 JavaThread "C2 CompilerThread0" daemon [_thread_in_native, id=14136, stack(0x00000048ee800000,0x00000048ee900000)]
  0x0000021ef797e010 JavaThread "C1 CompilerThread0" daemon [_thread_blocked, id=16212, stack(0x00000048ee900000,0x00000048eea00000)]
  0x0000021efa4c2360 JavaThread "Sweeper thread" daemon [_thread_blocked, id=21436, stack(0x00000048eea00000,0x00000048eeb00000)]
  0x0000021efa5b8d60 JavaThread "Common-Cleaner" daemon [_thread_blocked, id=19844, stack(0x00000048eeb00000,0x00000048eec00000)]
  0x0000021efa69c840 JavaThread "Notification Thread" daemon [_thread_blocked, id=21172, stack(0x00000048eec00000,0x00000048eed00000)]
  0x0000021efa6af900 JavaThread "C2 CompilerThread1" daemon [_thread_in_native, id=22156, stack(0x00000048eee00000,0x00000048eef00000)]
  0x0000021ec2b2d0d0 JavaThread "Daemon health stats" [_thread_blocked, id=24244, stack(0x00000048ef500000,0x00000048ef600000)]
  0x0000021ec1984f50 JavaThread "Incoming local TCP Connector on port 46988" [_thread_in_native, id=22064, stack(0x00000048ef600000,0x00000048ef700000)]
  0x0000021ec1bf1790 JavaThread "Daemon periodic checks" [_thread_blocked, id=22976, stack(0x00000048ef700000,0x00000048ef800000)]
  0x0000021eff0ccb40 JavaThread "Daemon" [_thread_blocked, id=19348, stack(0x00000048ef800000,0x00000048ef900000)]
  0x0000021ec2038960 JavaThread "Handler for socket connection from /127.0.0.1:46988 to /127.0.0.1:46989" [_thread_in_native, id=21724, stack(0x00000048ef900000,0x00000048efa00000)]
  0x0000021ec25a24e0 JavaThread "Cancel handler" [_thread_blocked, id=4036, stack(0x00000048efa00000,0x00000048efb00000)]
  0x0000021ec25a29f0 JavaThread "Daemon worker" [_thread_blocked, id=18724, stack(0x00000048efb00000,0x00000048efc00000)]
  0x0000021ec25a2f00 JavaThread "Asynchronous log dispatcher for DefaultDaemonConnection: socket connection from /127.0.0.1:46988 to /127.0.0.1:46989" [_thread_blocked, id=2220, stack(0x00000048efc00000,0x00000048efd00000)]
  0x0000021ec25a15b0 JavaThread "Stdin handler" [_thread_blocked, id=15532, stack(0x00000048efd00000,0x00000048efe00000)]
  0x0000021ec259fc60 JavaThread "Daemon client event forwarder" [_thread_blocked, id=24764, stack(0x00000048efe00000,0x00000048eff00000)]
  0x0000021ec25a0b90 JavaThread "Cache worker for journal cache (C:\Users\Drews\.gradle\caches\journal-1)" [_thread_blocked, id=11988, stack(0x00000048f0300000,0x00000048f0400000)]
  0x0000021ec25a0170 JavaThread "File lock request listener" [_thread_in_native, id=23856, stack(0x00000048f0400000,0x00000048f0500000)]
  0x0000021ec25a0680 JavaThread "Cache worker for file hash cache (C:\Users\Drews\.gradle\caches\8.4\fileHashes)" [_thread_blocked, id=14796, stack(0x00000048f0500000,0x00000048f0600000)]
  0x0000021ec25a10a0 JavaThread "File watcher server" daemon [_thread_in_native, id=12072, stack(0x00000048f0600000,0x00000048f0700000)]
  0x0000021ec25a1ac0 JavaThread "File watcher consumer" daemon [_thread_blocked, id=20908, stack(0x00000048f0700000,0x00000048f0800000)]
  0x0000021ec25a1fd0 JavaThread "Cache worker for checksums cache (C:\Users\Drews\AndroidStudioProjects\Chessin\.gradle\8.4\checksums)" [_thread_blocked, id=22316, stack(0x00000048f0800000,0x00000048f0900000)]
  0x0000021ec23465b0 JavaThread "Cache worker for file hash cache (C:\Users\Drews\AndroidStudioProjects\Chessin\.gradle\8.4\fileHashes)" [_thread_blocked, id=20184, stack(0x00000048f0900000,0x00000048f0a00000)]
  0x0000021ec23474e0 JavaThread "Cache worker for cache directory md-supplier (C:\Users\Drews\.gradle\caches\8.4\md-supplier)" [_thread_blocked, id=16208, stack(0x00000048f0c00000,0x00000048f0d00000)]
  0x0000021ec23460a0 JavaThread "Cache worker for file content cache (C:\Users\Drews\.gradle\caches\8.4\fileContent)" [_thread_blocked, id=18064, stack(0x00000048f0d00000,0x00000048f0e00000)]
  0x0000021ec2345680 JavaThread "Cache worker for cache directory md-rule (C:\Users\Drews\.gradle\caches\8.4\md-rule)" [_thread_blocked, id=4836, stack(0x00000048f0e00000,0x00000048f0f00000)]
  0x0000021ec2349340 JavaThread "Cache worker for execution history cache (C:\Users\Drews\.gradle\caches\8.4\executionHistory)" [_thread_blocked, id=17636, stack(0x00000048f0f00000,0x00000048f1000000)]
  0x0000021ec23479f0 JavaThread "Cache worker for kotlin-dsl (C:\Users\Drews\.gradle\caches\8.4\kotlin-dsl)" [_thread_blocked, id=24744, stack(0x00000048f1000000,0x00000048f1100000)]
  0x0000021ec2347f00 JavaThread "jar transforms" [_thread_blocked, id=22904, stack(0x00000048f1100000,0x00000048f1200000)]
  0x0000021ec2348410 JavaThread "jar transforms Thread 2" [_thread_blocked, id=18344, stack(0x00000048f1200000,0x00000048f1300000)]
  0x0000021ec2346fd0 JavaThread "Unconstrained build operations" [_thread_blocked, id=18076, stack(0x00000048f1300000,0x00000048f1400000)]
  0x0000021ec2348920 JavaThread "jar transforms Thread 3" [_thread_blocked, id=23140, stack(0x00000048f1400000,0x00000048f1500000)]
  0x0000021ec2348e30 JavaThread "jar transforms Thread 4" [_thread_blocked, id=21976, stack(0x00000048f1500000,0x00000048f1600000)]
  0x0000021ec2349850 JavaThread "jar transforms Thread 5" [_thread_blocked, id=404, stack(0x00000048f1600000,0x00000048f1700000)]
  0x0000021ec2349d60 JavaThread "jar transforms Thread 6" [_thread_blocked, id=18356, stack(0x00000048f1700000,0x00000048f1800000)]
  0x0000021ec234a270 JavaThread "Cache worker for dependencies-accessors (C:\Users\Drews\AndroidStudioProjects\Chessin\.gradle\8.4\dependencies-accessors)" [_thread_blocked, id=23216, stack(0x00000048f1800000,0x00000048f1900000)]
  0x0000021ec234a780 JavaThread "Cache worker for Build Output Cleanup Cache (C:\Users\Drews\AndroidStudioProjects\Chessin\.gradle\buildOutputCleanup)" [_thread_blocked, id=21632, stack(0x00000048f1900000,0x00000048f1a00000)]
  0x0000021ec234c5e0 JavaThread "jar transforms Thread 7" [_thread_blocked, id=15900, stack(0x00000048f1a00000,0x00000048f1b00000)]
  0x0000021ec234ac90 JavaThread "jar transforms Thread 8" [_thread_blocked, id=8916, stack(0x00000048f1b00000,0x00000048f1c00000)]
  0x0000021ec234b1a0 JavaThread "Unconstrained build operations Thread 2" [_thread_blocked, id=20420, stack(0x00000048f1c00000,0x00000048f1d00000)]
  0x0000021ec234d000 JavaThread "Unconstrained build operations Thread 3" [_thread_blocked, id=16148, stack(0x00000048f1d00000,0x00000048f1e00000)]
  0x0000021ec234b6b0 JavaThread "Unconstrained build operations Thread 4" [_thread_blocked, id=22052, stack(0x00000048f1e00000,0x00000048f1f00000)]
  0x0000021ec234bbc0 JavaThread "Unconstrained build operations Thread 5" [_thread_blocked, id=19020, stack(0x00000048f1f00000,0x00000048f2000000)]
  0x0000021ec234c0d0 JavaThread "Unconstrained build operations Thread 6" [_thread_blocked, id=6040, stack(0x00000048f2000000,0x00000048f2100000)]
  0x0000021ec234caf0 JavaThread "Unconstrained build operations Thread 7" [_thread_blocked, id=19992, stack(0x00000048f2100000,0x00000048f2200000)]
  0x0000021ec59a4060 JavaThread "Unconstrained build operations Thread 8" [_thread_blocked, id=23836, stack(0x00000048f2200000,0x00000048f2300000)]
  0x0000021ec59a2710 JavaThread "Unconstrained build operations Thread 9" [_thread_blocked, id=6976, stack(0x00000048f2300000,0x00000048f2400000)]
  0x0000021ec59a3b50 JavaThread "Unconstrained build operations Thread 10" [_thread_blocked, id=1656, stack(0x00000048f2400000,0x00000048f2500000)]
  0x0000021ec59a3640 JavaThread "Unconstrained build operations Thread 11" [_thread_blocked, id=4956, stack(0x00000048f2500000,0x00000048f2600000)]
  0x0000021ec59a4570 JavaThread "Unconstrained build operations Thread 12" [_thread_blocked, id=21148, stack(0x00000048f2600000,0x00000048f2700000)]
  0x0000021ec59a4a80 JavaThread "jar transforms Thread 9" [_thread_blocked, id=6832, stack(0x00000048f2700000,0x00000048f2800000)]
  0x0000021ec59a4f90 JavaThread "jar transforms Thread 10" [_thread_blocked, id=14404, stack(0x00000048f2800000,0x00000048f2900000)]
  0x0000021ec59a54a0 JavaThread "jar transforms Thread 11" [_thread_blocked, id=10428, stack(0x00000048f2900000,0x00000048f2a00000)]
  0x0000021ec59a1cf0 JavaThread "jar transforms Thread 12" [_thread_blocked, id=18448, stack(0x00000048f2a00000,0x00000048f2b00000)]
  0x0000021ec59a5ec0 JavaThread "Memory manager" [_thread_blocked, id=23292, stack(0x00000048f2b00000,0x00000048f2c00000)]
  0x0000021ec59a8c50 JavaThread "build event listener" [_thread_blocked, id=18948, stack(0x00000048f2c00000,0x00000048f2d00000)]
=>0x0000021ec2560710 JavaThread "C2 CompilerThread2" daemon [_thread_in_native, id=2940, stack(0x00000048eef00000,0x00000048ef000000)]
  0x0000021ec59a7300 JavaThread "included builds" [_thread_blocked, id=25416, stack(0x00000048f2d00000,0x00000048f2e00000)]
  0x0000021ec59a7d20 JavaThread "Execution worker" [_thread_blocked, id=22372, stack(0x00000048f2e00000,0x00000048f2f00000)]
  0x0000021ec59a7810 JavaThread "Execution worker Thread 2" [_thread_blocked, id=21296, stack(0x00000048f2f00000,0x00000048f3000000)]
  0x0000021ec2345b90 JavaThread "Execution worker Thread 3" [_thread_blocked, id=25088, stack(0x00000048f3000000,0x00000048f3100000)]
  0x0000021ec25a3410 JavaThread "Execution worker Thread 4" [_thread_blocked, id=9616, stack(0x00000048f3100000,0x00000048f3200000)]
  0x0000021ec3384ea0 JavaThread "Execution worker Thread 5" [_thread_blocked, id=13720, stack(0x00000048f3200000,0x00000048f3300000)]
  0x0000021ec33862e0 JavaThread "Execution worker Thread 6" [_thread_blocked, id=18440, stack(0x00000048f3300000,0x00000048f3400000)]
  0x0000021ec33853b0 JavaThread "Execution worker Thread 7" [_thread_blocked, id=5560, stack(0x00000048f3400000,0x00000048f3500000)]
  0x0000021ec33858c0 JavaThread "Execution worker Thread 8" [_thread_blocked, id=15820, stack(0x00000048f3500000,0x00000048f3600000)]
  0x0000021ec3385dd0 JavaThread "Execution worker Thread 9" [_thread_blocked, id=19496, stack(0x00000048f3600000,0x00000048f3700000)]
  0x0000021ec33867f0 JavaThread "Execution worker Thread 10" [_thread_blocked, id=20808, stack(0x00000048f3700000,0x00000048f3800000)]
  0x0000021ec3387c30 JavaThread "Execution worker Thread 11" [_thread_blocked, id=2760, stack(0x00000048f3800000,0x00000048f3900000)]
  0x0000021ec3387210 JavaThread "Cache worker for execution history cache (C:\Users\Drews\AndroidStudioProjects\Chessin\.gradle\8.4\executionHistory)" [_thread_blocked, id=9532, stack(0x00000048f3900000,0x00000048f3a00000)]
  0x0000021ec3384480 JavaThread "Unconstrained build operations Thread 13" [_thread_blocked, id=23272, stack(0x00000048f3a00000,0x00000048f3b00000)]
  0x0000021ec3384990 JavaThread "Unconstrained build operations Thread 14" [_thread_blocked, id=7268, stack(0x00000048f3b00000,0x00000048f3c00000)]
  0x0000021ec3387720 JavaThread "Unconstrained build operations Thread 15" [_thread_blocked, id=22056, stack(0x00000048f3c00000,0x00000048f3d00000)]
  0x0000021ec3386d00 JavaThread "Unconstrained build operations Thread 16" [_thread_blocked, id=4696, stack(0x00000048f3d00000,0x00000048f3e00000)]
  0x0000021ec3c2f830 JavaThread "Unconstrained build operations Thread 17" [_thread_blocked, id=24164, stack(0x00000048f3e00000,0x00000048f3f00000)]
  0x0000021ec3c2fd40 JavaThread "Unconstrained build operations Thread 18" [_thread_blocked, id=13680, stack(0x00000048f3f00000,0x00000048f4000000)]
  0x0000021ec3c2e3f0 JavaThread "Unconstrained build operations Thread 19" [_thread_blocked, id=24996, stack(0x00000048f4000000,0x00000048f4100000)]
  0x0000021ec3c30250 JavaThread "Unconstrained build operations Thread 20" [_thread_blocked, id=21164, stack(0x00000048f4100000,0x00000048f4200000)]
  0x0000021ec3c2cfb0 JavaThread "Unconstrained build operations Thread 21" [_thread_blocked, id=16836, stack(0x00000048f4200000,0x00000048f4300000)]
  0x0000021ec3c2e900 JavaThread "Unconstrained build operations Thread 22" [_thread_blocked, id=22256, stack(0x00000048f4300000,0x00000048f4400000)]
  0x0000021ec3c30c70 JavaThread "Unconstrained build operations Thread 23" [_thread_blocked, id=20728, stack(0x00000048f4400000,0x00000048f4500000)]
  0x0000021ec3c30760 JavaThread "WorkerExecutor Queue" [_thread_blocked, id=24852, stack(0x00000048f4500000,0x00000048f4600000)]
  0x0000021ec3c31180 JavaThread "Unconstrained build operations Thread 24" [_thread_blocked, id=6508, stack(0x00000048f4600000,0x00000048f4700000)]
  0x0000021ec3c31690 JavaThread "Unconstrained build operations Thread 25" [_thread_blocked, id=12040, stack(0x00000048f4700000,0x00000048f4800000)]
  0x0000021ec3c2dee0 JavaThread "Unconstrained build operations Thread 26" [_thread_blocked, id=10128, stack(0x00000048f4800000,0x00000048f4900000)]
  0x0000021ec3c2f320 JavaThread "Unconstrained build operations Thread 27" [_thread_blocked, id=14932, stack(0x00000048f4900000,0x00000048f4a00000)]
  0x0000021ec3c2ee10 JavaThread "Unconstrained build operations Thread 28" [_thread_blocked, id=18900, stack(0x00000048f4a00000,0x00000048f4b00000)]
  0x0000021ec3c325c0 JavaThread "Unconstrained build operations Thread 29" [_thread_blocked, id=17868, stack(0x00000048f4b00000,0x00000048f4c00000)]
  0x0000021ec3c31ba0 JavaThread "Unconstrained build operations Thread 30" [_thread_blocked, id=20324, stack(0x00000048f4c00000,0x00000048f4d00000)]
  0x0000021ec3c34420 JavaThread "Unconstrained build operations Thread 31" [_thread_blocked, id=25404, stack(0x00000048f4d00000,0x00000048f4e00000)]
  0x0000021ec3c33a00 JavaThread "Unconstrained build operations Thread 32" [_thread_blocked, id=1948, stack(0x00000048f4e00000,0x00000048f4f00000)]
  0x0000021ec3c32ad0 JavaThread "Unconstrained build operations Thread 33" [_thread_blocked, id=25008, stack(0x00000048f4f00000,0x00000048f5000000)]
  0x0000021ec3c334f0 JavaThread "Unconstrained build operations Thread 34" [_thread_blocked, id=11664, stack(0x00000048f5000000,0x00000048f5100000)]
  0x0000021ec3c32fe0 JavaThread "WorkerExecutor Queue Thread 2" [_thread_blocked, id=7104, stack(0x00000048f5400000,0x00000048f5500000)]
  0x0000021ec3c33f10 JavaThread "WorkerExecutor Queue Thread 3" [_thread_in_native, id=18164, stack(0x00000048f5500000,0x00000048f5600000)]
  0x0000021ec77cc340 JavaThread "WorkerExecutor Queue Thread 4" [_thread_blocked, id=17160, stack(0x00000048f5600000,0x00000048f5700000)]
  0x0000021ec77caf00 JavaThread "WorkerExecutor Queue Thread 5" [_thread_blocked, id=16160, stack(0x00000048f5700000,0x00000048f5800000)]
  0x0000021ec77cbe30 JavaThread "WorkerExecutor Queue Thread 6" [_thread_blocked, id=5040, stack(0x00000048f5800000,0x00000048f5900000)]
  0x0000021ec77cc850 JavaThread "WorkerExecutor Queue Thread 7" [_thread_blocked, id=23228, stack(0x00000048f5900000,0x00000048f5a00000)]
  0x0000021ec77cb410 JavaThread "WorkerExecutor Queue Thread 8" [_thread_blocked, id=18088, stack(0x00000048f5a00000,0x00000048f5b00000)]
  0x0000021ec77ccd60 JavaThread "WorkerExecutor Queue Thread 9" [_thread_blocked, id=25228, stack(0x00000048f5b00000,0x00000048f5c00000)]
  0x0000021ec77cd270 JavaThread "WorkerExecutor Queue Thread 10" [_thread_blocked, id=18464, stack(0x00000048f5c00000,0x00000048f5d00000)]
  0x0000021ec77c9ac0 JavaThread "WorkerExecutor Queue Thread 11" [_thread_blocked, id=18784, stack(0x00000048f5d00000,0x00000048f5e00000)]
  0x0000021ec77ce1a0 JavaThread "Unconstrained build operations Thread 35" [_thread_blocked, id=19480, stack(0x00000048f5f00000,0x00000048f6000000)]
  0x0000021ec77ce6b0 JavaThread "Unconstrained build operations Thread 36" [_thread_blocked, id=20468, stack(0x00000048f6000000,0x00000048f6100000)]
  0x0000021ec77cebc0 JavaThread "Unconstrained build operations Thread 37" [_thread_blocked, id=25392, stack(0x00000048f6100000,0x00000048f6200000)]
  0x0000021ec77cf0d0 JavaThread "Unconstrained build operations Thread 38" [_thread_blocked, id=876, stack(0x00000048f6200000,0x00000048f6300000)]
  0x0000021ec77cb920 JavaThread "Unconstrained build operations Thread 39" [_thread_blocked, id=18500, stack(0x00000048f6300000,0x00000048f6400000)]
  0x0000021ec77cf5e0 JavaThread "Unconstrained build operations Thread 40" [_thread_blocked, id=19264, stack(0x00000048f6400000,0x00000048f6500000)]
  0x0000021ec77cfaf0 JavaThread "Unconstrained build operations Thread 41" [_thread_blocked, id=17156, stack(0x00000048f6500000,0x00000048f6600000)]
  0x0000021ec77d0000 JavaThread "Unconstrained build operations Thread 42" [_thread_blocked, id=25108, stack(0x00000048f6600000,0x00000048f6700000)]
  0x0000021ec77d0510 JavaThread "Unconstrained build operations Thread 43" [_thread_blocked, id=19032, stack(0x00000048f6700000,0x00000048f6800000)]
  0x0000021ec77d0a20 JavaThread "Unconstrained build operations Thread 44" [_thread_blocked, id=6440, stack(0x00000048f6800000,0x00000048f6900000)]
  0x0000021ec77d0f30 JavaThread "Unconstrained build operations Thread 45" [_thread_blocked, id=15132, stack(0x00000048f6900000,0x00000048f6a00000)]
  0x0000021ec77d1440 JavaThread "Unconstrained build operations Thread 46" [_thread_blocked, id=8116, stack(0x00000048f6a00000,0x00000048f6b00000)]
  0x0000021ec3c320b0 JavaThread "Unconstrained build operations Thread 47" [_thread_blocked, id=23672, stack(0x00000048f6b00000,0x00000048f6c00000)]
  0x0000021ec62b3f90 JavaThread "Unconstrained build operations Thread 48" [_thread_blocked, id=24432, stack(0x00000048f6c00000,0x00000048f6d00000)]
  0x0000021ec62b58e0 JavaThread "Unconstrained build operations Thread 49" [_thread_blocked, id=13660, stack(0x00000048f6d00000,0x00000048f6e00000)]
  0x0000021ec62b44a0 JavaThread "Unconstrained build operations Thread 50" [_thread_blocked, id=7816, stack(0x00000048f6e00000,0x00000048f6f00000)]
  0x0000021ec62b49b0 JavaThread "Unconstrained build operations Thread 51" [_thread_blocked, id=22996, stack(0x00000048f6f00000,0x00000048f7000000)]
  0x0000021ec62b4ec0 JavaThread "Unconstrained build operations Thread 52" [_thread_blocked, id=15756, stack(0x00000048f7000000,0x00000048f7100000)]
  0x0000021ec62b5df0 JavaThread "Unconstrained build operations Thread 53" [_thread_blocked, id=23240, stack(0x00000048f7100000,0x00000048f7200000)]
  0x0000021ec62b53d0 JavaThread "Unconstrained build operations Thread 54" [_thread_blocked, id=17828, stack(0x00000048f7200000,0x00000048f7300000)]
  0x0000021ec62b6300 JavaThread "Unconstrained build operations Thread 55" [_thread_blocked, id=6628, stack(0x00000048f7300000,0x00000048f7400000)]
  0x0000021ec62b3060 JavaThread "Unconstrained build operations Thread 56" [_thread_blocked, id=22456, stack(0x00000048f7400000,0x00000048f7500000)]
  0x0000021ec62b3a80 JavaThread "Unconstrained build operations Thread 57" [_thread_blocked, id=22352, stack(0x00000048f7500000,0x00000048f7600000)]
  0x0000021ec62ba4d0 JavaThread "Unconstrained build operations Thread 58" [_thread_blocked, id=9540, stack(0x00000048f7600000,0x00000048f7700000)]
  0x0000021ec62b8160 JavaThread "Unconstrained build operations Thread 59" [_thread_blocked, id=24688, stack(0x00000048f7700000,0x00000048f7800000)]
  0x0000021ec62b9fc0 JavaThread "Unconstrained build operations Thread 60" [_thread_blocked, id=19672, stack(0x00000048f7800000,0x00000048f7900000)]
  0x0000021ec62b9ab0 JavaThread "Unconstrained build operations Thread 61" [_thread_blocked, id=20736, stack(0x00000048f7900000,0x00000048f7a00000)]
  0x0000021ec62b7740 JavaThread "Unconstrained build operations Thread 62" [_thread_blocked, id=15120, stack(0x00000048f7a00000,0x00000048f7b00000)]
  0x0000021ec62b8670 JavaThread "Unconstrained build operations Thread 63" [_thread_blocked, id=23604, stack(0x00000048f7b00000,0x00000048f7c00000)]
  0x0000021ec62b7230 JavaThread "Unconstrained build operations Thread 64" [_thread_blocked, id=5436, stack(0x00000048f7c00000,0x00000048f7d00000)]
  0x0000021ec62b7c50 JavaThread "Unconstrained build operations Thread 65" [_thread_blocked, id=14632, stack(0x00000048f7d00000,0x00000048f7e00000)]
  0x0000021ec62b9090 JavaThread "Unconstrained build operations Thread 66" [_thread_blocked, id=21980, stack(0x00000048f7e00000,0x00000048f7f00000)]
  0x0000021ec62b95a0 JavaThread "Unconstrained build operations Thread 67" [_thread_blocked, id=15892, stack(0x00000048f7f00000,0x00000048f8000000)]
  0x0000021ec62ba9e0 JavaThread "Unconstrained build operations Thread 68" [_thread_blocked, id=25580, stack(0x00000048f8000000,0x00000048f8100000)]
  0x0000021ec7ba1c00 JavaThread "Unconstrained build operations Thread 69" [_thread_blocked, id=13216, stack(0x00000048f8100000,0x00000048f8200000)]
  0x0000021ec7ba3a60 JavaThread "Unconstrained build operations Thread 70" [_thread_blocked, id=16420, stack(0x00000048f8200000,0x00000048f8300000)]
  0x0000021ec7ba3040 JavaThread "Unconstrained build operations Thread 71" [_thread_blocked, id=4764, stack(0x00000048f8300000,0x00000048f8400000)]
  0x0000021ec7ba3f70 JavaThread "Unconstrained build operations Thread 72" [_thread_blocked, id=15300, stack(0x00000048f8400000,0x00000048f8500000)]
  0x0000021ec7ba4ea0 JavaThread "Unconstrained build operations Thread 73" [_thread_blocked, id=16432, stack(0x00000048f8500000,0x00000048f8600000)]
  0x0000021ec7ba3550 JavaThread "Unconstrained build operations Thread 74" [_thread_blocked, id=13836, stack(0x00000048f8600000,0x00000048f8700000)]
  0x0000021ec7ba4480 JavaThread "Unconstrained build operations Thread 75" [_thread_blocked, id=23900, stack(0x00000048f8700000,0x00000048f8800000)]
  0x0000021ec7ba4990 JavaThread "Unconstrained build operations Thread 76" [_thread_blocked, id=8224, stack(0x00000048f8800000,0x00000048f8900000)]
  0x0000021ec7ba16f0 JavaThread "Unconstrained build operations Thread 77" [_thread_blocked, id=8552, stack(0x00000048f8900000,0x00000048f8a00000)]
  0x0000021ec7ba53b0 JavaThread "Unconstrained build operations Thread 78" [_thread_blocked, id=18632, stack(0x00000048f8a00000,0x00000048f8b00000)]
  0x0000021ec7ba58c0 JavaThread "Unconstrained build operations Thread 79" [_thread_blocked, id=13516, stack(0x00000048f8b00000,0x00000048f8c00000)]
  0x0000021ec7ba2110 JavaThread "WorkerExecutor Queue Thread 13" [_thread_blocked, id=25052, stack(0x00000048f8c00000,0x00000048f8d00000)]
  0x0000021ec7ba2b30 JavaThread "Unconstrained build operations Thread 80" [_thread_blocked, id=22084, stack(0x00000048f8d00000,0x00000048f8e00000)]
  0x0000021ec7ba2620 JavaThread "Unconstrained build operations Thread 81" [_thread_blocked, id=18456, stack(0x00000048f8e00000,0x00000048f8f00000)]
  0x0000021ec7ba7720 JavaThread "Unconstrained build operations Thread 82" [_thread_blocked, id=12240, stack(0x00000048f8f00000,0x00000048f9000000)]
  0x0000021ec7ba9070 JavaThread "Unconstrained build operations Thread 83" [_thread_blocked, id=23376, stack(0x00000048f9000000,0x00000048f9100000)]
  0x0000021ec7ba8140 JavaThread "Unconstrained build operations Thread 84" [_thread_blocked, id=17804, stack(0x00000048f9100000,0x00000048f9200000)]
  0x0000021ec7ba7c30 JavaThread "Unconstrained build operations Thread 85" [_thread_blocked, id=19476, stack(0x00000048f9200000,0x00000048f9300000)]
  0x0000021ec7ba62e0 JavaThread "Unconstrained build operations Thread 86" [_thread_blocked, id=22540, stack(0x00000048f9300000,0x00000048f9400000)]
  0x0000021ec7ba7210 JavaThread "Unconstrained build operations Thread 87" [_thread_blocked, id=17128, stack(0x00000048f9400000,0x00000048f9500000)]
  0x0000021ec7ba8650 JavaThread "Unconstrained build operations Thread 88" [_thread_blocked, id=21124, stack(0x00000048f9500000,0x00000048f9600000)]
  0x0000021ec7ba67f0 JavaThread "Unconstrained build operations Thread 89" [_thread_blocked, id=9828, stack(0x00000048f9600000,0x00000048f9700000)]
  0x0000021ec7ba8b60 JavaThread "Unconstrained build operations Thread 90" [_thread_blocked, id=15664, stack(0x00000048f9700000,0x00000048f9800000)]
  0x0000021ec7ba6d00 JavaThread "Unconstrained build operations Thread 91" [_thread_blocked, id=12300, stack(0x00000048f9800000,0x00000048f9900000)]
  0x0000021ec7716fb0 JavaThread "Unconstrained build operations Thread 92" [_thread_blocked, id=13140, stack(0x00000048f9900000,0x00000048f9a00000)]
  0x0000021ec7718900 JavaThread "Unconstrained build operations Thread 93" [_thread_blocked, id=15740, stack(0x00000048f9a00000,0x00000048f9b00000)]
  0x0000021ec7719320 JavaThread "Unconstrained build operations Thread 94" [_thread_blocked, id=13308, stack(0x00000048f9b00000,0x00000048f9c00000)]
  0x0000021ec7718e10 JavaThread "Unconstrained build operations Thread 95" [_thread_blocked, id=24212, stack(0x00000048f9c00000,0x00000048f9d00000)]
  0x0000021ec7719830 JavaThread "Unconstrained build operations Thread 96" [_thread_blocked, id=16144, stack(0x00000048f9d00000,0x00000048f9e00000)]
  0x0000021ec7716080 JavaThread "Unconstrained build operations Thread 97" [_thread_blocked, id=22436, stack(0x00000048f9e00000,0x00000048f9f00000)]
  0x0000021ec7719d40 JavaThread "Unconstrained build operations Thread 98" [_thread_blocked, id=22816, stack(0x00000048f9f00000,0x00000048fa000000)]
  0x0000021ec7716590 JavaThread "Unconstrained build operations Thread 99" [_thread_blocked, id=14784, stack(0x00000048fa000000,0x00000048fa100000)]
  0x0000021ec771a250 JavaThread "Unconstrained build operations Thread 100" [_thread_blocked, id=20968, stack(0x00000048fa100000,0x00000048fa200000)]
  0x0000021ec7716aa0 JavaThread "Unconstrained build operations Thread 101" [_thread_blocked, id=20848, stack(0x00000048fa200000,0x00000048fa300000)]
  0x0000021ec771a760 JavaThread "Unconstrained build operations Thread 102" [_thread_blocked, id=18224, stack(0x00000048fa300000,0x00000048fa400000)]
  0x0000021ec77179d0 JavaThread "Unconstrained build operations Thread 103" [_thread_blocked, id=23784, stack(0x00000048fa400000,0x00000048fa500000)]
  0x0000021ec7717ee0 JavaThread "Unconstrained build operations Thread 104" [_thread_blocked, id=19168, stack(0x00000048fa500000,0x00000048fa600000)]
  0x0000021ec771ac70 JavaThread "Unconstrained build operations Thread 105" [_thread_blocked, id=17852, stack(0x00000048fa600000,0x00000048fa700000)]
  0x0000021ec77183f0 JavaThread "Unconstrained build operations Thread 106" [_thread_blocked, id=20132, stack(0x00000048fa700000,0x00000048fa800000)]
  0x0000021ec77174c0 JavaThread "Unconstrained build operations Thread 107" [_thread_blocked, id=24260, stack(0x00000048fa800000,0x00000048fa900000)]
  0x0000021ec771b180 JavaThread "Unconstrained build operations Thread 108" [_thread_blocked, id=7808, stack(0x00000048fa900000,0x00000048faa00000)]
  0x0000021ec771b690 JavaThread "Unconstrained build operations Thread 109" [_thread_blocked, id=8884, stack(0x00000048faa00000,0x00000048fab00000)]
  0x0000021ec771bba0 JavaThread "Unconstrained build operations Thread 110" [_thread_blocked, id=3040, stack(0x00000048fab00000,0x00000048fac00000)]
  0x0000021ec771c0b0 JavaThread "Unconstrained build operations Thread 111" [_thread_blocked, id=21176, stack(0x00000048fac00000,0x00000048fad00000)]
  0x0000021ec771cad0 JavaThread "Unconstrained build operations Thread 112" [_thread_blocked, id=9840, stack(0x00000048fad00000,0x00000048fae00000)]
  0x0000021ec771cfe0 JavaThread "Unconstrained build operations Thread 113" [_thread_blocked, id=8300, stack(0x00000048fae00000,0x00000048faf00000)]
  0x0000021ec771da00 JavaThread "Unconstrained build operations Thread 114" [_thread_blocked, id=18420, stack(0x00000048faf00000,0x00000048fb000000)]
  0x0000021ec771d4f0 JavaThread "Unconstrained build operations Thread 115" [_thread_blocked, id=9392, stack(0x00000048fb000000,0x00000048fb100000)]
  0x0000021ec83449e0 JavaThread "Unconstrained build operations Thread 116" [_thread_blocked, id=15696, stack(0x00000048fb100000,0x00000048fb200000)]
  0x0000021ec8347c80 JavaThread "Unconstrained build operations Thread 117" [_thread_blocked, id=5864, stack(0x00000048fb200000,0x00000048fb300000)]
  0x0000021ec8344ef0 JavaThread "Unconstrained build operations Thread 118" [_thread_blocked, id=20356, stack(0x00000048fb300000,0x00000048fb400000)]
  0x0000021ec8345400 JavaThread "Unconstrained build operations Thread 119" [_thread_blocked, id=18572, stack(0x00000048fb400000,0x00000048fb500000)]
  0x0000021ec8346d50 JavaThread "Unconstrained build operations Thread 120" [_thread_blocked, id=4372, stack(0x00000048fb500000,0x00000048fb600000)]
  0x0000021ec8347770 JavaThread "pool-3-thread-1" [_thread_blocked, id=23812, stack(0x00000048fb600000,0x00000048fb700000)]
  0x0000021ec8346330 JavaThread "stderr" [_thread_in_native, id=21688, stack(0x00000048fb700000,0x00000048fb800000)]
  0x0000021ec8346840 JavaThread "stdout" [_thread_in_native, id=24400, stack(0x00000048fb800000,0x00000048fb900000)]
  0x0000021ec83490c0 JavaThread "ForkJoinPool-1-worker-1" daemon [_thread_blocked, id=25144, stack(0x00000048fb900000,0x00000048fba00000)]
  0x0000021ec8348190 JavaThread "ForkJoinPool-1-worker-2" daemon [_thread_blocked, id=5544, stack(0x00000048fba00000,0x00000048fbb00000)]
  0x0000021ec8345e20 JavaThread "ForkJoinPool-1-worker-3" daemon [_thread_in_Java, id=23236, stack(0x00000048fbb00000,0x00000048fbc00000)]
  0x0000021ec83486a0 JavaThread "ForkJoinPool-1-worker-4" daemon [_thread_blocked, id=19560, stack(0x00000048fbc00000,0x00000048fbd00000)]
  0x0000021ec8348bb0 JavaThread "ForkJoinPool-1-worker-5" daemon [_thread_blocked, id=24704, stack(0x00000048fbd00000,0x00000048fbe00000)]
  0x0000021ec8345910 JavaThread "ForkJoinPool-1-worker-6" daemon [_thread_blocked, id=23820, stack(0x00000048fbe00000,0x00000048fbf00000)]
  0x0000021ec8349ff0 JavaThread "ForkJoinPool-1-worker-7" daemon [_thread_blocked, id=22800, stack(0x00000048fbf00000,0x00000048fc000000)]
  0x0000021ec834a500 JavaThread "ForkJoinPool-1-worker-8" daemon [_thread_blocked, id=9520, stack(0x00000048fc000000,0x00000048fc100000)]
  0x0000021ec834aa10 JavaThread "ForkJoinPool-1-worker-9" daemon [_thread_blocked, id=12896, stack(0x00000048fc100000,0x00000048fc200000)]
  0x0000021ec8349ae0 JavaThread "ForkJoinPool-1-worker-10" daemon [_thread_blocked, id=20248, stack(0x00000048fc200000,0x00000048fc300000)]
  0x0000021ec834b940 JavaThread "ForkJoinPool-1-worker-11" daemon [_thread_blocked, id=20624, stack(0x00000048fc300000,0x00000048fc400000)]
  0x0000021ec834af20 JavaThread "ForkJoinPool-1-worker-12" daemon [_thread_blocked, id=24172, stack(0x00000048fc400000,0x00000048fc500000)]
  0x0000021ec3c2d4c0 JavaThread "RMI Scheduler(0)" daemon [_thread_blocked, id=12008, stack(0x00000048f5e00000,0x00000048f5f00000)]
  0x0000021ec7212930 JavaThread "RMI RenewClean-[127.0.0.1:17720,org.jetbrains.kotlin.daemon.common.LoopbackNetworkInterface$ClientLoopbackSocketFactory@26e39b2c]" daemon [_thread_blocked, id=17964, stack(0x00000048fcb00000,0x00000048fcc00000)]
  0x0000021ec7212e40 JavaThread "RMI GC Daemon" daemon [_thread_blocked, id=9128, stack(0x00000048fcc00000,0x00000048fcd00000)]
  0x0000021ec7213350 JavaThread "RMI TCP Accept-0" daemon [_thread_in_native, id=6636, stack(0x00000048fcd00000,0x00000048fce00000)]
  0x0000021ec7214280 JavaThread "RMI Reaper" [_thread_blocked, id=15752, stack(0x00000048fce00000,0x00000048fcf00000)]
  0x0000021ec7213860 JavaThread "RMI TCP Connection(1)-127.0.0.1" daemon [_thread_in_native, id=19156, stack(0x00000048fcf00000,0x00000048fd000000)]

Other Threads:
  0x0000021ef792d6d0 VMThread "VM Thread" [stack: 0x00000048ee100000,0x00000048ee200000] [id=11380]
  0x0000021efa739c30 WatcherThread [stack: 0x00000048eed00000,0x00000048eee00000] [id=18204]
  0x0000021ef77d19b0 GCTaskThread "GC Thread#0" [stack: 0x00000048edc00000,0x00000048edd00000] [id=15348]
  0x0000021ec1580db0 GCTaskThread "GC Thread#1" [stack: 0x00000048ef000000,0x00000048ef100000] [id=24324]
  0x0000021ec1581070 GCTaskThread "GC Thread#2" [stack: 0x00000048ef100000,0x00000048ef200000] [id=19584]
  0x0000021ec134dae0 GCTaskThread "GC Thread#3" [stack: 0x00000048ef200000,0x00000048ef300000] [id=20584]
  0x0000021ec134dda0 GCTaskThread "GC Thread#4" [stack: 0x00000048ef300000,0x00000048ef400000] [id=19524]
  0x0000021ec134e060 GCTaskThread "GC Thread#5" [stack: 0x00000048ef400000,0x00000048ef500000] [id=22076]
  0x0000021ec1fcecd0 GCTaskThread "GC Thread#6" [stack: 0x00000048eff00000,0x00000048f0000000] [id=21544]
  0x0000021ec262d5c0 GCTaskThread "GC Thread#7" [stack: 0x00000048f0000000,0x00000048f0100000] [id=17308]
  0x0000021ec1ecebe0 GCTaskThread "GC Thread#8" [stack: 0x00000048f0100000,0x00000048f0200000] [id=19728]
  0x0000021ec15fde50 GCTaskThread "GC Thread#9" [stack: 0x00000048f0200000,0x00000048f0300000] [id=18228]
  0x0000021ecd2a0640 ConcurrentGCThread "G1 Main Marker" [stack: 0x00000048edd00000,0x00000048ede00000] [id=16548]
  0x0000021ecd2a0e60 ConcurrentGCThread "G1 Conc#0" [stack: 0x00000048ede00000,0x00000048edf00000] [id=16612]
  0x0000021ec15fd8d0 ConcurrentGCThread "G1 Conc#1" [stack: 0x00000048f0a00000,0x00000048f0b00000] [id=15200]
  0x0000021ec15fc850 ConcurrentGCThread "G1 Conc#2" [stack: 0x00000048f0b00000,0x00000048f0c00000] [id=21336]
  0x0000021ecd2ce9e0 ConcurrentGCThread "G1 Refine#0" [stack: 0x00000048edf00000,0x00000048ee000000] [id=19588]
  0x0000021ec3704ba0 ConcurrentGCThread "G1 Refine#1" [stack: 0x00000048f5100000,0x00000048f5200000] [id=21028]
  0x0000021ec72ddf80 ConcurrentGCThread "G1 Refine#2" [stack: 0x00000048f5200000,0x00000048f5300000] [id=4492]
  0x0000021ec72e0580 ConcurrentGCThread "G1 Refine#3" [stack: 0x00000048f5300000,0x00000048f5400000] [id=13080]
  0x0000021ec74c8670 ConcurrentGCThread "G1 Refine#4" [stack: 0x00000048fc500000,0x00000048fc600000] [id=17488]
  0x0000021ec48d37c0 ConcurrentGCThread "G1 Refine#5" [stack: 0x00000048fc600000,0x00000048fc700000] [id=25368]
  0x0000021ec72deb40 ConcurrentGCThread "G1 Refine#6" [stack: 0x00000048fc700000,0x00000048fc800000] [id=20532]
  0x0000021ec70558c0 ConcurrentGCThread "G1 Refine#7" [stack: 0x00000048fc800000,0x00000048fc900000] [id=2568]
  0x0000021ec18e8640 ConcurrentGCThread "G1 Refine#8" [stack: 0x00000048fc900000,0x00000048fca00000] [id=9800]
  0x0000021ec7f70b50 ConcurrentGCThread "G1 Refine#9" [stack: 0x00000048fca00000,0x00000048fcb00000] [id=24344]
  0x0000021ef7869e00 ConcurrentGCThread "G1 Service" [stack: 0x00000048ee000000,0x00000048ee100000] [id=24816]

Threads with active compile tasks:
C2 CompilerThread0    12352 18959       4       java.util.TimSort::mergeHi (732 bytes)
C2 CompilerThread1    12352 18957       4       java.util.TimSort::mergeLo (659 bytes)
C2 CompilerThread2    12352 18910       4       com.android.tools.r8.graph.d5::a (200 bytes)

VM state: not at safepoint (normal execution)

VM Mutex/Monitor currently owned by a thread: None

Heap address: 0x0000000600000000, size: 8192 MB, Compressed Oops mode: Zero based, Oop shift amount: 3

CDS archive(s) mapped at: [0x0000021e80000000-0x0000021e80bd0000-0x0000021e80bd0000), size 12386304, SharedBaseAddress: 0x0000021e80000000, ArchiveRelocationMode: 1.
Compressed class space mapped at: 0x0000021e81000000-0x0000021ec1000000, reserved size: 1073741824
Narrow klass base: 0x0000021e80000000, Narrow klass shift: 0, Narrow klass range: 0x100000000

GC Precious Log:
 CPUs: 12 total, 12 available
 Memory: 17285M
 Large Page Support: Disabled
 NUMA Support: Disabled
 Compressed Oops: Enabled (Zero based)
 Heap Region Size: 4M
 Heap Min Capacity: 8M
 Heap Initial Capacity: 272M
 Heap Max Capacity: 8G
 Pre-touch: Disabled
 Parallel Workers: 10
 Concurrent Workers: 3
 Concurrent Refinement Workers: 10
 Periodic GC: Disabled

Heap:
 garbage-first heap   total 712704K, used 480857K [0x0000000600000000, 0x0000000800000000)
  region size 4096K, 33 young (135168K), 4 survivors (16384K)
 Metaspace       used 116102K, committed 116928K, reserved 1179648K
  class space    used 16094K, committed 16512K, reserved 1048576K

Heap Regions: E=young(eden), S=young(survivor), O=old, HS=humongous(starts), HC=humongous(continues), CS=collection set, F=free, OA=open archive, CA=closed archive, TAMS=top-at-mark-start (previous, next)
|   0|0x0000000600000000, 0x0000000600400000, 0x0000000600400000|100%|HS|  |TAMS 0x0000000600400000, 0x0000000600000000| Complete 
|   1|0x0000000600400000, 0x0000000600800000, 0x0000000600800000|100%| O|  |TAMS 0x0000000600800000, 0x0000000600400000| Untracked 
|   2|0x0000000600800000, 0x0000000600c00000, 0x0000000600c00000|100%| O|  |TAMS 0x0000000600c00000, 0x0000000600800000| Untracked 
|   3|0x0000000600c00000, 0x0000000601000000, 0x0000000601000000|100%| O|  |TAMS 0x0000000601000000, 0x0000000600c00000| Untracked 
|   4|0x0000000601000000, 0x0000000601400000, 0x0000000601400000|100%| O|  |TAMS 0x0000000601400000, 0x0000000601000000| Untracked 
|   5|0x0000000601400000, 0x0000000601800000, 0x0000000601800000|100%| O|  |TAMS 0x0000000601800000, 0x0000000601400000| Untracked 
|   6|0x0000000601800000, 0x0000000601c00000, 0x0000000601c00000|100%| O|  |TAMS 0x0000000601c00000, 0x0000000601800000| Untracked 
|   7|0x0000000601c00000, 0x0000000602000000, 0x0000000602000000|100%| O|  |TAMS 0x0000000602000000, 0x0000000601c00000| Untracked 
|   8|0x0000000602000000, 0x0000000602400000, 0x0000000602400000|100%|HS|  |TAMS 0x0000000602400000, 0x0000000602000000| Complete 
|   9|0x0000000602400000, 0x0000000602800000, 0x0000000602800000|100%| O|  |TAMS 0x0000000602800000, 0x0000000602400000| Untracked 
|  10|0x0000000602800000, 0x0000000602c00000, 0x0000000602c00000|100%| O|  |TAMS 0x0000000602c00000, 0x0000000602800000| Untracked 
|  11|0x0000000602c00000, 0x0000000603000000, 0x0000000603000000|100%| O|  |TAMS 0x0000000603000000, 0x0000000602c00000| Untracked 
|  12|0x0000000603000000, 0x0000000603400000, 0x0000000603400000|100%| O|  |TAMS 0x0000000603400000, 0x0000000603000000| Untracked 
|  13|0x0000000603400000, 0x0000000603800000, 0x0000000603800000|100%| O|  |TAMS 0x0000000603800000, 0x0000000603400000| Untracked 
|  14|0x0000000603800000, 0x0000000603c00000, 0x0000000603c00000|100%|HS|  |TAMS 0x0000000603c00000, 0x0000000603800000| Complete 
|  15|0x0000000603c00000, 0x0000000604000000, 0x0000000604000000|100%| O|  |TAMS 0x0000000604000000, 0x0000000603c00000| Untracked 
|  16|0x0000000604000000, 0x0000000604400000, 0x0000000604400000|100%| O|  |TAMS 0x0000000604400000, 0x0000000604000000| Untracked 
|  17|0x0000000604400000, 0x0000000604800000, 0x0000000604800000|100%|HS|  |TAMS 0x0000000604800000, 0x0000000604400000| Complete 
|  18|0x0000000604800000, 0x0000000604c00000, 0x0000000604c00000|100%| O|  |TAMS 0x0000000604c00000, 0x0000000604800000| Untracked 
|  19|0x0000000604c00000, 0x0000000605000000, 0x0000000605000000|100%| O|  |TAMS 0x0000000605000000, 0x0000000604c00000| Untracked 
|  20|0x0000000605000000, 0x0000000605400000, 0x0000000605400000|100%| O|  |TAMS 0x0000000605400000, 0x0000000605000000| Untracked 
|  21|0x0000000605400000, 0x0000000605800000, 0x0000000605800000|100%| O|  |TAMS 0x0000000605800000, 0x0000000605400000| Untracked 
|  22|0x0000000605800000, 0x0000000605c00000, 0x0000000605c00000|100%| O|  |TAMS 0x0000000605c00000, 0x0000000605800000| Untracked 
|  23|0x0000000605c00000, 0x0000000606000000, 0x0000000606000000|100%| O|  |TAMS 0x0000000605c00000, 0x0000000605c00000| Untracked 
|  24|0x0000000606000000, 0x0000000606400000, 0x0000000606400000|100%| O|  |TAMS 0x0000000606400000, 0x0000000606000000| Untracked 
|  25|0x0000000606400000, 0x0000000606800000, 0x0000000606800000|100%| O|  |TAMS 0x0000000606800000, 0x0000000606400000| Untracked 
|  26|0x0000000606800000, 0x0000000606c00000, 0x0000000606c00000|100%|HS|  |TAMS 0x0000000606c00000, 0x0000000606800000| Complete 
|  27|0x0000000606c00000, 0x0000000607000000, 0x0000000607000000|100%| O|  |TAMS 0x0000000606c00000, 0x0000000606c00000| Untracked 
|  28|0x0000000607000000, 0x0000000607400000, 0x0000000607400000|100%|HS|  |TAMS 0x0000000607400000, 0x0000000607000000| Complete 
|  29|0x0000000607400000, 0x0000000607800000, 0x0000000607800000|100%| O|  |TAMS 0x0000000607800000, 0x0000000607400000| Untracked 
|  30|0x0000000607800000, 0x0000000607c00000, 0x0000000607c00000|100%| O|  |TAMS 0x0000000607c00000, 0x0000000607800000| Untracked 
|  31|0x0000000607c00000, 0x0000000608000000, 0x0000000608000000|100%| O|  |TAMS 0x0000000607c00000, 0x0000000607c00000| Untracked 
|  32|0x0000000608000000, 0x0000000608400000, 0x0000000608400000|100%|HS|  |TAMS 0x0000000608400000, 0x0000000608000000| Complete 
|  33|0x0000000608400000, 0x0000000608800000, 0x0000000608800000|100%|HS|  |TAMS 0x0000000608800000, 0x0000000608400000| Complete 
|  34|0x0000000608800000, 0x0000000608c00000, 0x0000000608c00000|100%|HS|  |TAMS 0x0000000608c00000, 0x0000000608800000| Complete 
|  35|0x0000000608c00000, 0x0000000609000000, 0x0000000609000000|100%| O|  |TAMS 0x0000000609000000, 0x0000000608c00000| Untracked 
|  36|0x0000000609000000, 0x0000000609400000, 0x0000000609400000|100%| O|  |TAMS 0x0000000609400000, 0x0000000609000000| Untracked 
|  37|0x0000000609400000, 0x0000000609800000, 0x0000000609800000|100%| O|  |TAMS 0x0000000609800000, 0x0000000609400000| Untracked 
|  38|0x0000000609800000, 0x0000000609c00000, 0x0000000609c00000|100%| O|  |TAMS 0x0000000609800000, 0x0000000609800000| Untracked 
|  39|0x0000000609c00000, 0x000000060a000000, 0x000000060a000000|100%|HS|  |TAMS 0x000000060a000000, 0x0000000609c00000| Complete 
|  40|0x000000060a000000, 0x000000060a400000, 0x000000060a400000|100%| O|  |TAMS 0x000000060a400000, 0x000000060a000000| Untracked 
|  41|0x000000060a400000, 0x000000060a800000, 0x000000060a800000|100%| O|  |TAMS 0x000000060a800000, 0x000000060a400000| Untracked 
|  42|0x000000060a800000, 0x000000060ac00000, 0x000000060ac00000|100%| O|  |TAMS 0x000000060ac00000, 0x000000060a800000| Untracked 
|  43|0x000000060ac00000, 0x000000060b000000, 0x000000060b000000|100%|HS|  |TAMS 0x000000060b000000, 0x000000060ac00000| Complete 
|  44|0x000000060b000000, 0x000000060b400000, 0x000000060b400000|100%| O|  |TAMS 0x000000060b000000, 0x000000060b000000| Untracked 
|  45|0x000000060b400000, 0x000000060b800000, 0x000000060b800000|100%| O|  |TAMS 0x000000060b400000, 0x000000060b400000| Untracked 
|  46|0x000000060b800000, 0x000000060bc00000, 0x000000060bc00000|100%| O|  |TAMS 0x000000060ba0a800, 0x000000060b800000| Untracked 
|  47|0x000000060bc00000, 0x000000060bf1f200, 0x000000060c000000| 78%| O|  |TAMS 0x000000060bc00000, 0x000000060bc00000| Untracked 
|  48|0x000000060c000000, 0x000000060c400000, 0x000000060c400000|100%| O|  |TAMS 0x000000060c000000, 0x000000060c000000| Untracked 
|  49|0x000000060c400000, 0x000000060c800000, 0x000000060c800000|100%| O|  |TAMS 0x000000060c400000, 0x000000060c400000| Untracked 
|  50|0x000000060c800000, 0x000000060cc00000, 0x000000060cc00000|100%| O|  |TAMS 0x000000060c800000, 0x000000060c800000| Untracked 
|  51|0x000000060cc00000, 0x000000060d000000, 0x000000060d000000|100%| O|  |TAMS 0x000000060cc00000, 0x000000060cc00000| Untracked 
|  52|0x000000060d000000, 0x000000060d400000, 0x000000060d400000|100%| O|  |TAMS 0x000000060d000000, 0x000000060d000000| Untracked 
|  53|0x000000060d400000, 0x000000060d800000, 0x000000060d800000|100%| O|  |TAMS 0x000000060d400000, 0x000000060d400000| Untracked 
|  54|0x000000060d800000, 0x000000060dc00000, 0x000000060dc00000|100%| O|  |TAMS 0x000000060d800000, 0x000000060d800000| Untracked 
|  55|0x000000060dc00000, 0x000000060e000000, 0x000000060e000000|100%| O|  |TAMS 0x000000060dc00000, 0x000000060dc00000| Untracked 
|  56|0x000000060e000000, 0x000000060e400000, 0x000000060e400000|100%| O|  |TAMS 0x000000060e000000, 0x000000060e000000| Untracked 
|  57|0x000000060e400000, 0x000000060e800000, 0x000000060e800000|100%| O|  |TAMS 0x000000060e400000, 0x000000060e400000| Untracked 
|  58|0x000000060e800000, 0x000000060ec00000, 0x000000060ec00000|100%| O|  |TAMS 0x000000060e800000, 0x000000060e800000| Untracked 
|  59|0x000000060ec00000, 0x000000060f000000, 0x000000060f000000|100%| O|  |TAMS 0x000000060ec00000, 0x000000060ec00000| Untracked 
|  60|0x000000060f000000, 0x000000060f400000, 0x000000060f400000|100%| O|  |TAMS 0x000000060f000000, 0x000000060f000000| Untracked 
|  61|0x000000060f400000, 0x000000060f800000, 0x000000060f800000|100%| O|  |TAMS 0x000000060f400000, 0x000000060f400000| Untracked 
|  62|0x000000060f800000, 0x000000060fc00000, 0x000000060fc00000|100%| O|  |TAMS 0x000000060f800000, 0x000000060f800000| Untracked 
|  63|0x000000060fc00000, 0x0000000610000000, 0x0000000610000000|100%| O|  |TAMS 0x000000060fc00000, 0x000000060fc00000| Untracked 
|  64|0x0000000610000000, 0x0000000610400000, 0x0000000610400000|100%| O|  |TAMS 0x0000000610000000, 0x0000000610000000| Untracked 
|  65|0x0000000610400000, 0x0000000610800000, 0x0000000610800000|100%| O|  |TAMS 0x0000000610400000, 0x0000000610400000| Untracked 
|  66|0x0000000610800000, 0x0000000610c00000, 0x0000000610c00000|100%| O|  |TAMS 0x0000000610800000, 0x0000000610800000| Untracked 
|  67|0x0000000610c00000, 0x0000000611000000, 0x0000000611000000|100%| O|  |TAMS 0x0000000610c00000, 0x0000000610c00000| Untracked 
|  68|0x0000000611000000, 0x0000000611400000, 0x0000000611400000|100%| O|  |TAMS 0x0000000611000000, 0x0000000611000000| Untracked 
|  69|0x0000000611400000, 0x0000000611800000, 0x0000000611800000|100%| O|  |TAMS 0x0000000611400000, 0x0000000611400000| Untracked 
|  70|0x0000000611800000, 0x0000000611c00000, 0x0000000611c00000|100%| O|  |TAMS 0x0000000611800000, 0x0000000611800000| Untracked 
|  71|0x0000000611c00000, 0x0000000612000000, 0x0000000612000000|100%| O|  |TAMS 0x0000000611c00000, 0x0000000611c00000| Untracked 
|  72|0x0000000612000000, 0x0000000612400000, 0x0000000612400000|100%| O|  |TAMS 0x0000000612000000, 0x0000000612000000| Untracked 
|  73|0x0000000612400000, 0x0000000612800000, 0x0000000612800000|100%| O|  |TAMS 0x0000000612400000, 0x0000000612400000| Untracked 
|  74|0x0000000612800000, 0x0000000612c00000, 0x0000000612c00000|100%| O|  |TAMS 0x0000000612800000, 0x0000000612800000| Untracked 
|  75|0x0000000612c00000, 0x0000000613000000, 0x0000000613000000|100%| O|  |TAMS 0x0000000612c00000, 0x0000000612c00000| Untracked 
|  76|0x0000000613000000, 0x0000000613400000, 0x0000000613400000|100%| O|  |TAMS 0x0000000613000000, 0x0000000613000000| Untracked 
|  77|0x0000000613400000, 0x0000000613800000, 0x0000000613800000|100%| O|  |TAMS 0x0000000613400000, 0x0000000613400000| Untracked 
|  78|0x0000000613800000, 0x0000000613c00000, 0x0000000613c00000|100%| O|  |TAMS 0x0000000613800000, 0x0000000613800000| Untracked 
|  79|0x0000000613c00000, 0x0000000614000000, 0x0000000614000000|100%| O|  |TAMS 0x0000000613c00000, 0x0000000613c00000| Untracked 
|  80|0x0000000614000000, 0x0000000614400000, 0x0000000614400000|100%| O|  |TAMS 0x0000000614000000, 0x0000000614000000| Untracked 
|  81|0x0000000614400000, 0x0000000614800000, 0x0000000614800000|100%| O|  |TAMS 0x0000000614400000, 0x0000000614400000| Untracked 
|  82|0x0000000614800000, 0x0000000614c00000, 0x0000000614c00000|100%| O|  |TAMS 0x0000000614800000, 0x0000000614800000| Untracked 
|  83|0x0000000614c00000, 0x0000000615000000, 0x0000000615000000|100%| O|  |TAMS 0x0000000614c00000, 0x0000000614c00000| Untracked 
|  84|0x0000000615000000, 0x0000000615400000, 0x0000000615400000|100%| O|  |TAMS 0x0000000615000000, 0x0000000615000000| Untracked 
|  85|0x0000000615400000, 0x0000000615800000, 0x0000000615800000|100%| O|  |TAMS 0x0000000615400000, 0x0000000615400000| Untracked 
|  86|0x0000000615800000, 0x0000000615c00000, 0x0000000615c00000|100%| O|  |TAMS 0x0000000615800000, 0x0000000615800000| Untracked 
|  87|0x0000000615c00000, 0x0000000615cd7e00, 0x0000000616000000| 21%| O|  |TAMS 0x0000000615c00000, 0x0000000615c00000| Untracked 
|  88|0x0000000616000000, 0x0000000616000000, 0x0000000616400000|  0%| F|  |TAMS 0x0000000616000000, 0x0000000616000000| Untracked 
|  89|0x0000000616400000, 0x0000000616400000, 0x0000000616800000|  0%| F|  |TAMS 0x0000000616400000, 0x0000000616400000| Untracked 
|  90|0x0000000616800000, 0x0000000616800000, 0x0000000616c00000|  0%| F|  |TAMS 0x0000000616800000, 0x0000000616800000| Untracked 
|  91|0x0000000616c00000, 0x0000000616c00000, 0x0000000617000000|  0%| F|  |TAMS 0x0000000616c00000, 0x0000000616c00000| Untracked 
|  92|0x0000000617000000, 0x0000000617000000, 0x0000000617400000|  0%| F|  |TAMS 0x0000000617000000, 0x0000000617000000| Untracked 
|  93|0x0000000617400000, 0x0000000617400000, 0x0000000617800000|  0%| F|  |TAMS 0x0000000617400000, 0x0000000617400000| Untracked 
|  94|0x0000000617800000, 0x0000000617800000, 0x0000000617c00000|  0%| F|  |TAMS 0x0000000617800000, 0x0000000617800000| Untracked 
|  95|0x0000000617c00000, 0x0000000617c00000, 0x0000000618000000|  0%| F|  |TAMS 0x0000000617c00000, 0x0000000617c00000| Untracked 
|  96|0x0000000618000000, 0x0000000618000000, 0x0000000618400000|  0%| F|  |TAMS 0x0000000618000000, 0x0000000618000000| Untracked 
|  97|0x0000000618400000, 0x0000000618400000, 0x0000000618800000|  0%| F|  |TAMS 0x0000000618400000, 0x0000000618400000| Untracked 
|  98|0x0000000618800000, 0x0000000618800000, 0x0000000618c00000|  0%| F|  |TAMS 0x0000000618800000, 0x0000000618800000| Untracked 
|  99|0x0000000618c00000, 0x0000000618c00000, 0x0000000619000000|  0%| F|  |TAMS 0x0000000618c00000, 0x0000000618c00000| Untracked 
| 100|0x0000000619000000, 0x0000000619000000, 0x0000000619400000|  0%| F|  |TAMS 0x0000000619000000, 0x0000000619000000| Untracked 
| 101|0x0000000619400000, 0x0000000619400000, 0x0000000619800000|  0%| F|  |TAMS 0x0000000619400000, 0x0000000619400000| Untracked 
| 102|0x0000000619800000, 0x0000000619800000, 0x0000000619c00000|  0%| F|  |TAMS 0x0000000619800000, 0x0000000619800000| Untracked 
| 103|0x0000000619c00000, 0x0000000619c00000, 0x000000061a000000|  0%| F|  |TAMS 0x0000000619c00000, 0x0000000619c00000| Untracked 
| 104|0x000000061a000000, 0x000000061a000000, 0x000000061a400000|  0%| F|  |TAMS 0x000000061a000000, 0x000000061a000000| Untracked 
| 105|0x000000061a400000, 0x000000061a400000, 0x000000061a800000|  0%| F|  |TAMS 0x000000061a400000, 0x000000061a400000| Untracked 
| 106|0x000000061a800000, 0x000000061a800000, 0x000000061ac00000|  0%| F|  |TAMS 0x000000061a800000, 0x000000061a800000| Untracked 
| 107|0x000000061ac00000, 0x000000061ac00000, 0x000000061b000000|  0%| F|  |TAMS 0x000000061ac00000, 0x000000061ac00000| Untracked 
| 108|0x000000061b000000, 0x000000061b000000, 0x000000061b400000|  0%| F|  |TAMS 0x000000061b000000, 0x000000061b000000| Untracked 
| 109|0x000000061b400000, 0x000000061b400000, 0x000000061b800000|  0%| F|  |TAMS 0x000000061b400000, 0x000000061b400000| Untracked 
| 110|0x000000061b800000, 0x000000061b800000, 0x000000061bc00000|  0%| F|  |TAMS 0x000000061b800000, 0x000000061b800000| Untracked 
| 111|0x000000061bc00000, 0x000000061bc00000, 0x000000061c000000|  0%| F|  |TAMS 0x000000061bc00000, 0x000000061bc00000| Untracked 
| 112|0x000000061c000000, 0x000000061c000000, 0x000000061c400000|  0%| F|  |TAMS 0x000000061c000000, 0x000000061c000000| Untracked 
| 113|0x000000061c400000, 0x000000061c400000, 0x000000061c800000|  0%| F|  |TAMS 0x000000061c400000, 0x000000061c400000| Untracked 
| 114|0x000000061c800000, 0x000000061c800000, 0x000000061cc00000|  0%| F|  |TAMS 0x000000061c800000, 0x000000061c800000| Untracked 
| 115|0x000000061cc00000, 0x000000061cc00000, 0x000000061d000000|  0%| F|  |TAMS 0x000000061cc00000, 0x000000061cc00000| Untracked 
| 116|0x000000061d000000, 0x000000061d000000, 0x000000061d400000|  0%| F|  |TAMS 0x000000061d000000, 0x000000061d000000| Untracked 
| 117|0x000000061d400000, 0x000000061d400000, 0x000000061d800000|  0%| F|  |TAMS 0x000000061d400000, 0x000000061d400000| Untracked 
| 118|0x000000061d800000, 0x000000061d800000, 0x000000061dc00000|  0%| F|  |TAMS 0x000000061d800000, 0x000000061d800000| Untracked 
| 119|0x000000061dc00000, 0x000000061dc00000, 0x000000061e000000|  0%| F|  |TAMS 0x000000061dc00000, 0x000000061dc00000| Untracked 
| 120|0x000000061e000000, 0x000000061e000000, 0x000000061e400000|  0%| F|  |TAMS 0x000000061e000000, 0x000000061e000000| Untracked 
| 121|0x000000061e400000, 0x000000061e400000, 0x000000061e800000|  0%| F|  |TAMS 0x000000061e400000, 0x000000061e400000| Untracked 
| 122|0x000000061e800000, 0x000000061e800000, 0x000000061ec00000|  0%| F|  |TAMS 0x000000061e800000, 0x000000061e800000| Untracked 
| 123|0x000000061ec00000, 0x000000061ec00000, 0x000000061f000000|  0%| F|  |TAMS 0x000000061ec00000, 0x000000061ec00000| Untracked 
| 124|0x000000061f000000, 0x000000061f000000, 0x000000061f400000|  0%| F|  |TAMS 0x000000061f000000, 0x000000061f000000| Untracked 
| 125|0x000000061f400000, 0x000000061f400000, 0x000000061f800000|  0%| F|  |TAMS 0x000000061f400000, 0x000000061f400000| Untracked 
| 126|0x000000061f800000, 0x000000061f800000, 0x000000061fc00000|  0%| F|  |TAMS 0x000000061f800000, 0x000000061f800000| Untracked 
| 127|0x000000061fc00000, 0x000000061fc00000, 0x0000000620000000|  0%| F|  |TAMS 0x000000061fc00000, 0x000000061fc00000| Untracked 
| 128|0x0000000620000000, 0x0000000620000000, 0x0000000620400000|  0%| F|  |TAMS 0x0000000620000000, 0x0000000620000000| Untracked 
| 129|0x0000000620400000, 0x0000000620400000, 0x0000000620800000|  0%| F|  |TAMS 0x0000000620400000, 0x0000000620400000| Untracked 
| 130|0x0000000620800000, 0x0000000620800000, 0x0000000620c00000|  0%| F|  |TAMS 0x0000000620800000, 0x0000000620800000| Untracked 
| 131|0x0000000620c00000, 0x0000000620c00000, 0x0000000621000000|  0%| F|  |TAMS 0x0000000620c00000, 0x0000000620c00000| Untracked 
| 132|0x0000000621000000, 0x0000000621000000, 0x0000000621400000|  0%| F|  |TAMS 0x0000000621000000, 0x0000000621000000| Untracked 
| 133|0x0000000621400000, 0x0000000621400000, 0x0000000621800000|  0%| F|  |TAMS 0x0000000621400000, 0x0000000621400000| Untracked 
| 134|0x0000000621800000, 0x0000000621800000, 0x0000000621c00000|  0%| F|  |TAMS 0x0000000621800000, 0x0000000621800000| Untracked 
| 135|0x0000000621c00000, 0x0000000621c00000, 0x0000000622000000|  0%| F|  |TAMS 0x0000000621c00000, 0x0000000621c00000| Untracked 
| 136|0x0000000622000000, 0x0000000622000000, 0x0000000622400000|  0%| F|  |TAMS 0x0000000622000000, 0x0000000622000000| Untracked 
| 137|0x0000000622400000, 0x0000000622400000, 0x0000000622800000|  0%| F|  |TAMS 0x0000000622400000, 0x0000000622400000| Untracked 
| 138|0x0000000622800000, 0x000000062299f640, 0x0000000622c00000| 40%| S|CS|TAMS 0x0000000622800000, 0x0000000622800000| Complete 
| 139|0x0000000622c00000, 0x0000000623000000, 0x0000000623000000|100%| S|CS|TAMS 0x0000000622c00000, 0x0000000622c00000| Complete 
| 140|0x0000000623000000, 0x0000000623400000, 0x0000000623400000|100%| S|CS|TAMS 0x0000000623000000, 0x0000000623000000| Complete 
| 141|0x0000000623400000, 0x0000000623800000, 0x0000000623800000|100%| S|CS|TAMS 0x0000000623400000, 0x0000000623400000| Complete 
| 142|0x0000000623800000, 0x0000000623800000, 0x0000000623c00000|  0%| F|  |TAMS 0x0000000623800000, 0x0000000623800000| Untracked 
| 143|0x0000000623c00000, 0x0000000623c00000, 0x0000000624000000|  0%| F|  |TAMS 0x0000000623c00000, 0x0000000623c00000| Untracked 
| 144|0x0000000624000000, 0x0000000624000000, 0x0000000624400000|  0%| F|  |TAMS 0x0000000624000000, 0x0000000624000000| Untracked 
| 145|0x0000000624400000, 0x0000000624488810, 0x0000000624800000| 13%| E|  |TAMS 0x0000000624400000, 0x0000000624400000| Complete 
| 146|0x0000000624800000, 0x0000000624c00000, 0x0000000624c00000|100%| E|CS|TAMS 0x0000000624800000, 0x0000000624800000| Complete 
| 147|0x0000000624c00000, 0x0000000625000000, 0x0000000625000000|100%| E|  |TAMS 0x0000000624c00000, 0x0000000624c00000| Complete 
| 148|0x0000000625000000, 0x0000000625400000, 0x0000000625400000|100%| E|CS|TAMS 0x0000000625000000, 0x0000000625000000| Complete 
| 149|0x0000000625400000, 0x0000000625800000, 0x0000000625800000|100%| E|CS|TAMS 0x0000000625400000, 0x0000000625400000| Complete 
| 150|0x0000000625800000, 0x0000000625c00000, 0x0000000625c00000|100%| E|CS|TAMS 0x0000000625800000, 0x0000000625800000| Complete 
| 151|0x0000000625c00000, 0x0000000626000000, 0x0000000626000000|100%| E|CS|TAMS 0x0000000625c00000, 0x0000000625c00000| Complete 
| 152|0x0000000626000000, 0x0000000626400000, 0x0000000626400000|100%| E|CS|TAMS 0x0000000626000000, 0x0000000626000000| Complete 
| 153|0x0000000626400000, 0x0000000626800000, 0x0000000626800000|100%| E|CS|TAMS 0x0000000626400000, 0x0000000626400000| Complete 
| 154|0x0000000626800000, 0x0000000626c00000, 0x0000000626c00000|100%| E|CS|TAMS 0x0000000626800000, 0x0000000626800000| Complete 
| 155|0x0000000626c00000, 0x0000000627000000, 0x0000000627000000|100%| E|CS|TAMS 0x0000000626c00000, 0x0000000626c00000| Complete 
| 156|0x0000000627000000, 0x0000000627400000, 0x0000000627400000|100%| E|CS|TAMS 0x0000000627000000, 0x0000000627000000| Complete 
| 157|0x0000000627400000, 0x0000000627800000, 0x0000000627800000|100%| E|CS|TAMS 0x0000000627400000, 0x0000000627400000| Complete 
| 158|0x0000000627800000, 0x0000000627c00000, 0x0000000627c00000|100%| E|CS|TAMS 0x0000000627800000, 0x0000000627800000| Complete 
| 159|0x0000000627c00000, 0x0000000628000000, 0x0000000628000000|100%| E|CS|TAMS 0x0000000627c00000, 0x0000000627c00000| Complete 
| 160|0x0000000628000000, 0x0000000628400000, 0x0000000628400000|100%| E|CS|TAMS 0x0000000628000000, 0x0000000628000000| Complete 
| 161|0x0000000628400000, 0x0000000628800000, 0x0000000628800000|100%| E|CS|TAMS 0x0000000628400000, 0x0000000628400000| Complete 
| 162|0x0000000628800000, 0x0000000628c00000, 0x0000000628c00000|100%| E|CS|TAMS 0x0000000628800000, 0x0000000628800000| Complete 
| 163|0x0000000628c00000, 0x0000000629000000, 0x0000000629000000|100%| E|CS|TAMS 0x0000000628c00000, 0x0000000628c00000| Complete 
| 164|0x0000000629000000, 0x0000000629400000, 0x0000000629400000|100%| E|CS|TAMS 0x0000000629000000, 0x0000000629000000| Complete 
| 165|0x0000000629400000, 0x0000000629800000, 0x0000000629800000|100%| E|CS|TAMS 0x0000000629400000, 0x0000000629400000| Complete 
| 166|0x0000000629800000, 0x0000000629c00000, 0x0000000629c00000|100%| E|CS|TAMS 0x0000000629800000, 0x0000000629800000| Complete 
| 167|0x0000000629c00000, 0x000000062a000000, 0x000000062a000000|100%| E|CS|TAMS 0x0000000629c00000, 0x0000000629c00000| Complete 
| 168|0x000000062a000000, 0x000000062a400000, 0x000000062a400000|100%| E|CS|TAMS 0x000000062a000000, 0x000000062a000000| Complete 
| 181|0x000000062d400000, 0x000000062d800000, 0x000000062d800000|100%| E|CS|TAMS 0x000000062d400000, 0x000000062d400000| Complete 
| 182|0x000000062d800000, 0x000000062dc00000, 0x000000062dc00000|100%| E|CS|TAMS 0x000000062d800000, 0x000000062d800000| Complete 
| 183|0x000000062dc00000, 0x000000062e000000, 0x000000062e000000|100%| E|CS|TAMS 0x000000062dc00000, 0x000000062dc00000| Complete 
| 184|0x000000062e000000, 0x000000062e400000, 0x000000062e400000|100%| E|CS|TAMS 0x000000062e000000, 0x000000062e000000| Complete 
| 185|0x000000062e400000, 0x000000062e800000, 0x000000062e800000|100%| E|CS|TAMS 0x000000062e400000, 0x000000062e400000| Complete 

Card table byte_map: [0x0000021ee5790000,0x0000021ee6790000] _byte_map_base: 0x0000021ee2790000

Marking Bits (Prev, Next): (CMBitMap*) 0x0000021ecd28f080, (CMBitMap*) 0x0000021ecd28f040
 Prev Bits: [0x0000021eef790000, 0x0000021ef7790000)
 Next Bits: [0x0000021ee7790000, 0x0000021eef790000)

Polling page: 0x0000021ecb6b0000

Metaspace:

Usage:
  Non-class:     97.66 MB used.
      Class:     15.72 MB used.
       Both:    113.38 MB used.

Virtual space:
  Non-class space:      128.00 MB reserved,      98.06 MB ( 77%) committed,  2 nodes.
      Class space:        1.00 GB reserved,      16.12 MB (  2%) committed,  1 nodes.
             Both:        1.12 GB reserved,     114.19 MB ( 10%) committed. 

Chunk freelists:
   Non-Class:  13.77 MB
       Class:  15.75 MB
        Both:  29.52 MB

MaxMetaspaceSize: 2.00 GB
CompressedClassSpaceSize: 1.00 GB
Initial GC threshold: 21.00 MB
Current GC threshold: 171.56 MB
CDS: on
MetaspaceReclaimPolicy: balanced
 - commit_granule_bytes: 65536.
 - commit_granule_words: 8192.
 - virtual_space_node_default_size: 8388608.
 - enlarge_chunks_in_place: 1.
 - new_chunks_are_fully_committed: 0.
 - uncommit_free_chunks: 1.
 - use_allocation_guard: 0.
 - handle_deallocations: 1.


Internal statistics:

num_allocs_failed_limit: 6.
num_arena_births: 1444.
num_arena_deaths: 22.
num_vsnodes_births: 3.
num_vsnodes_deaths: 0.
num_space_committed: 1825.
num_space_uncommitted: 0.
num_chunks_returned_to_freelist: 34.
num_chunks_taken_from_freelist: 6361.
num_chunk_merges: 19.
num_chunk_splits: 4200.
num_chunks_enlarged: 2770.
num_inconsistent_stats: 0.

CodeHeap 'non-profiled nmethods': size=120000Kb used=10309Kb max_used=10309Kb free=109691Kb
 bounds [0x0000021edc5b0000, 0x0000021edcfd0000, 0x0000021ee3ae0000]
CodeHeap 'profiled nmethods': size=120000Kb used=29723Kb max_used=29723Kb free=90276Kb
 bounds [0x0000021ed4ae0000, 0x0000021ed67f0000, 0x0000021edc010000]
CodeHeap 'non-nmethods': size=5760Kb used=1784Kb max_used=1935Kb free=3976Kb
 bounds [0x0000021edc010000, 0x0000021edc280000, 0x0000021edc5b0000]
 total_blobs=16775 nmethods=15905 adapters=779
 compilation: enabled
              stopped_count=0, restarted_count=0
 full_count=0

Compilation events (20 events):
Event: 11.294 Thread 0x0000021ef797e010 nmethod 18939% 0x0000021ed67db810 code [0x0000021ed67dba80, 0x0000021ed67dc7b8]
Event: 11.295 Thread 0x0000021ef797e010 18940       3       com.android.tools.r8.graph.e5::a (116 bytes)
Event: 11.295 Thread 0x0000021ef797e010 nmethod 18940 0x0000021ed67dcb90 code [0x0000021ed67dce00, 0x0000021ed67ddac8]
Event: 11.295 Thread 0x0000021ef797e010 18941       2       com.android.tools.r8.graph.j2::a (10 bytes)
Event: 11.295 Thread 0x0000021ef797e010 nmethod 18941 0x0000021ed67ddf10 code [0x0000021ed67de0c0, 0x0000021ed67de228]
Event: 11.295 Thread 0x0000021ef797e010 18943       2       com.android.tools.r8.utils.structural.d::a (86 bytes)
Event: 11.296 Thread 0x0000021ef797e010 nmethod 18943 0x0000021ed67de310 code [0x0000021ed67de500, 0x0000021ed67de868]
Event: 11.296 Thread 0x0000021ef797e010 18945       2       com.android.tools.r8.graph.e5$$Lambda$2813/0x0000021e8203ea18::applyAsInt (12 bytes)
Event: 11.296 Thread 0x0000021ef797e010 nmethod 18945 0x0000021ed67dea90 code [0x0000021ed67dec40, 0x0000021ed67deda8]
Event: 11.296 Thread 0x0000021ef797e010 18947       3       com.android.tools.r8.utils.structural.d::a (86 bytes)
Event: 11.296 Thread 0x0000021ef797e010 nmethod 18947 0x0000021ed67dee90 code [0x0000021ed67df0e0, 0x0000021ed67dfb48]
Event: 11.297 Thread 0x0000021ef797e010 18948       3       com.android.tools.r8.graph.e5$$Lambda$2813/0x0000021e8203ea18::applyAsInt (12 bytes)
Event: 11.297 Thread 0x0000021ef797e010 nmethod 18948 0x0000021ed67dfe90 code [0x0000021ed67e0040, 0x0000021ed67e0288]
Event: 11.298 Thread 0x0000021ef797d700 nmethod 18938 0x0000021edcfb6990 code [0x0000021edcfb6b40, 0x0000021edcfb70e8]
Event: 11.298 Thread 0x0000021ef797d700 18946       4       com.android.tools.r8.graph.j2::a (10 bytes)
Event: 11.304 Thread 0x0000021efa6af900 nmethod 18937% 0x0000021edcfb7510 code [0x0000021edcfb7700, 0x0000021edcfb8df8]
Event: 11.305 Thread 0x0000021efa6af900 18942       4       com.android.tools.r8.graph.e5$$Lambda$2811/0x0000021e8203e550::compare (16 bytes)
Event: 11.306 Thread 0x0000021efa6af900 nmethod 18942 0x0000021edcfb9690 code [0x0000021edcfb9820, 0x0000021edcfb99f8]
Event: 11.306 Thread 0x0000021efa6af900 18944       4       com.android.tools.r8.utils.structural.e::a (31 bytes)
Event: 11.538 Thread 0x0000021ef797e010 18951       2       java.util.Spliterators$EmptySpliterator::forEachRemaining (6 bytes)

GC Heap History (20 events):
Event: 8.698 GC heap before
{Heap before GC invocations=42 (full 0):
 garbage-first heap   total 262144K, used 201321K [0x0000000600000000, 0x0000000800000000)
  region size 4096K, 21 young (86016K), 1 survivors (4096K)
 Metaspace       used 99301K, committed 100032K, reserved 1179648K
  class space    used 13612K, committed 14016K, reserved 1048576K
}
Event: 8.701 GC heap after
{Heap after GC invocations=43 (full 0):
 garbage-first heap   total 262144K, used 129371K [0x0000000600000000, 0x0000000800000000)
  region size 4096K, 3 young (12288K), 3 survivors (12288K)
 Metaspace       used 99301K, committed 100032K, reserved 1179648K
  class space    used 13612K, committed 14016K, reserved 1048576K
}
Event: 8.705 GC heap before
{Heap before GC invocations=43 (full 0):
 garbage-first heap   total 262144K, used 129371K [0x0000000600000000, 0x0000000800000000)
  region size 4096K, 4 young (16384K), 3 survivors (12288K)
 Metaspace       used 99301K, committed 100032K, reserved 1179648K
  class space    used 13612K, committed 14016K, reserved 1048576K
}
Event: 8.708 GC heap after
{Heap after GC invocations=44 (full 0):
 garbage-first heap   total 262144K, used 127554K [0x0000000600000000, 0x0000000800000000)
  region size 4096K, 1 young (4096K), 1 survivors (4096K)
 Metaspace       used 99301K, committed 100032K, reserved 1179648K
  class space    used 13612K, committed 14016K, reserved 1048576K
}
Event: 8.874 GC heap before
{Heap before GC invocations=44 (full 0):
 garbage-first heap   total 262144K, used 176706K [0x0000000600000000, 0x0000000800000000)
  region size 4096K, 15 young (61440K), 1 survivors (4096K)
 Metaspace       used 100198K, committed 100928K, reserved 1179648K
  class space    used 13748K, committed 14144K, reserved 1048576K
}
Event: 8.876 GC heap after
{Heap after GC invocations=45 (full 0):
 garbage-first heap   total 262144K, used 131724K [0x0000000600000000, 0x0000000800000000)
  region size 4096K, 2 young (8192K), 2 survivors (8192K)
 Metaspace       used 100198K, committed 100928K, reserved 1179648K
  class space    used 13748K, committed 14144K, reserved 1048576K
}
Event: 9.186 GC heap before
{Heap before GC invocations=46 (full 0):
 garbage-first heap   total 274432K, used 221836K [0x0000000600000000, 0x0000000800000000)
  region size 4096K, 21 young (86016K), 2 survivors (8192K)
 Metaspace       used 104008K, committed 104832K, reserved 1179648K
  class space    used 14257K, committed 14656K, reserved 1048576K
}
Event: 9.189 GC heap after
{Heap after GC invocations=47 (full 0):
 garbage-first heap   total 274432K, used 166687K [0x0000000600000000, 0x0000000800000000)
  region size 4096K, 3 young (12288K), 3 survivors (12288K)
 Metaspace       used 104008K, committed 104832K, reserved 1179648K
  class space    used 14257K, committed 14656K, reserved 1048576K
}
Event: 9.192 GC heap before
{Heap before GC invocations=47 (full 0):
 garbage-first heap   total 274432K, used 174879K [0x0000000600000000, 0x0000000800000000)
  region size 4096K, 4 young (16384K), 3 survivors (12288K)
 Metaspace       used 104008K, committed 104832K, reserved 1179648K
  class space    used 14257K, committed 14656K, reserved 1048576K
}
Event: 9.195 GC heap after
{Heap after GC invocations=48 (full 0):
 garbage-first heap   total 274432K, used 159995K [0x0000000600000000, 0x0000000800000000)
  region size 4096K, 1 young (4096K), 1 survivors (4096K)
 Metaspace       used 104008K, committed 104832K, reserved 1179648K
  class space    used 14257K, committed 14656K, reserved 1048576K
}
Event: 9.315 GC heap before
{Heap before GC invocations=48 (full 0):
 garbage-first heap   total 274432K, used 237819K [0x0000000600000000, 0x0000000800000000)
  region size 4096K, 15 young (61440K), 1 survivors (4096K)
 Metaspace       used 104347K, committed 105216K, reserved 1179648K
  class space    used 14303K, committed 14720K, reserved 1048576K
}
Event: 9.320 GC heap after
{Heap after GC invocations=49 (full 0):
 garbage-first heap   total 761856K, used 191612K [0x0000000600000000, 0x0000000800000000)
  region size 4096K, 2 young (8192K), 2 survivors (8192K)
 Metaspace       used 104347K, committed 105216K, reserved 1179648K
  class space    used 14303K, committed 14720K, reserved 1048576K
}
Event: 9.805 GC heap before
{Heap before GC invocations=50 (full 0):
 garbage-first heap   total 712704K, used 441468K [0x0000000600000000, 0x0000000800000000)
  region size 4096K, 63 young (258048K), 2 survivors (8192K)
 Metaspace       used 107926K, committed 108800K, reserved 1179648K
  class space    used 14987K, committed 15424K, reserved 1048576K
}
Event: 9.837 GC heap after
{Heap after GC invocations=51 (full 0):
 garbage-first heap   total 712704K, used 280593K [0x0000000600000000, 0x0000000800000000)
  region size 4096K, 8 young (32768K), 8 survivors (32768K)
 Metaspace       used 107926K, committed 108800K, reserved 1179648K
  class space    used 14987K, committed 15424K, reserved 1048576K
}
Event: 9.845 GC heap before
{Heap before GC invocations=51 (full 0):
 garbage-first heap   total 712704K, used 284689K [0x0000000600000000, 0x0000000800000000)
  region size 4096K, 9 young (36864K), 8 survivors (32768K)
 Metaspace       used 107930K, committed 108800K, reserved 1179648K
  class space    used 14987K, committed 15424K, reserved 1048576K
}
Event: 9.859 GC heap after
{Heap after GC invocations=52 (full 0):
 garbage-first heap   total 712704K, used 287148K [0x0000000600000000, 0x0000000800000000)
  region size 4096K, 2 young (8192K), 2 survivors (8192K)
 Metaspace       used 107930K, committed 108800K, reserved 1179648K
  class space    used 14987K, committed 15424K, reserved 1048576K
}
Event: 10.073 GC heap before
{Heap before GC invocations=52 (full 0):
 garbage-first heap   total 712704K, used 442796K [0x0000000600000000, 0x0000000800000000)
  region size 4096K, 40 young (163840K), 2 survivors (8192K)
 Metaspace       used 110135K, committed 110912K, reserved 1179648K
  class space    used 15298K, committed 15680K, reserved 1048576K
}
Event: 10.095 GC heap after
{Heap after GC invocations=53 (full 0):
 garbage-first heap   total 712704K, used 352068K [0x0000000600000000, 0x0000000800000000)
  region size 4096K, 5 young (20480K), 5 survivors (20480K)
 Metaspace       used 110135K, committed 110912K, reserved 1179648K
  class space    used 15298K, committed 15680K, reserved 1048576K
}
Event: 10.638 GC heap before
{Heap before GC invocations=53 (full 0):
 garbage-first heap   total 712704K, used 479044K [0x0000000600000000, 0x0000000800000000)
  region size 4096K, 37 young (151552K), 5 survivors (20480K)
 Metaspace       used 114848K, committed 115712K, reserved 1179648K
  class space    used 15926K, committed 16384K, reserved 1048576K
}
Event: 10.652 GC heap after
{Heap after GC invocations=54 (full 0):
 garbage-first heap   total 712704K, used 370265K [0x0000000600000000, 0x0000000800000000)
  region size 4096K, 4 young (16384K), 4 survivors (16384K)
 Metaspace       used 114848K, committed 115712K, reserved 1179648K
  class space    used 15926K, committed 16384K, reserved 1048576K
}

Deoptimization events (20 events):
Event: 11.295 Thread 0x0000021ec83490c0 DEOPT PACKING pc=0x0000021edcfaff58 sp=0x00000048fb9febb0
Event: 11.295 Thread 0x0000021ec83490c0 DEOPT UNPACKING pc=0x0000021edc065ba3 sp=0x00000048fb9feae8 mode 2
Event: 11.295 Thread 0x0000021ec83490c0 Uncommon trap: trap_request=0xffffffde fr.pc=0x0000021edcfaab54 relative=0x0000000000000374
Event: 11.295 Thread 0x0000021ec83490c0 Uncommon trap: reason=class_check action=maybe_recompile pc=0x0000021edcfaab54 method=com.android.tools.r8.utils.structural.e.a(Lcom/android/tools/r8/graph/u2;Lcom/android/tools/r8/graph/u2;)I @ 12 c2
Event: 11.295 Thread 0x0000021ec83490c0 DEOPT PACKING pc=0x0000021edcfaab54 sp=0x00000048fb9fe9e0
Event: 11.295 Thread 0x0000021ec83490c0 DEOPT UNPACKING pc=0x0000021edc065ba3 sp=0x00000048fb9fe998 mode 2
Event: 11.295 Thread 0x0000021ec83490c0 Uncommon trap: trap_request=0xffffffde fr.pc=0x0000021edcfaab54 relative=0x0000000000000374
Event: 11.295 Thread 0x0000021ec83490c0 Uncommon trap: reason=class_check action=maybe_recompile pc=0x0000021edcfaab54 method=com.android.tools.r8.utils.structural.e.a(Lcom/android/tools/r8/graph/u2;Lcom/android/tools/r8/graph/u2;)I @ 12 c2
Event: 11.295 Thread 0x0000021ec83490c0 DEOPT PACKING pc=0x0000021edcfaab54 sp=0x00000048fb9fe9e0
Event: 11.295 Thread 0x0000021ec83490c0 DEOPT UNPACKING pc=0x0000021edc065ba3 sp=0x00000048fb9fe998 mode 2
Event: 11.295 Thread 0x0000021ec83490c0 Uncommon trap: trap_request=0xffffffde fr.pc=0x0000021edcfaab54 relative=0x0000000000000374
Event: 11.295 Thread 0x0000021ec83490c0 Uncommon trap: reason=class_check action=maybe_recompile pc=0x0000021edcfaab54 method=com.android.tools.r8.utils.structural.e.a(Lcom/android/tools/r8/graph/u2;Lcom/android/tools/r8/graph/u2;)I @ 12 c2
Event: 11.295 Thread 0x0000021ec83490c0 DEOPT PACKING pc=0x0000021edcfaab54 sp=0x00000048fb9fe9e0
Event: 11.295 Thread 0x0000021ec83490c0 DEOPT UNPACKING pc=0x0000021edc065ba3 sp=0x00000048fb9fe998 mode 2
Event: 11.295 Thread 0x0000021ec83490c0 Uncommon trap: trap_request=0xffffffde fr.pc=0x0000021edcfaab54 relative=0x0000000000000374
Event: 11.295 Thread 0x0000021ec83490c0 Uncommon trap: reason=class_check action=maybe_recompile pc=0x0000021edcfaab54 method=com.android.tools.r8.utils.structural.e.a(Lcom/android/tools/r8/graph/u2;Lcom/android/tools/r8/graph/u2;)I @ 12 c2
Event: 11.295 Thread 0x0000021ec83490c0 DEOPT PACKING pc=0x0000021edcfaab54 sp=0x00000048fb9fe970
Event: 11.295 Thread 0x0000021ec83490c0 DEOPT UNPACKING pc=0x0000021edc065ba3 sp=0x00000048fb9fe928 mode 2
Event: 11.312 Thread 0x0000021ec8345e20 Uncommon trap: trap_request=0xffffffde fr.pc=0x0000021edcfa5ab0 relative=0x0000000000000570
Event: 12.326 Thread 0x0000021ec8345e20 Uncommon trap: reason=class_check action=maybe_recompile pc=0x0000021edcfa5ab0 method=java.util.IdentityHashMap$KeySet.toArray([Ljava/lang/Object;)[Ljava/lang/Object; @ 30 c2

Classes unloaded (11 events):
Event: 8.319 Thread 0x0000021ef792d6d0 Unloading class 0x0000021e81c76c00 'java/lang/invoke/LambdaForm$DMH+0x0000021e81c76c00'
Event: 8.319 Thread 0x0000021ef792d6d0 Unloading class 0x0000021e81c76800 'java/lang/invoke/LambdaForm$DMH+0x0000021e81c76800'
Event: 8.319 Thread 0x0000021ef792d6d0 Unloading class 0x0000021e81c76400 'java/lang/invoke/LambdaForm$DMH+0x0000021e81c76400'
Event: 8.319 Thread 0x0000021ef792d6d0 Unloading class 0x0000021e81c76000 'java/lang/invoke/LambdaForm$DMH+0x0000021e81c76000'
Event: 8.319 Thread 0x0000021ef792d6d0 Unloading class 0x0000021e81c75c00 'java/lang/invoke/LambdaForm$DMH+0x0000021e81c75c00'
Event: 8.319 Thread 0x0000021ef792d6d0 Unloading class 0x0000021e81c74800 'java/lang/invoke/LambdaForm$DMH+0x0000021e81c74800'
Event: 8.319 Thread 0x0000021ef792d6d0 Unloading class 0x0000021e81c75800 'java/lang/invoke/LambdaForm$DMH+0x0000021e81c75800'
Event: 8.319 Thread 0x0000021ef792d6d0 Unloading class 0x0000021e81c74c00 'java/lang/invoke/LambdaForm$DMH+0x0000021e81c74c00'
Event: 8.319 Thread 0x0000021ef792d6d0 Unloading class 0x0000021e81c74000 'java/lang/invoke/LambdaForm$DMH+0x0000021e81c74000'
Event: 8.319 Thread 0x0000021ef792d6d0 Unloading class 0x0000021e81c75400 'java/lang/invoke/LambdaForm$DMH+0x0000021e81c75400'
Event: 8.319 Thread 0x0000021ef792d6d0 Unloading class 0x0000021e81c75000 'java/lang/invoke/LambdaForm$DMH+0x0000021e81c75000'

Classes redefined (0 events):
No events

Internal exceptions (20 events):
Event: 10.722 Thread 0x0000021ec3c33f10 Exception <a 'java/net/ConnectException'{0x000000062d568bf8}: Connection refused: connect> (0x000000062d568bf8) 
thrown [s\open\src\hotspot\share\prims\jni.cpp, line 535]
Event: 10.722 Thread 0x0000021ec3c33f10 Exception <a 'java/net/SocketException'{0x000000062d569480}: Socket is not connected: shutdown> (0x000000062d569480) 
thrown [s\open\src\hotspot\share\prims\jni.cpp, line 535]
Event: 10.737 Thread 0x0000021ec3c33f10 Exception <a 'java/net/ConnectException'{0x000000062d56a200}: Connection refused: connect> (0x000000062d56a200) 
thrown [s\open\src\hotspot\share\prims\jni.cpp, line 535]
Event: 10.737 Thread 0x0000021ec3c33f10 Exception <a 'java/net/SocketException'{0x000000062d56aa88}: Socket is not connected: shutdown> (0x000000062d56aa88) 
thrown [s\open\src\hotspot\share\prims\jni.cpp, line 535]
Event: 10.753 Thread 0x0000021ec3c33f10 Exception <a 'java/net/ConnectException'{0x000000062d56b808}: Connection refused: connect> (0x000000062d56b808) 
thrown [s\open\src\hotspot\share\prims\jni.cpp, line 535]
Event: 10.753 Thread 0x0000021ec3c33f10 Exception <a 'java/net/SocketException'{0x000000062d56c090}: Socket is not connected: shutdown> (0x000000062d56c090) 
thrown [s\open\src\hotspot\share\prims\jni.cpp, line 535]
Event: 10.780 Thread 0x0000021ec3c33f10 Exception <a 'java/lang/NoSuchMethodError'{0x0000000629600700}: static Lorg/jetbrains/kotlin/daemon/common/LoopbackNetworkInterface$AbstractClientLoopbackSocketFactory;.<clinit>()V> (0x0000000629600700) 
thrown [s\open\src\hotspot\share\prims\jni.cpp, line 1112]
Event: 10.780 Thread 0x0000021ec3c33f10 Exception <a 'java/lang/NoSuchMethodError'{0x000000062960c258}: static Lorg/jetbrains/kotlin/daemon/common/LoopbackNetworkInterface$ClientLoopbackSocketFactory;.<clinit>()V> (0x000000062960c258) 
thrown [s\open\src\hotspot\share\prims\jni.cpp, line 1112]
Event: 10.787 Thread 0x0000021ec3c33f10 Exception <a 'java/lang/NoSuchMethodError'{0x00000006297bd4f8}: 'java.lang.Object java.lang.invoke.Invokers$Holder.linkToTargetMethod(java.lang.Object, int, java.lang.Object, java.lang.Object, java.lang.Object)'> (0x00000006297bd4f8) 
thrown [s\open\src\hotspot\share\interpreter\linkResolver.cpp, line 759]
Event: 10.791 Thread 0x0000021ec3c33f10 Exception <a 'java/lang/NoSuchMethodError'{0x00000006297e37c0}: static [Ljava/rmi/server/ObjID;.<clinit>()V> (0x00000006297e37c0) 
thrown [s\open\src\hotspot\share\prims\jni.cpp, line 1112]
Event: 10.792 Thread 0x0000021ec3c33f10 Exception <a 'java/lang/NoSuchMethodError'{0x0000000629162220}: static [B.<clinit>()V> (0x0000000629162220) 
thrown [s\open\src\hotspot\share\prims\jni.cpp, line 1112]
Event: 10.796 Thread 0x0000021ec7212930 Exception <a 'java/lang/InterruptedException'{0x00000006291705a8}> (0x00000006291705a8) 
thrown [s\open\src\hotspot\share\runtime\objectMonitor.cpp, line 1671]
Event: 10.797 Thread 0x0000021ec7212930 Exception <a 'java/lang/NoSuchMethodError'{0x0000000629171a08}: 'java.lang.Object java.lang.invoke.DirectMethodHandle$Holder.invokeSpecial(java.lang.Object, java.lang.Object, int, java.lang.Object, long)'> (0x0000000629171a08) 
thrown [s\open\src\hotspot\share\interpreter\linkResolver.cpp, line 759]
Event: 10.797 Thread 0x0000021ec7212930 Exception <a 'java/lang/NoSuchMethodError'{0x0000000629178eb8}: 'java.lang.Object java.lang.invoke.DirectMethodHandle$Holder.newInvokeSpecial(java.lang.Object, java.lang.Object, int, java.lang.Object, long)'> (0x0000000629178eb8) 
thrown [s\open\src\hotspot\share\interpreter\linkResolver.cpp, line 759]
Event: 10.809 Thread 0x0000021ec3c33f10 Exception <a 'java/lang/NoSuchMethodError'{0x00000006293df5d0}: static Lorg/jetbrains/kotlin/daemon/common/CompileService$CallResult;.<clinit>()V> (0x00000006293df5d0) 
thrown [s\open\src\hotspot\share\prims\jni.cpp, line 1112]
Event: 10.809 Thread 0x0000021ec3c33f10 Exception <a 'java/lang/NoSuchMethodError'{0x00000006293eb410}: static Lorg/jetbrains/kotlin/daemon/common/CompileService$CallResult$Good;.<clinit>()V> (0x00000006293eb410) 
thrown [s\open\src\hotspot\share\prims\jni.cpp, line 1112]
Event: 10.810 Thread 0x0000021ec3c33f10 Exception <a 'java/lang/NoSuchMethodError'{0x00000006293f8910}: static Lorg/jetbrains/kotlin/daemon/common/DaemonJVMOptions;.<clinit>()V> (0x00000006293f8910) 
thrown [s\open\src\hotspot\share\prims\jni.cpp, line 1112]
Event: 10.813 Thread 0x0000021ec3c33f10 Exception <a 'java/lang/NoSuchMethodError'{0x0000000628c14cc8}: static Lorg/jetbrains/kotlin/daemon/common/CompileService$CallResult$Ok;.<clinit>()V> (0x0000000628c14cc8) 
thrown [s\open\src\hotspot\share\prims\jni.cpp, line 1112]
Event: 10.826 Thread 0x0000021ec3c33f10 Exception <a 'java/lang/NoSuchMethodError'{0x0000000628ffed40}: static [Ljava/lang/Integer;.<clinit>()V> (0x0000000628ffed40) 
thrown [s\open\src\hotspot\share\prims\jni.cpp, line 1112]
Event: 11.087 Thread 0x0000021ec3c30760 Exception <a 'java/lang/IncompatibleClassChangeError'{0x0000000625cc62d0}: Found class java.lang.Object, but interface was expected> (0x0000000625cc62d0) 
thrown [s\open\src\hotspot\share\interpreter\linkResolver.cpp, line 826]

VM Operations (20 events):
Event: 10.760 Executing VM operation: HandshakeAllThreads done
Event: 10.799 Executing VM operation: HandshakeAllThreads
Event: 10.800 Executing VM operation: HandshakeAllThreads done
Event: 10.804 Executing VM operation: HandshakeAllThreads
Event: 10.804 Executing VM operation: HandshakeAllThreads done
Event: 10.835 Executing VM operation: ICBufferFull
Event: 10.836 Executing VM operation: ICBufferFull done
Event: 11.047 Executing VM operation: HandshakeAllThreads
Event: 11.047 Executing VM operation: HandshakeAllThreads done
Event: 11.090 Executing VM operation: HandshakeAllThreads
Event: 11.090 Executing VM operation: HandshakeAllThreads done
Event: 11.181 Executing VM operation: ICBufferFull
Event: 11.181 Executing VM operation: ICBufferFull done
Event: 11.187 Executing VM operation: HandshakeAllThreads
Event: 11.187 Executing VM operation: HandshakeAllThreads done
Event: 11.242 Executing VM operation: HandshakeAllThreads
Event: 11.243 Executing VM operation: HandshakeAllThreads done
Event: 11.253 Executing VM operation: HandshakeAllThreads
Event: 11.254 Executing VM operation: HandshakeAllThreads done
Event: 12.264 Executing VM operation: Cleanup

Events (20 events):
Event: 10.824 loading class sun/rmi/server/UnicastServerRef$HashToMethod_Maps$1 done
Event: 10.826 loading class sun/rmi/server/LoaderHandler$Loader
Event: 10.826 loading class sun/rmi/server/LoaderHandler$Loader done
Event: 10.827 loading class java/rmi/server/ServerNotActiveException
Event: 10.827 loading class java/rmi/server/ServerNotActiveException done
Event: 10.828 loading class sun/rmi/transport/DGCAckHandler
Event: 10.828 loading class sun/rmi/transport/DGCAckHandler done
Event: 10.831 loading class sun/rmi/transport/DGCAckHandler$1
Event: 10.831 loading class sun/rmi/transport/DGCAckHandler$1 done
Event: 10.840 loading class sun/rmi/transport/tcp/TCPTransport$ConnectionHandler
Event: 10.840 loading class sun/rmi/transport/tcp/TCPTransport$ConnectionHandler done
Event: 10.840 Thread 0x0000021ec7213860 Thread added: 0x0000021ec7213860
Event: 10.843 loading class sun/rmi/transport/Transport$1
Event: 10.843 loading class sun/rmi/transport/Transport$1 done
Event: 10.844 loading class sun/rmi/transport/DGCImpl$LeaseInfo
Event: 10.844 loading class sun/rmi/transport/DGCImpl$LeaseInfo done
Event: 10.844 loading class sun/rmi/transport/DGCImpl$1
Event: 10.844 loading class sun/rmi/transport/DGCImpl$1 done
Event: 10.844 loading class sun/rmi/transport/SequenceEntry
Event: 10.844 loading class sun/rmi/transport/SequenceEntry done


Dynamic libraries:
0x00007ff764b40000 - 0x00007ff764b50000 	C:\Program Files\Java\jdk-17\bin\java.exe
0x00007fff883e0000 - 0x00007fff88646000 	C:\Windows\SYSTEM32\ntdll.dll
0x00007fff87d30000 - 0x00007fff87df9000 	C:\Windows\System32\KERNEL32.DLL
0x00007fff85740000 - 0x00007fff85b3f000 	C:\Windows\System32\KERNELBASE.dll
0x00007fff85d10000 - 0x00007fff85e5c000 	C:\Windows\System32\ucrtbase.dll
0x00007fff56220000 - 0x00007fff56239000 	C:\Program Files\Java\jdk-17\bin\jli.dll
0x00007fff61cf0000 - 0x00007fff61d0b000 	C:\Program Files\Java\jdk-17\bin\VCRUNTIME140.dll
0x00007fff87ee0000 - 0x00007fff87f9c000 	C:\Windows\System32\ADVAPI32.dll
0x00007fff861f0000 - 0x00007fff86299000 	C:\Windows\System32\msvcrt.dll
0x00007fff87c80000 - 0x00007fff87d2a000 	C:\Windows\System32\sechost.dll
0x00007fff87680000 - 0x00007fff87798000 	C:\Windows\System32\RPCRT4.dll
0x00007fff88110000 - 0x00007fff882d6000 	C:\Windows\System32\USER32.dll
0x00007fff79770000 - 0x00007fff79a01000 	C:\Windows\WinSxS\amd64_microsoft.windows.common-controls_6595b64144ccf1df_6.0.26100.8972_none_3e0da176e32f9d4b\COMCTL32.dll
0x00007fff85ce0000 - 0x00007fff85d07000 	C:\Windows\System32\win32u.dll
0x00007fff87650000 - 0x00007fff8767b000 	C:\Windows\System32\GDI32.dll
0x00007fff85fe0000 - 0x00007fff86109000 	C:\Windows\System32\gdi32full.dll
0x00007fff85f30000 - 0x00007fff85fd3000 	C:\Windows\System32\msvcp_win.dll
0x00007fff7c6f0000 - 0x00007fff7c6fb000 	C:\Windows\SYSTEM32\VERSION.dll
0x00007fff87e00000 - 0x00007fff87e32000 	C:\Windows\System32\IMM32.DLL
0x00007fff70b50000 - 0x00007fff70c42000 	C:\Program Files\Windhawk\Engine\1.7.3\64\windhawk.dll
0x00007fff70ae0000 - 0x00007fff70afa000 	C:\ProgramData\Windhawk\Engine\Mods\64\win11-accent-border_1.0.4_533266.dll
0x00007fff82b20000 - 0x00007fff82b4f000 	C:\Windows\SYSTEM32\dwmapi.dll
0x00007fff868c0000 - 0x00007fff86c45000 	C:\Windows\System32\combase.dll
0x00007fff7ed80000 - 0x00007fff7ed8c000 	C:\Program Files\Java\jdk-17\bin\vcruntime140_1.dll
0x00007fff21f30000 - 0x00007fff21fbe000 	C:\Program Files\Java\jdk-17\bin\msvcp140.dll
0x00007ffed81c0000 - 0x00007ffed8da0000 	C:\Program Files\Java\jdk-17\bin\server\jvm.dll
0x00007fff87eb0000 - 0x00007fff87eb8000 	C:\Windows\System32\PSAPI.DLL
0x00007fff79730000 - 0x00007fff79766000 	C:\Windows\SYSTEM32\WINMM.dll
0x00007fff77240000 - 0x00007fff7724a000 	C:\Windows\SYSTEM32\WSOCK32.dll
0x00007fff86c50000 - 0x00007fff86cd2000 	C:\Windows\System32\WS2_32.dll
0x00007fff84210000 - 0x00007fff8422b000 	C:\Windows\SYSTEM32\kernel.appcore.dll
0x00007fff7ed40000 - 0x00007fff7ed4a000 	C:\Program Files\Java\jdk-17\bin\jimage.dll
0x00007fff7e140000 - 0x00007fff7e382000 	C:\Windows\SYSTEM32\DBGHELP.DLL
0x00007fff86ce0000 - 0x00007fff86db9000 	C:\Windows\System32\OLEAUT32.dll
0x00007fff79ff0000 - 0x00007fff7a02b000 	C:\Windows\SYSTEM32\dbgcore.DLL
0x00007fff85e70000 - 0x00007fff85f1c000 	C:\Windows\System32\bcryptPrimitives.dll
0x00007fff61ce0000 - 0x00007fff61cee000 	C:\Program Files\Java\jdk-17\bin\instrument.dll
0x00007fff31c00000 - 0x00007fff31c25000 	C:\Program Files\Java\jdk-17\bin\java.dll
0x00007fff00fc0000 - 0x00007fff01097000 	C:\Program Files\Java\jdk-17\bin\jsvml.dll
0x00007fff86dc0000 - 0x00007fff87548000 	C:\Windows\System32\SHELL32.dll
0x00007fff82ff0000 - 0x00007fff8388b000 	C:\Windows\SYSTEM32\windows.storage.dll
0x00007fff87550000 - 0x00007fff87649000 	C:\Windows\System32\SHCORE.dll
0x00007fff87e40000 - 0x00007fff87ea6000 	C:\Windows\System32\shlwapi.dll
0x00007fff85510000 - 0x00007fff85539000 	C:\Windows\SYSTEM32\profapi.dll
0x00007fff30520000 - 0x00007fff30538000 	C:\Program Files\Java\jdk-17\bin\zip.dll
0x00007fff56200000 - 0x00007fff56219000 	C:\Program Files\Java\jdk-17\bin\net.dll
0x00007fff80940000 - 0x00007fff80a68000 	C:\Windows\SYSTEM32\WINHTTP.dll
0x00007fff847a0000 - 0x00007fff8480c000 	C:\Windows\system32\mswsock.dll
0x00007fff30560000 - 0x00007fff30576000 	C:\Program Files\Java\jdk-17\bin\nio.dll
0x00007fff7ed10000 - 0x00007fff7ed20000 	C:\Program Files\Java\jdk-17\bin\verify.dll
0x00007fff7ed50000 - 0x00007fff7ed77000 	C:\Users\Drews\.gradle\native\c067742578af261105cb4f569cf0c3c89f3d7b1fecec35dd04571415982c5e48\windows-amd64\native-platform.dll
0x00007ffefc290000 - 0x00007ffefc3d4000 	C:\Users\Drews\.gradle\native\38dada09dfb8b06ba9b0570ebf7e218e3eb74d4ef43ca46872605cf95ebc2f47\windows-amd64\native-platform-file-events.dll
0x00007fff7ecc0000 - 0x00007fff7ecca000 	C:\Program Files\Java\jdk-17\bin\management.dll
0x00007fff7e390000 - 0x00007fff7e39b000 	C:\Program Files\Java\jdk-17\bin\management_ext.dll
0x00007fff84bc0000 - 0x00007fff84bdb000 	C:\Windows\SYSTEM32\CRYPTSP.dll
0x00007fff84170000 - 0x00007fff841a9000 	C:\Windows\system32\rsaenh.dll
0x00007fff84850000 - 0x00007fff84882000 	C:\Windows\SYSTEM32\USERENV.dll
0x00007fff854e0000 - 0x00007fff8550a000 	C:\Windows\SYSTEM32\bcrypt.dll
0x00007fff84a00000 - 0x00007fff84a0c000 	C:\Windows\SYSTEM32\CRYPTBASE.dll
0x00007fff83bc0000 - 0x00007fff83bf3000 	C:\Windows\SYSTEM32\IPHLPAPI.DLL
0x00007fff88040000 - 0x00007fff8804a000 	C:\Windows\System32\NSI.dll
0x00007fff808d0000 - 0x00007fff808ed000 	C:\Windows\SYSTEM32\dhcpcsvc6.DLL
0x00007fff808a0000 - 0x00007fff808c5000 	C:\Windows\SYSTEM32\dhcpcsvc.DLL
0x00007fff83cb0000 - 0x00007fff83e08000 	C:\Windows\SYSTEM32\DNSAPI.dll
0x00007fff845a0000 - 0x00007fff845ad000 	C:\Windows\SYSTEM32\DSPARSE.dll
0x00007fff31bf0000 - 0x00007fff31bfe000 	C:\Program Files\Java\jdk-17\bin\sunmscapi.dll
0x00007fff85b50000 - 0x00007fff85cce000 	C:\Windows\System32\CRYPT32.dll
0x00007fff84d20000 - 0x00007fff84d50000 	C:\Windows\SYSTEM32\ncrypt.dll
0x00007fff84cd0000 - 0x00007fff84d0f000 	C:\Windows\SYSTEM32\NTASN1.dll
0x00007fff66710000 - 0x00007fff66718000 	C:\Windows\system32\wshunix.dll
0x00007fff71ff0000 - 0x00007fff72008000 	C:\Windows\system32\napinsp.dll
0x00007fff71ef0000 - 0x00007fff71f03000 	C:\Windows\System32\winrnr.dll
0x00007fff71ec0000 - 0x00007fff71ee2000 	C:\Windows\system32\nlansp_c.dll
0x00007fff7f520000 - 0x00007fff7f536000 	C:\Windows\system32\wshbth.dll
0x00007fff80930000 - 0x00007fff8093b000 	C:\Windows\System32\rasadhlp.dll
0x00007fff7f5d0000 - 0x00007fff7f656000 	C:\Windows\System32\fwpuclnt.dll
0x00007fff84340000 - 0x00007fff84376000 	C:\Windows\SYSTEM32\ntmarta.dll
0x00007fff62110000 - 0x00007fff6212e000 	C:\Users\Drews\AppData\Local\Temp\native-platform7691493363440713297dir\native-platform.dll
0x00007fff750b0000 - 0x00007fff750b7000 	C:\Program Files\Java\jdk-17\bin\rmi.dll

dbghelp: loaded successfully - version: 4.0.5 - missing functions: none
symbol engine: initialized successfully - sym options: 0x614 - pdb path: .;C:\Program Files\Java\jdk-17\bin;C:\Windows\SYSTEM32;C:\Windows\WinSxS\amd64_microsoft.windows.common-controls_6595b64144ccf1df_6.0.26100.8972_none_3e0da176e32f9d4b;C:\Program Files\Windhawk\Engine\1.7.3\64;C:\ProgramData\Windhawk\Engine\Mods\64;C:\Program Files\Java\jdk-17\bin\server;C:\Users\Drews\.gradle\native\c067742578af261105cb4f569cf0c3c89f3d7b1fecec35dd04571415982c5e48\windows-amd64;C:\Users\Drews\.gradle\native\38dada09dfb8b06ba9b0570ebf7e218e3eb74d4ef43ca46872605cf95ebc2f47\windows-amd64;C:\Users\Drews\AppData\Local\Temp\native-platform7691493363440713297dir

VM Arguments:
jvm_args: -XX:MaxMetaspaceSize=2048m --add-opens=java.base/java.util=ALL-UNNAMED --add-opens=java.base/java.lang=ALL-UNNAMED --add-opens=java.base/java.lang.invoke=ALL-UNNAMED --add-opens=java.prefs/java.util.prefs=ALL-UNNAMED --add-opens=java.base/java.nio.charset=ALL-UNNAMED --add-opens=java.base/java.net=ALL-UNNAMED --add-opens=java.base/java.util.concurrent.atomic=ALL-UNNAMED -Xmx8192m -Dfile.encoding=windows-1252 -Duser.country=US -Duser.language=en -Duser.variant -javaagent:C:\Users\Drews\.gradle\wrapper\dists\gradle-8.4-bin\1w5dpkrfk8irigvoxmyhowfim\gradle-8.4\lib\agents\gradle-instrumentation-agent-8.4.jar 
java_command: org.gradle.launcher.daemon.bootstrap.GradleDaemon 8.4
java_class_path (initial): C:\Users\Drews\.gradle\wrapper\dists\gradle-8.4-bin\1w5dpkrfk8irigvoxmyhowfim\gradle-8.4\lib\gradle-launcher-8.4.jar
Launcher Type: SUN_STANDARD

[Global flags]
     intx CICompilerCount                          = 4                                         {product} {ergonomic}
     uint ConcGCThreads                            = 3                                         {product} {ergonomic}
     uint G1ConcRefinementThreads                  = 10                                        {product} {ergonomic}
   size_t G1HeapRegionSize                         = 4194304                                   {product} {ergonomic}
    uintx GCDrainStackTargetSize                   = 64                                        {product} {ergonomic}
   size_t InitialHeapSize                          = 285212672                                 {product} {ergonomic}
   size_t MarkStackSize                            = 4194304                                   {product} {ergonomic}
   size_t MaxHeapSize                              = 8589934592                                {product} {command line}
   size_t MaxMetaspaceSize                         = 2147483648                                {product} {command line}
   size_t MaxNewSize                               = 5150605312                                {product} {ergonomic}
   size_t MinHeapDeltaBytes                        = 4194304                                   {product} {ergonomic}
   size_t MinHeapSize                              = 8388608                                   {product} {ergonomic}
    uintx NonNMethodCodeHeapSize                   = 5839372                                {pd product} {ergonomic}
    uintx NonProfiledCodeHeapSize                  = 122909434                              {pd product} {ergonomic}
    uintx ProfiledCodeHeapSize                     = 122909434                              {pd product} {ergonomic}
    uintx ReservedCodeCacheSize                    = 251658240                              {pd product} {ergonomic}
     bool SegmentedCodeCache                       = true                                      {product} {ergonomic}
   size_t SoftMaxHeapSize                          = 8589934592                             {manageable} {ergonomic}
     bool UseCompressedClassPointers               = true                           {product lp64_product} {ergonomic}
     bool UseCompressedOops                        = true                           {product lp64_product} {ergonomic}
     bool UseG1GC                                  = true                                      {product} {ergonomic}
     bool UseLargePagesIndividualAllocation        = false                                  {pd product} {ergonomic}

Logging:
Log output configuration:
 #0: stdout all=warning uptime,level,tags
 #1: stderr all=off uptime,level,tags

Environment Variables:
PATH=C:\Program Files\Common Files\Oracle\Java\javapath;C:\Program Files (x86)\Razer Chroma SDK\bin;C:\Program Files\Razer Chroma SDK\bin;C:\Windows\system32;C:\Windows;C:\Windows\System32\Wbem;C:\Windows\System32\WindowsPowerShell\v1.0\;C:\Windows\System32\OpenSSH\;C:\Program Files\dotnet\;C:\Windows\system32\config\systemprofile\AppData\Local\Microsoft\WindowsApps;C:\Program Files (x86)\Razer\ChromaBroadcast\bin;C:\Program Files\Razer\ChromaBroadcast\bin;C:\Users\Drews\AppData\Local\Microsoft\WindowsApps;C:\Program Files\Git\cmd;C:\adb;C:\Users\Drews\AppData\Local\Microsoft\WindowsApps;C:\Users\Drews\.local\bin;C:\Users\Drews\AppData\Local\Python\bin;C:\Users\Drews\AppData\Local\Python\pythoncore-3.14-64\Scripts;
USERNAME=Drews
OS=Windows_NT
PROCESSOR_IDENTIFIER=AMD64 Family 26 Model 68 Stepping 0, AuthenticAMD



---------------  S Y S T E M  ---------------

OS:
 Windows 11 , 64 bit Build 26100 (10.0.26100.9168)
OS uptime: 0 days 12:38 hours
Hyper-V role detected

CPU: total 12 (initial active 12) (12 cores per cpu, 2 threads per core) family 26 model 68 stepping 0 microcode 0xb404035, cx8, cmov, fxsr, ht, mmx, 3dnowpref, sse, sse2, sse3, ssse3, sse4a, sse4.1, sse4.2, popcnt, lzcnt, tsc, tscinvbit, avx, avx2, aes, erms, clmul, bmi1, bmi2, adx, avx512f, avx512dq, avx512cd, avx512bw, avx512vl, sha, fma, vzeroupper, avx512_vpopcntdq, avx512_vpclmulqdq, avx512_vaes, avx512_vnni, clflush, clflushopt, avx512_vbmi2, avx512_vbmi, hv

Memory: 4k page, system-wide physical 17285M (739M free)
TotalPageFile size 33285M (AvailPageFile size 22M)
current process WorkingSet (physical memory assigned to process): 998M, peak: 998M
current process commit charge ("private bytes"): 1132M, peak: 1138M

vm_info: Java HotSpot(TM) 64-Bit Server VM (17.0.12+8-LTS-286) for windows-amd64 JRE (17.0.12+8-LTS-286), built on Jun  5 2024 06:46:59 by "mach5one" with MS VC++ 17.6 (VS2022)

END.
