JvmtiExport can_access_local_variables 0
JvmtiExport can_hotswap_or_post_breakpoint 1
JvmtiExport can_post_on_exceptions 0
# 674 ciObject found
instanceKlass jdk/internal/loader/BuiltinClassLoader
ciInstanceKlass java/lang/Cloneable 1 0 7 100 1 100 1 1 1
instanceKlass org/jetbrains/kotlin/resolve/checkers/OptInUsageChecker$OptInReporterMultiplexer
instanceKlass org/jetbrains/kotlin/resolve/calls/model/SimpleKotlinCallArgument
instanceKlass org/jetbrains/kotlin/resolve/calls/model/ReceiverKotlinCallArgument
instanceKlass org/jetbrains/kotlin/resolve/calls/components/KotlinResolutionCallbacks
instanceKlass org/jetbrains/kotlin/resolve/calls/components/candidate/ResolutionCandidate
instanceKlass org/jetbrains/kotlin/resolve/calls/tower/Candidate
instanceKlass org/jetbrains/kotlin/resolve/calls/model/KotlinDiagnosticsHolder
instanceKlass org/jetbrains/kotlin/resolve/calls/model/KotlinCall
instanceKlass org/jetbrains/kotlin/resolve/calls/tower/ImplicitScopeTower
instanceKlass org/jetbrains/kotlin/resolve/calls/model/CallableReferenceKotlinCallArgument
instanceKlass org/jetbrains/kotlin/resolve/calls/model/PostponableKotlinCallArgument
instanceKlass org/jetbrains/kotlin/resolve/calls/model/KotlinCallArgument
instanceKlass org/jetbrains/kotlin/resolve/calls/model/CallableReferenceResolutionAtom
instanceKlass org/jetbrains/kotlin/resolve/calls/model/ResolutionAtom
instanceKlass org/jetbrains/kotlin/resolve/calls/results/SimpleConstraintSystem
instanceKlass org/jetbrains/kotlin/resolve/calls/inference/components/ConstraintInjector
instanceKlass org/jetbrains/kotlin/types/TypeCheckerState
instanceKlass org/jetbrains/kotlin/resolve/ModuleStructureOracle
instanceKlass org/jetbrains/kotlin/descriptors/ValueParameterDescriptor
instanceKlass org/jetbrains/kotlin/mpp/ValueParameterSymbolMarker
instanceKlass org/jetbrains/kotlin/resolve/deprecation/DeprecationResolver
instanceKlass org/jetbrains/kotlin/builtins/ReflectionTypes
instanceKlass org/jetbrains/kotlin/resolve/calls/smartcasts/DataFlowValue
instanceKlass org/jetbrains/kotlin/resolve/UpperBoundViolatedReporter
instanceKlass org/jetbrains/kotlin/types/TypeSubstitutor
instanceKlass org/jetbrains/kotlin/types/model/TypeSubstitutorMarker
instanceKlass org/jetbrains/kotlin/descriptors/TypeParameterDescriptor
instanceKlass org/jetbrains/kotlin/types/model/TypeParameterMarker
instanceKlass org/jetbrains/kotlin/mpp/TypeParameterSymbolMarker
instanceKlass java/lang/reflect/WildcardType
instanceKlass sun/reflect/generics/tree/MethodTypeSignature
instanceKlass sun/reflect/generics/tree/VoidDescriptor
instanceKlass sun/reflect/generics/tree/Wildcard
instanceKlass sun/reflect/generics/tree/BottomSignature
instanceKlass org/jetbrains/kotlin/diagnostics/DiagnosticSink$DiagnosticsCallback
instanceKlass org/jetbrains/kotlin/com/intellij/util/xmlb/annotations/Transient
instanceKlass java/lang/Deprecated
instanceKlass org/jetbrains/kotlin/com/intellij/util/messages/ListenerDescriptor
instanceKlass kotlin/ReplaceWith
instanceKlass kotlin/Deprecated
instanceKlass org/jetbrains/kotlin/cfg/ControlFlowInformationProviderImpl$Factory
instanceKlass org/jetbrains/kotlin/cfg/ControlFlowInformationProvider$Factory
instanceKlass org/jetbrains/kotlin/idea/MainFunctionDetector$Factory$Ordinary
instanceKlass org/jetbrains/kotlin/idea/MainFunctionDetector$Factory
instanceKlass org/jetbrains/kotlin/resolve/lazy/BasicAbsentDescriptorHandler
instanceKlass org/jetbrains/kotlin/resolve/lazy/CompilerLocalDescriptorResolver
instanceKlass org/jetbrains/kotlin/resolve/lazy/LocalDescriptorResolver
instanceKlass org/jetbrains/kotlin/resolve/BodyResolveCache$ThrowException
instanceKlass org/jetbrains/kotlin/resolve/BodyResolveCache
instanceKlass org/jetbrains/kotlin/resolve/jvm/JvmDiagnosticComponents
instanceKlass org/jetbrains/kotlin/platform/PlatformSpecificDiagnosticComponents
instanceKlass org/jetbrains/kotlin/load/java/components/FilesByFacadeFqNameIndexer
instanceKlass org/jetbrains/kotlin/resolve/FilePreprocessorExtension
instanceKlass org/jetbrains/kotlin/resolve/jvm/modules/JavaModuleResolver$SERVICE
instanceKlass org/jetbrains/kotlin/load/java/lazy/JavaResolverSettings$Companion$create$1
instanceKlass org/jetbrains/kotlin/load/java/lazy/JavaResolverSettings$Companion
instanceKlass org/jetbrains/kotlin/load/java/lazy/JavaResolverSettings
instanceKlass org/jetbrains/kotlin/load/java/JavaClassesTracker$Default
instanceKlass org/jetbrains/kotlin/load/java/JavaClassesTracker
instanceKlass org/jetbrains/kotlin/resolve/jvm/multiplatform/OptionalAnnotationPackageFragmentProvider
instanceKlass org/jetbrains/kotlin/serialization/deserialization/AbstractDeserializedPackageFragmentProvider
instanceKlass org/jetbrains/kotlin/load/java/components/JavaSourceElementFactoryImpl
instanceKlass org/jetbrains/kotlin/load/java/sources/JavaSourceElementFactory
instanceKlass org/jetbrains/kotlin/load/java/components/AbstractJavaResolverCache
instanceKlass org/jetbrains/kotlin/load/java/components/JavaResolverCache
instanceKlass org/jetbrains/kotlin/load/java/AbstractJavaClassFinder
instanceKlass org/jetbrains/kotlin/load/java/JavaClassFinder
instanceKlass org/jetbrains/kotlin/resolve/jvm/CompositeSyntheticJavaPartsProvider
instanceKlass org/jetbrains/kotlin/resolve/jvm/SyntheticJavaPartsProvider$Companion
instanceKlass org/jetbrains/kotlin/resolve/jvm/SyntheticJavaPartsProvider
instanceKlass org/jetbrains/kotlin/load/java/components/JavaDeprecationSettings
instanceKlass org/jetbrains/kotlin/resolve/deprecation/DeprecationSettings
instanceKlass org/jetbrains/kotlin/resolve/TypeResolver$TypeTransformerForTests
instanceKlass org/jetbrains/kotlin/load/java/components/TraceBasedErrorReporter
instanceKlass org/jetbrains/kotlin/load/java/components/SignaturePropagatorImpl
instanceKlass org/jetbrains/kotlin/load/java/components/SignaturePropagator
instanceKlass org/jetbrains/kotlin/load/java/components/JavaPropertyInitializerEvaluatorImpl
instanceKlass org/jetbrains/kotlin/load/java/components/JavaPropertyInitializerEvaluator
instanceKlass org/jetbrains/kotlin/load/kotlin/DeserializationComponentsForJava
instanceKlass org/jetbrains/kotlin/resolve/jvm/JavaDescriptorResolver
instanceKlass org/jetbrains/kotlin/load/kotlin/VirtualFileFinder$SERVICE
instanceKlass org/jetbrains/kotlin/load/kotlin/VirtualFileFinder
instanceKlass org/jetbrains/kotlin/load/kotlin/KotlinClassFinder
instanceKlass org/jetbrains/kotlin/serialization/deserialization/KotlinMetadataFinder
instanceKlass org/jetbrains/kotlin/load/kotlin/VirtualFileFinderFactory$SERVICE
instanceKlass org/jetbrains/kotlin/resolve/AnnotationResolver
instanceKlass org/jetbrains/kotlin/resolve/LazyTopDownAnalyzer
instanceKlass org/jetbrains/kotlin/resolve/lazy/ResolveSession
instanceKlass org/jetbrains/kotlin/resolve/lazy/LazyClassContext
instanceKlass org/jetbrains/kotlin/resolve/lazy/KotlinCodeAnalyzer
instanceKlass org/jetbrains/kotlin/resolve/lazy/TopLevelDescriptorProvider
instanceKlass org/jetbrains/kotlin/util/ProgressManagerBasedCancellationChecker
instanceKlass org/jetbrains/kotlin/util/CancellationChecker
instanceKlass org/jetbrains/kotlin/resolve/calls/inference/components/ClassicConstraintSystemUtilContext
instanceKlass org/jetbrains/kotlin/resolve/calls/inference/components/ConstraintSystemUtilContext
instanceKlass org/jetbrains/kotlin/resolve/calls/components/ClassicTypeSystemContextForCS
instanceKlass org/jetbrains/kotlin/types/model/TypeSystemInferenceExtensionContextDelegate
instanceKlass org/jetbrains/kotlin/types/checker/ClassicTypeSystemContext
instanceKlass org/jetbrains/kotlin/types/model/TypeSystemInferenceExtensionContext
instanceKlass org/jetbrains/kotlin/types/model/TypeSystemCommonSuperTypesContext
instanceKlass org/jetbrains/kotlin/types/model/TypeSystemTypeFactoryContext
instanceKlass org/jetbrains/kotlin/types/model/TypeCheckerProviderContext
instanceKlass org/jetbrains/kotlin/types/model/TypeSystemBuiltInsContext
instanceKlass org/jetbrains/kotlin/types/TypeSystemCommonBackendContext
instanceKlass org/jetbrains/kotlin/types/model/TypeSystemContext
instanceKlass org/jetbrains/kotlin/types/model/TypeSystemOptimizationContext
instanceKlass org/jetbrains/kotlin/resolve/calls/components/BuiltInsProvider
instanceKlass org/jetbrains/kotlin/contracts/ContractDeserializerImpl
instanceKlass org/jetbrains/kotlin/resolve/checkers/OptInUsageChecker$ClassifierUsage
instanceKlass org/jetbrains/kotlin/resolve/checkers/OptInUsageChecker$Overrides
instanceKlass org/jetbrains/kotlin/resolve/checkers/OptInUsageChecker
instanceKlass org/jetbrains/kotlin/resolve/calls/smartcasts/DataFlowValueFactoryImpl
instanceKlass org/jetbrains/kotlin/resolve/calls/smartcasts/DataFlowValueFactory
instanceKlass org/jetbrains/kotlin/resolve/calls/tower/KotlinResolutionStatelessCallbacksImpl
instanceKlass org/jetbrains/kotlin/resolve/calls/components/KotlinResolutionStatelessCallbacks
instanceKlass org/jetbrains/kotlin/resolve/SupertypeLoopCheckerImpl
instanceKlass org/jetbrains/kotlin/resolve/jvm/checkers/RepeatableAnnotationChecker
instanceKlass org/jetbrains/kotlin/resolve/checkers/ExpectedActualDeclarationChecker
instanceKlass org/jetbrains/kotlin/resolve/checkers/OptInMarkerDeclarationAnnotationChecker
instanceKlass org/jetbrains/kotlin/resolve/jvm/checkers/JvmSerializableLambdaAnnotationChecker
instanceKlass org/jetbrains/kotlin/resolve/jvm/multiplatform/JavaActualAnnotationArgumentExtractor
instanceKlass org/jetbrains/kotlin/resolve/checkers/ExpectedActualDeclarationChecker$ActualAnnotationArgumentExtractor
instanceKlass org/jetbrains/kotlin/types/expressions/GenericArrayClassLiteralSupport$Enabled
instanceKlass org/jetbrains/kotlin/types/expressions/GenericArrayClassLiteralSupport
instanceKlass org/jetbrains/kotlin/types/expressions/FunctionWithBigAritySupport$LanguageVersionDependent
instanceKlass org/jetbrains/kotlin/types/expressions/FunctionWithBigAritySupport
instanceKlass org/jetbrains/kotlin/resolve/jvm/JvmPlatformAnnotationFeaturesSupport
instanceKlass org/jetbrains/kotlin/resolve/PlatformAnnotationFeaturesSupport
instanceKlass org/jetbrains/kotlin/resolve/jvm/checkers/JvmRecordApplicabilityChecker
instanceKlass org/jetbrains/kotlin/resolve/jvm/JvmAdditionalClassPartsProvider
instanceKlass org/jetbrains/kotlin/resolve/AdditionalClassPartsProvider
instanceKlass org/jetbrains/kotlin/load/java/sam/JvmSamConversionOracle
instanceKlass org/jetbrains/kotlin/resolve/sam/SamConversionOracle
instanceKlass org/jetbrains/kotlin/resolve/jvm/JvmPlatformOverloadsSpecificityComparator
instanceKlass org/jetbrains/kotlin/resolve/calls/results/PlatformOverloadsSpecificityComparator
instanceKlass org/jetbrains/kotlin/resolve/jvm/JvmTypeSpecificityComparator
instanceKlass org/jetbrains/kotlin/resolve/jvm/checkers/JvmModuleAccessibilityChecker$ClassifierUsage
instanceKlass org/jetbrains/kotlin/resolve/jvm/checkers/JvmModuleAccessibilityChecker
instanceKlass org/jetbrains/kotlin/resolve/jvm/checkers/InlinePlatformCompatibilityChecker
instanceKlass org/jetbrains/kotlin/resolve/jvm/checkers/JvmDefaultChecker
instanceKlass org/jetbrains/kotlin/resolve/jvm/checkers/InterfaceDefaultMethodCallChecker
instanceKlass org/jetbrains/kotlin/synthetic/JavaSyntheticScopes
instanceKlass org/jetbrains/kotlin/resolve/scopes/SyntheticScopes
instanceKlass org/jetbrains/kotlin/resolve/calls/checkers/AbstractReflectionApiCallChecker
instanceKlass org/jetbrains/kotlin/resolve/jvm/checkers/JvmStaticChecker
instanceKlass org/jetbrains/kotlin/resolve/jvm/checkers/JavaNullabilityChecker
instanceKlass org/jetbrains/kotlin/container/SingletonDescriptor
instanceKlass org/jetbrains/kotlin/resolve/UpperBoundChecker
instanceKlass org/jetbrains/kotlin/frontend/di/InjectionKt
instanceKlass org/jetbrains/kotlin/types/WrappedTypeFactory
instanceKlass sun/reflect/generics/reflectiveObjects/LazyReflectiveObjectGenerator
instanceKlass sun/reflect/generics/tree/TypeVariableSignature
instanceKlass sun/reflect/generics/reflectiveObjects/ParameterizedTypeImpl
instanceKlass java/lang/reflect/ParameterizedType
instanceKlass org/jetbrains/kotlin/resolve/checkers/ClassifierUsageCheckerContext
instanceKlass org/jetbrains/kotlin/resolve/calls/context/ResolutionContext
instanceKlass java/lang/annotation/Documented
instanceKlass kotlin/annotation/MustBeDocumented
instanceKlass kotlin/jvm/JvmStatic
instanceKlass org/jetbrains/kotlin/resolve/calls/checkers/CallCheckerContext
instanceKlass org/jetbrains/kotlin/resolve/calls/model/ResolvedCall
instanceKlass org/jetbrains/kotlin/descriptors/annotations/AnnotationDescriptor
instanceKlass org/jetbrains/kotlin/types/model/AnnotationMarker
instanceKlass org/jetbrains/kotlin/container/ConstructorInfo
instanceKlass kotlin/annotation/Retention
instanceKlass org/jetbrains/kotlin/container/DefaultImplementation
instanceKlass sun/reflect/generics/tree/ClassSignature
instanceKlass sun/reflect/generics/tree/Signature
instanceKlass sun/reflect/generics/tree/FormalTypeParameter
instanceKlass java/lang/reflect/TypeVariable
instanceKlass sun/reflect/generics/repository/AbstractRepository
instanceKlass jdk/internal/vm/annotation/IntrinsicCandidate
instanceKlass org/jetbrains/kotlin/resolve/checkers/DeclarationCheckerContext
instanceKlass org/jetbrains/kotlin/resolve/checkers/CheckerContext
instanceKlass org/jetbrains/kotlin/container/ClassInfo
instanceKlass org/jetbrains/kotlin/container/ClassTraversalCache
instanceKlass org/jetbrains/kotlin/container/CacheKt
instanceKlass org/jetbrains/kotlin/container/DynamicComponentDescriptor
instanceKlass org/jetbrains/kotlin/container/ComponentResolveContext
instanceKlass org/jetbrains/kotlin/container/ValueResolveContext
instanceKlass org/jetbrains/kotlin/container/InstanceComponentDescriptor
instanceKlass org/jetbrains/kotlin/container/ComponentDescriptor
instanceKlass org/jetbrains/kotlin/container/ValueDescriptor
instanceKlass org/jetbrains/kotlin/container/ContainerKt
instanceKlass org/jetbrains/kotlin/resolve/checkers/PlatformDiagnosticSuppressor
instanceKlass org/jetbrains/kotlin/resolve/lazy/AbsentDescriptorHandler
instanceKlass org/jetbrains/kotlin/types/DynamicTypesSettings
instanceKlass org/jetbrains/kotlin/resolve/calls/results/TypeSpecificityComparator$NONE
instanceKlass org/jetbrains/kotlin/resolve/calls/results/TypeSpecificityComparator
instanceKlass org/jetbrains/kotlin/resolve/checkers/OptionalExpectationUsageChecker
instanceKlass org/jetbrains/kotlin/resolve/checkers/MissingDependencyClassChecker$ClassifierUsage
instanceKlass org/jetbrains/kotlin/resolve/checkers/ApiVersionClassifierUsageChecker
instanceKlass org/jetbrains/kotlin/resolve/checkers/DeprecatedClassifierUsageChecker
instanceKlass org/jetbrains/kotlin/resolve/calls/checkers/EnumEntriesUnsupportedChecker
instanceKlass org/jetbrains/kotlin/resolve/calls/checkers/CustomEnumEntriesMigrationCallChecker
instanceKlass org/jetbrains/kotlin/resolve/calls/checkers/CompanionIncorrectlyUnboundedWhenUsedAsLHSCallChecker
instanceKlass org/jetbrains/kotlin/resolve/calls/checkers/IncorrectCapturedApproximationCallChecker
instanceKlass org/jetbrains/kotlin/resolve/calls/checkers/BuilderInferenceAssignmentChecker
instanceKlass org/jetbrains/kotlin/resolve/calls/checkers/UnsupportedUntilOperatorChecker
instanceKlass org/jetbrains/kotlin/resolve/calls/checkers/EqualityCallChecker
instanceKlass org/jetbrains/kotlin/resolve/calls/checkers/ResolutionToPrivateConstructorOfSealedClassChecker
instanceKlass org/jetbrains/kotlin/resolve/calls/checkers/CompanionInParenthesesLHSCallChecker
instanceKlass org/jetbrains/kotlin/resolve/calls/checkers/EnumEntryVsCompanionPriorityCallChecker
instanceKlass org/jetbrains/kotlin/utils/StringsKt
instanceKlass org/jetbrains/kotlin/resolve/calls/checkers/NewSchemeOfIntegerOperatorResolutionChecker
instanceKlass org/jetbrains/kotlin/resolve/calls/checkers/SelfCallInNestedObjectConstructorChecker
instanceKlass org/jetbrains/kotlin/resolve/calls/checkers/VarargWrongExecutionOrderChecker
instanceKlass org/jetbrains/kotlin/resolve/calls/checkers/ReferencingToUnderscoreNamedParameterOfCatchBlockChecker
instanceKlass org/jetbrains/kotlin/resolve/checkers/NullableExtensionOperatorWithSafeCallChecker
instanceKlass org/jetbrains/kotlin/resolve/calls/checkers/FunInterfaceConstructorReferenceChecker
instanceKlass org/jetbrains/kotlin/resolve/calls/checkers/UnitConversionCallChecker
instanceKlass org/jetbrains/kotlin/resolve/calls/checkers/SuspendConversionCallChecker
instanceKlass org/jetbrains/kotlin/resolve/calls/checkers/AbstractClassInstantiationChecker
instanceKlass org/jetbrains/kotlin/resolve/checkers/MissingDependencySupertypeChecker$ForCalls
instanceKlass org/jetbrains/kotlin/resolve/calls/checkers/ReifiedTypeParameterSubstitutionChecker
instanceKlass org/jetbrains/kotlin/resolve/calls/checkers/ContractNotAllowedCallChecker
instanceKlass org/jetbrains/kotlin/resolve/calls/checkers/NamedFunAsExpressionChecker
instanceKlass org/jetbrains/kotlin/resolve/calls/checkers/NullableVarargArgumentCallChecker
instanceKlass org/jetbrains/kotlin/resolve/calls/checkers/ResultTypeWithNullableOperatorsChecker
instanceKlass org/jetbrains/kotlin/resolve/calls/checkers/UselessElvisCallChecker
instanceKlass org/jetbrains/kotlin/resolve/calls/checkers/LambdaWithSuspendModifierCallChecker
instanceKlass org/jetbrains/kotlin/resolve/checkers/PrimitiveNumericComparisonCallChecker
instanceKlass org/jetbrains/kotlin/resolve/calls/checkers/ImplicitNothingAsTypeParameterCallChecker
instanceKlass org/jetbrains/kotlin/resolve/calls/checkers/AssigningNamedArgumentToVarargChecker
instanceKlass org/jetbrains/kotlin/resolve/calls/checkers/UnderscoreUsageChecker
instanceKlass org/jetbrains/kotlin/resolve/calls/checkers/CallableReferenceCompatibilityChecker
instanceKlass org/jetbrains/kotlin/resolve/checkers/MissingDependencyClassChecker
instanceKlass org/jetbrains/kotlin/resolve/calls/checkers/DslScopeViolationCallChecker
instanceKlass org/jetbrains/kotlin/resolve/calls/checkers/BuilderFunctionsCallChecker
instanceKlass org/jetbrains/kotlin/resolve/calls/checkers/CoroutineSuspendCallChecker
instanceKlass org/jetbrains/kotlin/resolve/calls/checkers/ApiVersionCallChecker
instanceKlass org/jetbrains/kotlin/resolve/calls/checkers/ProtectedConstructorCallChecker
instanceKlass org/jetbrains/kotlin/resolve/calls/checkers/ConstructorHeaderCallChecker
instanceKlass org/jetbrains/kotlin/resolve/calls/checkers/OperatorCallChecker$Companion
instanceKlass org/jetbrains/kotlin/resolve/calls/checkers/OperatorCallChecker
instanceKlass org/jetbrains/kotlin/resolve/calls/checkers/InfixCallChecker
instanceKlass org/jetbrains/kotlin/resolve/calls/checkers/CallReturnsArrayOfNothingChecker
instanceKlass org/jetbrains/kotlin/resolve/calls/checkers/DeprecatedCallChecker
instanceKlass org/jetbrains/kotlin/resolve/checkers/TrailingCommaCallChecker
instanceKlass org/jetbrains/kotlin/resolve/calls/checkers/SafeCallChecker
instanceKlass org/jetbrains/kotlin/resolve/calls/checkers/SynchronizedByValueChecker
instanceKlass org/jetbrains/kotlin/resolve/calls/checkers/InlineCheckerWrapper
instanceKlass org/jetbrains/kotlin/resolve/calls/checkers/CapturingInClosureChecker
instanceKlass org/jetbrains/kotlin/resolve/checkers/ActualTypealiasToSpecialAnnotationChecker
instanceKlass org/jetbrains/kotlin/resolve/checkers/VolatileAnnotationChecker
instanceKlass org/jetbrains/kotlin/resolve/checkers/EnumEntriesRedeclarationChecker
instanceKlass org/jetbrains/kotlin/resolve/checkers/DataObjectContentChecker
instanceKlass org/jetbrains/kotlin/resolve/calls/checkers/UnsupportedUntilRangeDeclarationChecker
instanceKlass org/jetbrains/kotlin/resolve/checkers/CyclicAnnotationsChecker
instanceKlass org/jetbrains/kotlin/resolve/checkers/ValueParameterUsageInDefaultArgumentChecker
instanceKlass org/jetbrains/kotlin/resolve/checkers/SubtypingBetweenContextReceiversChecker
instanceKlass org/jetbrains/kotlin/resolve/checkers/ContextualDeclarationChecker
instanceKlass org/jetbrains/kotlin/resolve/checkers/EnumCompanionInEnumConstructorCallChecker
instanceKlass org/jetbrains/kotlin/resolve/checkers/SuspendFunctionAsSupertypeChecker
instanceKlass org/jetbrains/kotlin/resolve/checkers/SealedInterfaceAllowedChecker
instanceKlass org/jetbrains/kotlin/resolve/checkers/SealedInheritorInSameModuleChecker
instanceKlass org/jetbrains/kotlin/resolve/checkers/SealedInheritorInSamePackageChecker
instanceKlass org/jetbrains/kotlin/resolve/checkers/PrivateInlineFunctionsReturningAnonymousObjectsChecker
instanceKlass org/jetbrains/kotlin/resolve/checkers/ContractDescriptionBlockChecker
instanceKlass org/jetbrains/kotlin/resolve/checkers/DeprecatedSinceKotlinAnnotationChecker
instanceKlass org/jetbrains/kotlin/resolve/checkers/DeprecationInheritanceChecker
instanceKlass org/jetbrains/kotlin/resolve/checkers/FunInterfaceDeclarationChecker
instanceKlass org/jetbrains/kotlin/resolve/checkers/MissingDependencySupertypeChecker$ForDeclarations
instanceKlass org/jetbrains/kotlin/resolve/checkers/TrailingCommaDeclarationChecker
instanceKlass org/jetbrains/kotlin/resolve/checkers/TailrecFunctionChecker
instanceKlass org/jetbrains/kotlin/resolve/checkers/ExplicitApiDeclarationChecker$Companion
instanceKlass org/jetbrains/kotlin/resolve/checkers/ExplicitApiDeclarationChecker
instanceKlass org/jetbrains/kotlin/resolve/checkers/LocalVariableTypeParametersChecker
instanceKlass org/jetbrains/kotlin/resolve/checkers/ResultClassInReturnTypeChecker
instanceKlass org/jetbrains/kotlin/resolve/checkers/ReservedMembersAndConstructsForValueClass$Companion
instanceKlass org/jetbrains/kotlin/resolve/checkers/ReservedMembersAndConstructsForValueClass
instanceKlass org/jetbrains/kotlin/resolve/checkers/AnnotationClassTargetAndRetentionChecker
instanceKlass org/jetbrains/kotlin/resolve/checkers/InnerClassInsideValueClass
instanceKlass org/jetbrains/kotlin/resolve/checkers/PropertiesWithBackingFieldsInsideValueClass
instanceKlass org/jetbrains/kotlin/resolve/checkers/MultiFieldValueClassAnnotationsChecker
instanceKlass org/jetbrains/kotlin/resolve/checkers/ValueClassDeclarationChecker
instanceKlass org/jetbrains/kotlin/util/OperatorNameConventions
instanceKlass org/jetbrains/kotlin/resolve/checkers/SuspendLimitationsChecker
instanceKlass org/jetbrains/kotlin/resolve/checkers/KClassWithIncorrectTypeArgumentChecker
instanceKlass org/jetbrains/kotlin/resolve/checkers/DelegationChecker
instanceKlass org/jetbrains/kotlin/resolve/checkers/DynamicReceiverChecker
instanceKlass org/jetbrains/kotlin/resolve/checkers/ReifiedTypeParameterAnnotationChecker
instanceKlass org/jetbrains/kotlin/resolve/RequireKotlinConstants
instanceKlass org/jetbrains/kotlin/resolve/AnnotationsKt
instanceKlass org/jetbrains/kotlin/resolve/checkers/KotlinVersionStringAnnotationValueChecker
instanceKlass org/jetbrains/kotlin/resolve/checkers/InfixModifierChecker
instanceKlass org/jetbrains/kotlin/resolve/checkers/InlineParameterChecker
instanceKlass org/jetbrains/kotlin/resolve/checkers/UnderscoreChecker
instanceKlass org/jetbrains/kotlin/resolve/checkers/ConstModifierChecker
instanceKlass org/jetbrains/kotlin/resolve/checkers/DataClassDeclarationChecker
instanceKlass org/jetbrains/kotlin/resolve/checkers/ExpectActualClassifiersAreInBetaChecker
instanceKlass org/jetbrains/kotlin/resolve/checkers/ActualClassifierMustHasTheSameMembersAsNonFinalExpectClassifierChecker
instanceKlass org/jetbrains/kotlin/resolve/checkers/ExpectActualInTheSameModuleChecker
instanceKlass org/jetbrains/kotlin/resolve/PlatformConfiguratorBaseKt
instanceKlass org/jetbrains/kotlin/container/ComponentRegistry
instanceKlass org/jetbrains/kotlin/container/ComponentStorage
instanceKlass org/jetbrains/kotlin/container/ValueResolver
instanceKlass org/jetbrains/kotlin/container/StorageComponentContainer
instanceKlass org/jetbrains/kotlin/container/ComponentProvider
instanceKlass org/jetbrains/kotlin/container/ComponentContainer
instanceKlass org/jetbrains/kotlin/container/DslKt
instanceKlass org/jetbrains/kotlin/resolve/jvm/JvmDeclarationReturnTypeSanitizer
instanceKlass org/jetbrains/kotlin/resolve/DeclarationReturnTypeSanitizer
instanceKlass org/jetbrains/kotlin/resolve/jvm/JvmOverridesBackwardCompatibilityHelper
instanceKlass org/jetbrains/kotlin/resolve/OverridesBackwardCompatibilityHelper
instanceKlass org/jetbrains/kotlin/resolve/jvm/JvmDelegationFilter
instanceKlass org/jetbrains/kotlin/resolve/lazy/DelegationFilter
instanceKlass org/jetbrains/kotlin/resolve/jvm/JvmOverloadFilter
instanceKlass org/jetbrains/kotlin/resolve/OverloadFilter
instanceKlass org/jetbrains/kotlin/resolve/jvm/checkers/JvmSimpleNameBacktickChecker
instanceKlass org/jetbrains/kotlin/resolve/IdentifierChecker
instanceKlass org/jetbrains/kotlin/resolve/sam/SamConversionResolver$Empty
instanceKlass org/jetbrains/kotlin/container/PlatformExtensionsClashResolver
instanceKlass org/jetbrains/kotlin/resolve/jvm/checkers/SynchronizedAnnotationOnLambdaChecker
instanceKlass org/jetbrains/kotlin/resolve/jvm/checkers/ExplicitMetadataChecker
instanceKlass org/jetbrains/kotlin/name/JvmNames
instanceKlass org/jetbrains/kotlin/resolve/jvm/checkers/FileClassAnnotationsChecker
instanceKlass org/jetbrains/kotlin/resolve/AdditionalAnnotationChecker
instanceKlass org/jetbrains/kotlin/resolve/jvm/checkers/MissingBuiltInDeclarationChecker$ClassifierUsage
instanceKlass org/jetbrains/kotlin/resolve/checkers/BigFunctionTypeAvailabilityChecker
instanceKlass org/jetbrains/kotlin/resolve/checkers/ClassifierUsageChecker
instanceKlass org/jetbrains/kotlin/resolve/jvm/checkers/JvmArrayVariableInLoopAssignmentChecker
instanceKlass org/jetbrains/kotlin/resolve/jvm/checkers/JavaTypeAccessibilityChecker
instanceKlass org/jetbrains/kotlin/resolve/jvm/platform/JavaGenericVarianceViolationTypeChecker
instanceKlass org/jetbrains/kotlin/resolve/jvm/RuntimeAssertionsTypeChecker
instanceKlass org/jetbrains/kotlin/resolve/calls/checkers/AdditionalTypeChecker
instanceKlass org/jetbrains/kotlin/diagnostics/rendering/DiagnosticFactoryToRendererMap
instanceKlass org/jetbrains/kotlin/diagnostics/rendering/DefaultErrorMessages$Extension
instanceKlass org/jetbrains/kotlin/diagnostics/Errors$Initializer
instanceKlass org/jetbrains/kotlin/com/google/common/collect/Hashing
instanceKlass org/jetbrains/kotlin/com/google/common/math/IntMath$1
instanceKlass org/jetbrains/kotlin/com/google/common/math/MathPreconditions
instanceKlass org/jetbrains/kotlin/com/google/common/math/IntMath
instanceKlass org/jetbrains/kotlin/com/google/common/collect/ImmutableSet$SetBuilderImpl
instanceKlass org/jetbrains/kotlin/diagnostics/DiagnosticFactoryForDeprecation4$Companion
instanceKlass org/jetbrains/kotlin/diagnostics/ClassicPositioningStrategies
instanceKlass org/jetbrains/kotlin/diagnostics/DiagnosticFactoryForDeprecation2$Companion
instanceKlass org/jetbrains/kotlin/diagnostics/DiagnosticFactoryForDeprecation0$Companion
instanceKlass org/jetbrains/kotlin/diagnostics/DiagnosticFactoryForDeprecation1$Companion
instanceKlass org/jetbrains/kotlin/diagnostics/DiagnosticFactoryForDeprecation3$Companion
instanceKlass org/jetbrains/kotlin/diagnostics/DiagnosticFactoryForDeprecation
instanceKlass org/jetbrains/kotlin/diagnostics/ParametrizedDiagnostic
instanceKlass org/jetbrains/kotlin/diagnostics/Diagnostic
instanceKlass org/jetbrains/kotlin/diagnostics/Errors
instanceKlass org/jetbrains/kotlin/resolve/jvm/checkers/JvmSyntheticAssignmentChecker
instanceKlass org/jetbrains/kotlin/resolve/calls/checkers/AssignmentChecker
instanceKlass org/jetbrains/kotlin/resolve/jvm/checkers/JvmPropertyVsFieldAmbiguityCallChecker
instanceKlass org/jetbrains/kotlin/resolve/calls/checkers/LateinitIntrinsicApplicabilityChecker
instanceKlass org/jetbrains/kotlin/resolve/jvm/checkers/UpperBoundViolatedInTypealiasConstructorChecker
instanceKlass org/jetbrains/kotlin/resolve/jvm/checkers/EnumDeclaringClassDeprecationChecker
instanceKlass org/jetbrains/kotlin/resolve/jvm/checkers/SamInterfaceConstructorReferenceCallChecker
instanceKlass org/jetbrains/kotlin/resolve/jvm/checkers/PolymorphicSignatureCallChecker
instanceKlass org/jetbrains/kotlin/resolve/jvm/checkers/InconsistentOperatorFromJavaCallChecker
instanceKlass org/jetbrains/kotlin/resolve/jvm/checkers/ApiVersionIsAtLeastArgumentsChecker
instanceKlass org/jetbrains/kotlin/resolve/jvm/RuntimeAssertionsOnExtensionReceiverCallChecker
instanceKlass org/jetbrains/kotlin/resolve/jvm/checkers/ProtectedSyntheticExtensionCallChecker
instanceKlass org/jetbrains/kotlin/resolve/jvm/checkers/SuperCallWithDefaultArgumentsChecker
instanceKlass org/jetbrains/kotlin/resolve/jvm/checkers/UnsupportedSyntheticCallableReferenceChecker
instanceKlass org/jetbrains/kotlin/resolve/jvm/checkers/ProtectedInSuperClassCompanionCallChecker
instanceKlass org/jetbrains/kotlin/resolve/jvm/checkers/JavaClassOnCompanionChecker
instanceKlass org/jetbrains/kotlin/resolve/jvm/checkers/SuspensionPointInsideMutexLockChecker
instanceKlass org/jetbrains/kotlin/resolve/jvm/checkers/JavaAnnotationCallChecker$Companion
instanceKlass org/jetbrains/kotlin/resolve/jvm/checkers/JavaAnnotationCallChecker
instanceKlass org/jetbrains/kotlin/resolve/jvm/checkers/MissingBuiltInDeclarationChecker
instanceKlass org/jetbrains/kotlin/resolve/calls/checkers/CallChecker
instanceKlass org/jetbrains/kotlin/resolve/jvm/checkers/JavaOverrideWithWrongNullabilityOverrideChecker
instanceKlass org/jetbrains/kotlin/resolve/jvm/checkers/ClassInheritsJavaSealedClassChecker
instanceKlass org/jetbrains/kotlin/resolve/jvm/checkers/FunctionDelegateMemberNameClashChecker
instanceKlass org/jetbrains/kotlin/resolve/jvm/checkers/DefaultCheckerInTailrec
instanceKlass org/jetbrains/kotlin/resolve/jvm/checkers/JvmMultifileClassStateChecker
instanceKlass org/jetbrains/kotlin/resolve/jvm/checkers/BadInheritedJavaSignaturesChecker
instanceKlass org/jetbrains/kotlin/resolve/jvm/checkers/SuspendInFunInterfaceChecker
instanceKlass org/jetbrains/kotlin/resolve/jvm/checkers/JvmAnnotationsTargetNonExistentAccessorChecker$Companion
instanceKlass org/jetbrains/kotlin/resolve/jvm/checkers/JvmAnnotationsTargetNonExistentAccessorChecker
instanceKlass org/jetbrains/kotlin/resolve/jvm/checkers/StrictfpApplicabilityChecker
instanceKlass org/jetbrains/kotlin/resolve/jvm/checkers/JvmInlineApplicabilityChecker
instanceKlass org/jetbrains/kotlin/resolve/jvm/checkers/JvmSyntheticApplicabilityChecker
instanceKlass org/jetbrains/kotlin/resolve/jvm/checkers/TypeParameterBoundIsNotArrayChecker
instanceKlass org/jetbrains/kotlin/resolve/jvm/checkers/JvmFieldApplicabilityChecker
instanceKlass org/jetbrains/kotlin/resolve/jvm/checkers/OverloadsAnnotationChecker
instanceKlass org/jetbrains/kotlin/resolve/jvm/checkers/ExternalFunChecker
instanceKlass org/jetbrains/kotlin/resolve/jvm/checkers/LocalFunInlineChecker
instanceKlass org/jetbrains/kotlin/resolve/jvm/checkers/SynchronizedAnnotationChecker
instanceKlass org/jetbrains/kotlin/resolve/jvm/checkers/JvmNameAnnotationChecker
instanceKlass org/jetbrains/kotlin/resolve/checkers/DeclarationChecker
instanceKlass org/jetbrains/kotlin/resolve/PlatformConfiguratorBase
instanceKlass org/jetbrains/kotlin/resolve/PlatformConfigurator
instanceKlass org/jetbrains/kotlin/resolve/ImportPath$Companion
instanceKlass org/jetbrains/kotlin/resolve/ImportPath
instanceKlass org/jetbrains/kotlin/resolve/PlatformDependentAnalyzerServices
instanceKlass org/jetbrains/kotlin/resolve/SealedClassInheritorsProvider
instanceKlass org/jetbrains/kotlin/resolve/ModuleAnnotationsResolver$Companion
instanceKlass org/jetbrains/kotlin/load/kotlin/JvmPackagePartProviderBase$ModuleMappingInfo
instanceKlass org/jetbrains/kotlin/metadata/jvm/deserialization/ModuleMappingKt
instanceKlass org/jetbrains/kotlin/protobuf/UnmodifiableLazyStringList$2
instanceKlass org/jetbrains/kotlin/metadata/jvm/deserialization/PackageParts
instanceKlass org/jetbrains/kotlin/metadata/jvm/JvmModuleProtoBuf$PackagePartsOrBuilder
instanceKlass org/jetbrains/kotlin/metadata/jvm/JvmModuleProtoBuf$ModuleOrBuilder
instanceKlass org/jetbrains/kotlin/metadata/deserialization/VersionSpecificBehaviorKt
instanceKlass kotlin/collections/MapWithDefault
instanceKlass org/jetbrains/kotlin/utils/MetadataHelpersKt
instanceKlass org/jetbrains/kotlin/utils/DeserializationHelpersKt
instanceKlass org/jetbrains/kotlin/load/kotlin/ModuleMappingUtilKt
instanceKlass org/jetbrains/kotlin/metadata/jvm/deserialization/BinaryModuleData
instanceKlass org/jetbrains/kotlin/metadata/jvm/deserialization/JvmMetadataVersion$Companion
instanceKlass org/jetbrains/kotlin/metadata/jvm/deserialization/ModuleMapping$Companion
instanceKlass org/jetbrains/kotlin/metadata/jvm/deserialization/ModuleMapping
instanceKlass org/jetbrains/kotlin/cli/jvm/compiler/JvmPackagePartProviderKt
instanceKlass org/jetbrains/kotlin/resolve/CompilerDeserializationConfiguration
instanceKlass org/jetbrains/kotlin/load/kotlin/JvmPackagePartProviderBase$Companion
instanceKlass org/jetbrains/kotlin/load/kotlin/JvmPackagePartProviderBase
instanceKlass org/jetbrains/kotlin/load/kotlin/PackageAndMetadataPartProvider
instanceKlass org/jetbrains/kotlin/serialization/deserialization/MetadataPartProvider
instanceKlass org/jetbrains/kotlin/load/kotlin/PackagePartProvider
instanceKlass org/jetbrains/kotlin/resolve/lazy/declarations/FileBasedDeclarationProviderFactory$Index
instanceKlass org/jetbrains/kotlin/resolve/lazy/declarations/ClassMemberDeclarationProvider
instanceKlass org/jetbrains/kotlin/resolve/lazy/declarations/PackageMemberDeclarationProvider
instanceKlass org/jetbrains/kotlin/resolve/lazy/declarations/DeclarationProvider
instanceKlass org/jetbrains/kotlin/resolve/lazy/declarations/AbstractDeclarationProviderFactory
instanceKlass org/jetbrains/kotlin/resolve/lazy/declarations/DeclarationProviderFactory
instanceKlass org/jetbrains/kotlin/config/LanguageFeature$Companion
instanceKlass org/jetbrains/kotlin/frontend/java/di/InjectionKt
instanceKlass org/jetbrains/kotlin/descriptors/impl/ModuleDependenciesImpl
instanceKlass org/jetbrains/kotlin/descriptors/impl/ModuleDependencies
instanceKlass org/jetbrains/kotlin/protobuf/SmallSortedMap$EntryIterator
instanceKlass org/jetbrains/kotlin/protobuf/GeneratedMessageLite$ExtendableMessage$ExtensionWriter
instanceKlass org/jetbrains/kotlin/serialization/deserialization/descriptors/DeserializedMemberScope$OptimizedImplementation
instanceKlass org/jetbrains/kotlin/serialization/deserialization/descriptors/DeserializedMemberScope$Implementation
instanceKlass org/jetbrains/kotlin/serialization/deserialization/MemberDeserializer
instanceKlass org/jetbrains/kotlin/serialization/deserialization/TypeDeserializer
instanceKlass org/jetbrains/kotlin/serialization/deserialization/DeserializationContext
instanceKlass org/jetbrains/kotlin/metadata/deserialization/VersionRequirementTable$Companion
instanceKlass org/jetbrains/kotlin/metadata/deserialization/VersionRequirementTable
instanceKlass org/jetbrains/kotlin/metadata/deserialization/TypeTable
instanceKlass org/jetbrains/kotlin/serialization/deserialization/ClassDeserializer$Companion
instanceKlass org/jetbrains/kotlin/serialization/deserialization/ClassDeserializer
instanceKlass org/jetbrains/kotlin/serialization/deserialization/EnumEntriesDeserializationSupport$Default
instanceKlass org/jetbrains/kotlin/serialization/deserialization/EnumEntriesDeserializationSupport
instanceKlass org/jetbrains/kotlin/resolve/OverridingUtil$1
instanceKlass org/jetbrains/kotlin/load/java/JavaIncompatibilityRulesOverridabilityCondition$Companion
instanceKlass org/jetbrains/kotlin/load/java/JavaIncompatibilityRulesOverridabilityCondition
instanceKlass org/jetbrains/kotlin/load/java/ErasedOverridabilityCondition
instanceKlass org/jetbrains/kotlin/load/java/FieldOverridabilityCondition
instanceKlass org/jetbrains/kotlin/resolve/ExternalOverridabilityCondition
instanceKlass org/jetbrains/kotlin/types/checker/KotlinTypeChecker$TypeConstructorEquality
instanceKlass org/jetbrains/kotlin/resolve/OverridingUtil
instanceKlass org/jetbrains/kotlin/types/AbstractTypePreparator
instanceKlass org/jetbrains/kotlin/types/checker/NewKotlinTypeCheckerImpl
instanceKlass org/jetbrains/kotlin/types/checker/NewKotlinTypeChecker$Companion
instanceKlass org/jetbrains/kotlin/types/checker/NewKotlinTypeChecker
instanceKlass org/jetbrains/kotlin/types/checker/KotlinTypeChecker
instanceKlass org/jetbrains/kotlin/resolve/sam/SamConversionResolverImpl
instanceKlass org/jetbrains/kotlin/resolve/sam/SamConversionResolver
instanceKlass org/jetbrains/kotlin/container/PlatformSpecificExtension
instanceKlass org/jetbrains/kotlin/serialization/deserialization/ContractDeserializer$Companion$DEFAULT$1
instanceKlass org/jetbrains/kotlin/serialization/deserialization/ContractDeserializer$Companion
instanceKlass org/jetbrains/kotlin/serialization/deserialization/ContractDeserializer
instanceKlass org/jetbrains/kotlin/serialization/deserialization/FlexibleTypeDeserializer$ThrowException
instanceKlass org/jetbrains/kotlin/serialization/deserialization/FlexibleTypeDeserializer
instanceKlass org/jetbrains/kotlin/serialization/deserialization/ErrorReporter$1
instanceKlass org/jetbrains/kotlin/serialization/deserialization/ErrorReporter
instanceKlass org/jetbrains/kotlin/serialization/deserialization/LocalClassifierTypeSettings$Default
instanceKlass org/jetbrains/kotlin/serialization/deserialization/LocalClassifierTypeSettings
instanceKlass org/jetbrains/kotlin/resolve/constants/ConstantValue
instanceKlass org/jetbrains/kotlin/serialization/deserialization/AnnotationDeserializer
instanceKlass org/jetbrains/kotlin/serialization/deserialization/AnnotationAndConstantLoaderImpl
instanceKlass org/jetbrains/kotlin/serialization/deserialization/AnnotationAndConstantLoader
instanceKlass org/jetbrains/kotlin/serialization/deserialization/AnnotationLoader
instanceKlass org/jetbrains/kotlin/serialization/deserialization/DeserializedClassDataFinder
instanceKlass org/jetbrains/kotlin/serialization/deserialization/DeserializationConfiguration$Default
instanceKlass org/jetbrains/kotlin/serialization/deserialization/DeserializationConfiguration
instanceKlass org/jetbrains/kotlin/serialization/deserialization/DeserializationComponents
instanceKlass org/jetbrains/kotlin/descriptors/NotFoundClasses
instanceKlass org/jetbrains/kotlin/descriptors/PackageFragmentProviderImpl
instanceKlass org/jetbrains/kotlin/descriptors/PackageFragmentProviderOptimized
instanceKlass org/jetbrains/kotlin/descriptors/PackageFragmentProvider
instanceKlass jdk/internal/misc/ScopedMemoryAccess$Scope
instanceKlass java/util/LinkedList$ListItr
instanceKlass kotlin/Triple
instanceKlass java/util/LinkedList$Node
instanceKlass org/jetbrains/kotlin/metadata/deserialization/NameResolverImpl$WhenMappings
instanceKlass org/jetbrains/kotlin/protobuf/Utf8
instanceKlass org/jetbrains/kotlin/serialization/deserialization/NameResolverUtilKt
instanceKlass org/jetbrains/kotlin/serialization/deserialization/ProtoBasedClassDataFinder
instanceKlass org/jetbrains/kotlin/serialization/deserialization/ClassDataFinder
instanceKlass org/jetbrains/kotlin/metadata/deserialization/NameResolverImpl
instanceKlass org/jetbrains/kotlin/metadata/deserialization/NameResolver
instanceKlass org/jetbrains/kotlin/metadata/ProtoBuf$Type$Argument$Projection$1
instanceKlass org/jetbrains/kotlin/metadata/ProtoBuf$Type$ArgumentOrBuilder
instanceKlass org/jetbrains/kotlin/metadata/ProtoBuf$Annotation$ArgumentOrBuilder
instanceKlass org/jetbrains/kotlin/protobuf/SmallSortedMap$Entry
instanceKlass org/jetbrains/kotlin/protobuf/FieldSet$1
instanceKlass org/jetbrains/kotlin/protobuf/AbstractMessageLite$Builder
instanceKlass org/jetbrains/kotlin/protobuf/GeneratedMessageLite$1
instanceKlass org/jetbrains/kotlin/metadata/ProtoBuf$QualifiedNameTable$QualifiedName$Kind$1
instanceKlass org/jetbrains/kotlin/metadata/ProtoBuf$QualifiedNameTable$QualifiedNameOrBuilder
instanceKlass org/jetbrains/kotlin/protobuf/WireFormat
instanceKlass org/jetbrains/kotlin/protobuf/CodedOutputStream
instanceKlass org/jetbrains/kotlin/protobuf/CodedInputStream
instanceKlass org/jetbrains/kotlin/metadata/ProtoBuf$QualifiedNameTableOrBuilder
instanceKlass org/jetbrains/kotlin/protobuf/LazyStringList
instanceKlass org/jetbrains/kotlin/protobuf/ProtocolStringList
instanceKlass org/jetbrains/kotlin/metadata/ProtoBuf$StringTableOrBuilder
instanceKlass org/jetbrains/kotlin/metadata/ProtoBuf$PackageFragmentOrBuilder
instanceKlass kotlin/collections/IntIterator
instanceKlass org/jetbrains/kotlin/metadata/builtins/BuiltInsBinaryVersion$Companion
instanceKlass org/jetbrains/kotlin/metadata/deserialization/BinaryVersion$Companion
instanceKlass org/jetbrains/kotlin/metadata/deserialization/BinaryVersion
instanceKlass org/jetbrains/kotlin/metadata/builtins/ReadPackageFragmentKt
instanceKlass org/jetbrains/kotlin/serialization/deserialization/builtins/BuiltInsPackageFragmentImpl$Companion
instanceKlass org/jetbrains/kotlin/builtins/BuiltInsPackageFragment
instanceKlass org/jetbrains/kotlin/protobuf/ExtensionRegistryLite$ObjectIntPair
instanceKlass org/jetbrains/kotlin/metadata/ProtoBuf$TypeParameter$Variance$1
instanceKlass org/jetbrains/kotlin/metadata/ProtoBuf$TypeParameterOrBuilder
instanceKlass org/jetbrains/kotlin/metadata/ProtoBuf$EnumEntryOrBuilder
instanceKlass org/jetbrains/kotlin/metadata/ProtoBuf$Annotation$Argument$Value$Type$1
instanceKlass org/jetbrains/kotlin/protobuf/Internal$EnumLiteMap
instanceKlass org/jetbrains/kotlin/metadata/ProtoBuf$Annotation$Argument$ValueOrBuilder
instanceKlass org/jetbrains/kotlin/metadata/ProtoBuf$ValueParameterOrBuilder
instanceKlass org/jetbrains/kotlin/metadata/ProtoBuf$PropertyOrBuilder
instanceKlass org/jetbrains/kotlin/metadata/ProtoBuf$ContractOrBuilder
instanceKlass org/jetbrains/kotlin/metadata/ProtoBuf$FunctionOrBuilder
instanceKlass org/jetbrains/kotlin/metadata/ProtoBuf$ConstructorOrBuilder
instanceKlass org/jetbrains/kotlin/metadata/ProtoBuf$AnnotationOrBuilder
instanceKlass org/jetbrains/kotlin/metadata/ProtoBuf$TypeOrBuilder
instanceKlass org/jetbrains/kotlin/metadata/ProtoBuf$ClassOrBuilder
instanceKlass org/jetbrains/kotlin/protobuf/Internal$EnumLite
instanceKlass org/jetbrains/kotlin/protobuf/GeneratedMessageLite$ExtensionDescriptor
instanceKlass org/jetbrains/kotlin/protobuf/GeneratedMessageLite$GeneratedExtension
instanceKlass java/lang/Long$LongCache
instanceKlass org/jetbrains/kotlin/metadata/ProtoBuf$VersionRequirementTableOrBuilder
instanceKlass org/jetbrains/kotlin/metadata/ProtoBuf$TypeTableOrBuilder
instanceKlass org/jetbrains/kotlin/protobuf/ByteString$ByteIterator
instanceKlass org/jetbrains/kotlin/protobuf/ByteString
instanceKlass org/jetbrains/kotlin/protobuf/SmallSortedMap$EmptySet$2
instanceKlass org/jetbrains/kotlin/protobuf/SmallSortedMap$EmptySet$1
instanceKlass org/jetbrains/kotlin/protobuf/SmallSortedMap$EmptySet
instanceKlass org/jetbrains/kotlin/protobuf/LazyFieldLite
instanceKlass org/jetbrains/kotlin/protobuf/FieldSet
instanceKlass org/jetbrains/kotlin/protobuf/AbstractParser
instanceKlass org/jetbrains/kotlin/protobuf/MessageLite$Builder
instanceKlass org/jetbrains/kotlin/protobuf/Parser
instanceKlass org/jetbrains/kotlin/protobuf/FieldSet$FieldDescriptorLite
instanceKlass org/jetbrains/kotlin/protobuf/AbstractMessageLite
instanceKlass org/jetbrains/kotlin/metadata/ProtoBuf$PackageOrBuilder
instanceKlass org/jetbrains/kotlin/protobuf/GeneratedMessageLite$ExtendableMessageOrBuilder
instanceKlass org/jetbrains/kotlin/protobuf/MessageLite
instanceKlass org/jetbrains/kotlin/protobuf/MessageLiteOrBuilder
instanceKlass org/jetbrains/kotlin/metadata/builtins/BuiltInsProtoBuf
instanceKlass org/jetbrains/kotlin/protobuf/ExtensionRegistryLite
instanceKlass org/jetbrains/kotlin/serialization/SerializerExtensionProtocol
instanceKlass org/jetbrains/kotlin/storage/LockBasedStorageManager$CacheWithNullableValuesBasedOnMemoizedFunction$1
instanceKlass org/jetbrains/kotlin/types/KotlinTypeFactory
instanceKlass org/jetbrains/kotlin/util/ArrayMap
instanceKlass org/jetbrains/kotlin/util/TypeRegistry
instanceKlass org/jetbrains/kotlin/util/AbstractArrayMapOwner
instanceKlass org/jetbrains/kotlin/descriptors/FieldDescriptor
instanceKlass org/jetbrains/kotlin/descriptors/PropertySetterDescriptor
instanceKlass org/jetbrains/kotlin/descriptors/PropertyGetterDescriptor
instanceKlass org/jetbrains/kotlin/descriptors/PropertyAccessorDescriptor
instanceKlass org/jetbrains/kotlin/descriptors/VariableAccessorDescriptor
instanceKlass org/jetbrains/kotlin/types/error/ErrorPropertyDescriptor
instanceKlass org/jetbrains/kotlin/descriptors/PropertyDescriptor
instanceKlass org/jetbrains/kotlin/mpp/PropertySymbolMarker
instanceKlass org/jetbrains/kotlin/descriptors/VariableDescriptorWithAccessors
instanceKlass org/jetbrains/kotlin/descriptors/VariableDescriptor
instanceKlass kotlin/jvm/internal/StringCompanionObject
instanceKlass org/jetbrains/kotlin/types/error/ErrorTypeConstructor
instanceKlass org/jetbrains/kotlin/types/error/ErrorScope
instanceKlass org/jetbrains/kotlin/cli/common/ModuleVisibilityHelperImpl
instanceKlass org/jetbrains/kotlin/descriptors/DescriptorVisibilities$12
instanceKlass org/jetbrains/kotlin/descriptors/DescriptorVisibilities$11
instanceKlass org/jetbrains/kotlin/descriptors/DescriptorVisibilities$10
instanceKlass org/jetbrains/kotlin/util/ModuleVisibilityHelper
instanceKlass org/jetbrains/kotlin/descriptors/DescriptorVisibility
instanceKlass org/jetbrains/kotlin/descriptors/Visibility
instanceKlass org/jetbrains/kotlin/descriptors/DescriptorVisibilities
instanceKlass org/jetbrains/kotlin/name/SpecialNames
instanceKlass org/jetbrains/kotlin/resolve/scopes/receivers/ReceiverValue
instanceKlass org/jetbrains/kotlin/resolve/scopes/receivers/Receiver
instanceKlass org/jetbrains/kotlin/descriptors/FunctionDescriptor$CopyBuilder
instanceKlass org/jetbrains/kotlin/descriptors/CallableMemberDescriptor$CopyBuilder
instanceKlass org/jetbrains/kotlin/descriptors/ClassConstructorDescriptor
instanceKlass org/jetbrains/kotlin/mpp/ConstructorSymbolMarker
instanceKlass org/jetbrains/kotlin/descriptors/ConstructorDescriptor
instanceKlass java/util/Formattable
instanceKlass java/util/Formatter$Flags
instanceKlass java/util/Formatter$FormatSpecifier
instanceKlass java/util/Formatter$Conversion
instanceKlass java/util/Formatter$FixedString
instanceKlass java/util/Formatter$FormatString
instanceKlass java/util/Formatter
instanceKlass org/jetbrains/kotlin/types/error/ErrorModuleDescriptor
instanceKlass org/jetbrains/kotlin/types/error/ErrorUtils
instanceKlass org/jetbrains/kotlin/types/TypeProjection
instanceKlass org/jetbrains/kotlin/types/model/TypeArgumentMarker
instanceKlass org/jetbrains/kotlin/types/TypeUtils
instanceKlass org/jetbrains/kotlin/descriptors/impl/AbstractClassDescriptor$1$1
instanceKlass org/jetbrains/kotlin/types/AbstractTypeRefiner
instanceKlass org/jetbrains/kotlin/types/checker/KotlinTypeRefinerKt
instanceKlass org/jetbrains/kotlin/resolve/descriptorUtil/DescriptorUtilsKt
instanceKlass org/jetbrains/kotlin/descriptors/FunctionDescriptor
instanceKlass org/jetbrains/kotlin/mpp/FunctionSymbolMarker
instanceKlass org/jetbrains/kotlin/descriptors/CallableMemberDescriptor
instanceKlass org/jetbrains/kotlin/resolve/DescriptorUtils
instanceKlass org/jetbrains/kotlin/resolve/scopes/MemberScopeImpl
instanceKlass org/jetbrains/kotlin/descriptors/SupertypeLoopChecker
instanceKlass org/jetbrains/kotlin/types/ClassifierBasedTypeConstructor
instanceKlass org/jetbrains/kotlin/descriptors/ReceiverParameterDescriptor
instanceKlass org/jetbrains/kotlin/descriptors/ParameterDescriptor
instanceKlass org/jetbrains/kotlin/descriptors/ValueDescriptor
instanceKlass org/jetbrains/kotlin/descriptors/CallableDescriptor
instanceKlass org/jetbrains/kotlin/mpp/CallableSymbolMarker
instanceKlass org/jetbrains/kotlin/descriptors/impl/AbstractClassDescriptor$3
instanceKlass org/jetbrains/kotlin/descriptors/impl/AbstractClassDescriptor$2
instanceKlass org/jetbrains/kotlin/descriptors/impl/AbstractClassDescriptor$1
instanceKlass org/jetbrains/kotlin/descriptors/Modality$Companion
instanceKlass org/jetbrains/kotlin/descriptors/impl/ModuleAwareClassDescriptor$Companion
instanceKlass org/jetbrains/kotlin/types/TypeConstructor
instanceKlass org/jetbrains/kotlin/types/model/TypeConstructorMarker
instanceKlass org/jetbrains/kotlin/resolve/scopes/MemberScope
instanceKlass org/jetbrains/kotlin/resolve/scopes/ResolutionScope
instanceKlass org/jetbrains/kotlin/descriptors/impl/ModuleAwareClassDescriptor
instanceKlass org/jetbrains/kotlin/descriptors/ClassDescriptor
instanceKlass org/jetbrains/kotlin/mpp/RegularClassSymbolMarker
instanceKlass org/jetbrains/kotlin/descriptors/ClassifierDescriptorWithTypeParameters
instanceKlass org/jetbrains/kotlin/mpp/ClassLikeSymbolMarker
instanceKlass org/jetbrains/kotlin/descriptors/Substitutable
instanceKlass org/jetbrains/kotlin/descriptors/MemberDescriptor
instanceKlass org/jetbrains/kotlin/descriptors/DeclarationDescriptorWithVisibility
instanceKlass org/jetbrains/kotlin/descriptors/PackageViewDescriptor
instanceKlass org/jetbrains/kotlin/renderer/KeywordStringsGenerated
instanceKlass org/jetbrains/kotlin/renderer/RenderingUtilsKt
instanceKlass org/jetbrains/kotlin/descriptors/ModuleDescriptor$DefaultImpls
instanceKlass org/jetbrains/kotlin/renderer/DescriptorRendererImpl$RenderDeclarationDescriptorVisitor
instanceKlass org/jetbrains/kotlin/descriptors/DeclarationDescriptorVisitor
instanceKlass org/jetbrains/kotlin/renderer/ClassifierNamePolicy$FULLY_QUALIFIED
instanceKlass org/jetbrains/kotlin/renderer/ClassifierNamePolicy$SHORT
instanceKlass org/jetbrains/kotlin/renderer/ExcludedTypeAnnotations
instanceKlass org/jetbrains/kotlin/renderer/DescriptorRenderer$ValueParametersHandler$DEFAULT
instanceKlass org/jetbrains/kotlin/renderer/DescriptorRenderer$ValueParametersHandler
instanceKlass org/jetbrains/kotlin/renderer/DescriptorRendererModifier$Companion
instanceKlass kotlin/properties/ObservableProperty
instanceKlass kotlin/properties/ReadWriteProperty
instanceKlass kotlin/properties/Delegates
instanceKlass org/jetbrains/kotlin/renderer/ClassifierNamePolicy$SOURCE_CODE_QUALIFIED
instanceKlass org/jetbrains/kotlin/renderer/ClassifierNamePolicy
instanceKlass org/jetbrains/kotlin/renderer/DescriptorRendererOptionsImpl
instanceKlass org/jetbrains/kotlin/renderer/DescriptorRendererOptions
instanceKlass org/jetbrains/kotlin/renderer/DescriptorRenderer$Companion
instanceKlass org/jetbrains/kotlin/renderer/DescriptorRenderer
instanceKlass org/jetbrains/kotlin/descriptors/SourceElement$1
instanceKlass org/jetbrains/kotlin/descriptors/SourceElement
instanceKlass org/jetbrains/kotlin/descriptors/PackageFragmentDescriptor
instanceKlass org/jetbrains/kotlin/descriptors/ClassOrPackageFragmentDescriptor
instanceKlass org/jetbrains/kotlin/builtins/jvm/JavaToKotlinClassMapper
instanceKlass org/jetbrains/kotlin/builtins/PlatformToKotlinClassMapper
instanceKlass org/jetbrains/kotlin/builtins/jvm/JvmBuiltInsCustomizer
instanceKlass org/jetbrains/kotlin/storage/StorageKt
instanceKlass org/jetbrains/kotlin/utils/CollectionsKt
instanceKlass org/jetbrains/kotlin/builtins/StandardNames$FqNames
instanceKlass org/jetbrains/kotlin/builtins/StandardNames
instanceKlass org/jetbrains/kotlin/builtins/jvm/JvmBuiltInClassDescriptorFactory$Companion
instanceKlass org/jetbrains/kotlin/builtins/jvm/JvmBuiltInClassDescriptorFactory
instanceKlass org/jetbrains/kotlin/builtins/functions/BuiltInFictitiousFunctionClassFactory
instanceKlass org/jetbrains/kotlin/descriptors/deserialization/ClassDescriptorFactory
instanceKlass org/jetbrains/kotlin/serialization/deserialization/builtins/BuiltInsResourceLoader
instanceKlass org/jetbrains/kotlin/serialization/deserialization/builtins/BuiltInsLoaderImpl
instanceKlass org/jetbrains/kotlin/builtins/BuiltInsLoader$Companion
instanceKlass org/jetbrains/kotlin/builtins/BuiltInsLoader
instanceKlass org/jetbrains/kotlin/cli/jvm/compiler/TopDownAnalyzerFacadeForJVM$SourceOrBinaryModuleClassResolver
instanceKlass org/jetbrains/kotlin/load/java/lazy/ModuleClassResolver
instanceKlass org/jetbrains/kotlin/modules/TargetId
instanceKlass org/jetbrains/kotlin/modules/TargetIdKt
instanceKlass org/jetbrains/kotlin/incremental/components/EnumWhenTracker$DoNothing
instanceKlass org/jetbrains/kotlin/incremental/components/EnumWhenTracker
instanceKlass org/jetbrains/kotlin/incremental/components/InlineConstTracker$DoNothing
instanceKlass org/jetbrains/kotlin/incremental/components/InlineConstTracker
instanceKlass org/jetbrains/kotlin/incremental/components/ExpectActualTracker$DoNothing
instanceKlass org/jetbrains/kotlin/incremental/components/ExpectActualTracker
instanceKlass org/jetbrains/kotlin/builtins/KotlinBuiltIns$4
instanceKlass org/jetbrains/kotlin/context/MutableModuleContextImpl
instanceKlass org/jetbrains/kotlin/context/MutableModuleContext
instanceKlass org/jetbrains/kotlin/context/ModuleContext
instanceKlass org/jetbrains/kotlin/descriptors/impl/PackageViewDescriptorFactory$Default
instanceKlass org/jetbrains/kotlin/descriptors/ModuleCapability
instanceKlass org/jetbrains/kotlin/descriptors/impl/PackageViewDescriptorFactory$Companion
instanceKlass org/jetbrains/kotlin/descriptors/impl/PackageViewDescriptorFactory
instanceKlass org/jetbrains/kotlin/descriptors/annotations/Annotations$Companion$EMPTY$1
instanceKlass org/jetbrains/kotlin/descriptors/annotations/Annotations$Companion
instanceKlass org/jetbrains/kotlin/descriptors/annotations/Annotations
instanceKlass org/jetbrains/kotlin/descriptors/annotations/AnnotatedImpl
instanceKlass org/jetbrains/kotlin/builtins/jvm/JvmBuiltIns$WhenMappings
instanceKlass org/jetbrains/kotlin/builtins/KotlinBuiltIns$3
instanceKlass org/jetbrains/kotlin/builtins/KotlinBuiltIns$2
instanceKlass org/jetbrains/kotlin/storage/LockBasedStorageManager$LockBasedLazyValue
instanceKlass org/jetbrains/kotlin/builtins/KotlinBuiltIns$1
instanceKlass org/jetbrains/kotlin/incremental/components/LookupLocation
instanceKlass org/jetbrains/kotlin/descriptors/deserialization/AdditionalClassPartsProvider
instanceKlass org/jetbrains/kotlin/types/model/TypeArgumentListMarker
instanceKlass org/jetbrains/kotlin/types/model/SimpleTypeMarker
instanceKlass org/jetbrains/kotlin/types/KotlinType
instanceKlass org/jetbrains/kotlin/descriptors/ModuleDescriptor
instanceKlass org/jetbrains/kotlin/descriptors/deserialization/PlatformDependentDeclarationFilter
instanceKlass org/jetbrains/kotlin/descriptors/ClassifierDescriptor
instanceKlass org/jetbrains/kotlin/mpp/ClassifierSymbolMarker
instanceKlass org/jetbrains/kotlin/descriptors/DeclarationDescriptorNonRoot
instanceKlass org/jetbrains/kotlin/descriptors/DeclarationDescriptorWithSource
instanceKlass org/jetbrains/kotlin/descriptors/DeclarationDescriptor
instanceKlass org/jetbrains/kotlin/mpp/DeclarationSymbolMarker
instanceKlass org/jetbrains/kotlin/descriptors/annotations/Annotated
instanceKlass org/jetbrains/kotlin/descriptors/ValidateableDescriptor
instanceKlass org/jetbrains/kotlin/descriptors/Named
instanceKlass org/jetbrains/kotlin/builtins/KotlinBuiltIns
instanceKlass org/jetbrains/kotlin/context/SimpleGlobalContext
instanceKlass org/jetbrains/kotlin/storage/ExceptionTracker
instanceKlass org/jetbrains/kotlin/context/ProjectContextImpl
instanceKlass org/jetbrains/kotlin/context/ProjectContext
instanceKlass org/jetbrains/kotlin/context/GlobalContext
instanceKlass org/jetbrains/kotlin/context/ContextKt
instanceKlass org/jetbrains/kotlin/platform/TargetPlatform
instanceKlass org/jetbrains/kotlin/platform/TargetPlatformKt
instanceKlass org/jetbrains/kotlin/platform/TargetPlatformVersion$NoVersion
instanceKlass org/jetbrains/kotlin/platform/SimplePlatform
instanceKlass org/jetbrains/kotlin/platform/jvm/JvmPlatforms
instanceKlass org/jetbrains/kotlin/resolve/TargetEnvironment$Companion
instanceKlass org/jetbrains/kotlin/resolve/TargetEnvironment
instanceKlass org/jetbrains/kotlin/com/intellij/psi/util/CachedValueProvider$Result
instanceKlass org/jetbrains/kotlin/com/intellij/util/CachedValueBase
instanceKlass org/jetbrains/kotlin/resolve/diagnostics/DiagnosticSuppressor$Companion
instanceKlass org/jetbrains/kotlin/resolve/diagnostics/DiagnosticSuppressor
instanceKlass org/jetbrains/kotlin/util/ExtensionProvider$Companion
instanceKlass org/jetbrains/kotlin/util/MappedExtensionProvider
instanceKlass org/jetbrains/kotlin/resolve/diagnostics/KotlinSuppressCache$Companion
instanceKlass org/jetbrains/kotlin/diagnostics/AbstractKotlinSuppressCache$Companion
instanceKlass org/jetbrains/kotlin/resolve/diagnostics/Diagnostics$Companion$EMPTY$1
instanceKlass org/jetbrains/kotlin/resolve/diagnostics/Diagnostics$Companion
instanceKlass org/jetbrains/kotlin/resolve/diagnostics/MutableDiagnosticsWithSuppression
instanceKlass org/jetbrains/kotlin/resolve/diagnostics/Diagnostics
instanceKlass org/jetbrains/kotlin/diagnostics/GenericDiagnostics
instanceKlass org/jetbrains/kotlin/util/slicedMap/WritableSlice
instanceKlass org/jetbrains/kotlin/resolve/BindingTraceContext$1
instanceKlass org/jetbrains/kotlin/resolve/CleanableBindingContext
instanceKlass org/jetbrains/kotlin/util/slicedMap/SlicedMapImpl
instanceKlass org/jetbrains/kotlin/resolve/BindingTraceFilter$Companion
instanceKlass org/jetbrains/kotlin/resolve/BindingTraceFilter
instanceKlass org/jetbrains/kotlin/diagnostics/DiagnosticSink$2
instanceKlass org/jetbrains/kotlin/diagnostics/DiagnosticSink$1
instanceKlass org/jetbrains/kotlin/util/slicedMap/ReadOnlySlice
instanceKlass org/jetbrains/kotlin/util/slicedMap/MutableSlicedMap
instanceKlass org/jetbrains/kotlin/util/slicedMap/SlicedMap
instanceKlass org/jetbrains/kotlin/diagnostics/AbstractKotlinSuppressCache
instanceKlass org/jetbrains/kotlin/resolve/BindingContext
instanceKlass org/jetbrains/kotlin/resolve/BindingTraceContext
instanceKlass org/jetbrains/kotlin/resolve/BindingTrace
instanceKlass org/jetbrains/kotlin/diagnostics/DiagnosticSink
instanceKlass org/jetbrains/kotlin/com/intellij/openapi/vfs/VirtualFileWithId
instanceKlass org/jetbrains/kotlin/com/intellij/openapi/vfs/VirtualFileSet
instanceKlass org/jetbrains/kotlin/com/intellij/openapi/vfs/VirtualFileVisitor
instanceKlass org/jetbrains/kotlin/com/intellij/openapi/vfs/VfsUtilCore
instanceKlass org/jetbrains/kotlin/cli/jvm/compiler/TopDownAnalyzerFacadeForJVM
instanceKlass org/jetbrains/kotlin/psi/KtOperationExpression
instanceKlass org/jetbrains/kotlin/BlockExpressionElementType$Companion
instanceKlass org/jetbrains/kotlin/com/intellij/psi/tree/IReparseableElementTypeBase
instanceKlass org/jetbrains/kotlin/com/intellij/psi/tree/ICompositeElementType
instanceKlass org/jetbrains/kotlin/KtNodeTypes
instanceKlass org/jetbrains/kotlin/com/intellij/lang/PsiParser
instanceKlass org/jetbrains/kotlin/kdoc/lexer/KDocTokens
instanceKlass org/jetbrains/kotlin/lexer/KtTokens
instanceKlass org/jetbrains/kotlin/diagnostics/PositioningStrategy
instanceKlass org/jetbrains/kotlin/diagnostics/PositioningStrategies
instanceKlass org/jetbrains/kotlin/diagnostics/DiagnosticFactory$Companion
instanceKlass org/jetbrains/kotlin/diagnostics/DiagnosticMarker
instanceKlass org/jetbrains/kotlin/diagnostics/UnboundDiagnostic
instanceKlass org/jetbrains/kotlin/diagnostics/DiagnosticFactory
instanceKlass org/jetbrains/kotlin/cli/common/messages/AnalyzerWithCompilerReport$Companion
instanceKlass org/jetbrains/kotlin/cli/common/messages/AnalyzerWithCompilerReport
instanceKlass org/jetbrains/kotlin/analyzer/AbstractAnalyzerWithCompilerReport
instanceKlass org/jetbrains/kotlin/load/kotlin/ModuleVisibilityManager$SERVICE
instanceKlass org/jetbrains/kotlin/cli/jvm/compiler/KotlinToJVMBytecodeCompiler
instanceKlass org/jetbrains/kotlin/com/intellij/injected/editor/DocumentWindow
instanceKlass org/jetbrains/kotlin/com/intellij/openapi/editor/impl/FrozenDocument
instanceKlass org/jetbrains/kotlin/com/intellij/util/text/ByteArrayCharSequence
instanceKlass org/jetbrains/kotlin/com/intellij/openapi/editor/impl/DocumentImpl$1
instanceKlass java/beans/PropertyChangeListener
instanceKlass java/beans/ChangeListenerMap
instanceKlass java/beans/PropertyChangeSupport
instanceKlass org/jetbrains/kotlin/com/intellij/openapi/editor/impl/IntervalTreeImpl$IntervalTreeGuide
instanceKlass org/jetbrains/kotlin/com/intellij/util/WalkingState$TreeGuide
instanceKlass org/jetbrains/kotlin/it/unimi/dsi/fastutil/longs/LongSet
instanceKlass org/jetbrains/kotlin/it/unimi/dsi/fastutil/longs/LongCollection
instanceKlass org/jetbrains/kotlin/it/unimi/dsi/fastutil/longs/LongIterable
instanceKlass org/jetbrains/kotlin/com/intellij/openapi/editor/impl/RedBlackTree$Node
instanceKlass org/jetbrains/kotlin/com/intellij/openapi/editor/ex/PrioritizedDocumentListener$1
instanceKlass org/jetbrains/kotlin/com/intellij/openapi/editor/ex/PrioritizedDocumentListener
instanceKlass org/jetbrains/kotlin/com/intellij/openapi/editor/ex/DocumentEx$1
instanceKlass org/jetbrains/kotlin/com/intellij/util/keyFMap/ArrayBackedFMap
instanceKlass org/jetbrains/kotlin/com/intellij/openapi/fileEditor/impl/LoadTextUtil$ConvertResult
instanceKlass sun/nio/cs/ThreadLocalCoders$Cache
instanceKlass sun/nio/cs/ThreadLocalCoders
instanceKlass org/jetbrains/kotlin/com/intellij/openapi/fileEditor/impl/LoadTextUtil$DetectResult
instanceKlass org/jetbrains/kotlin/com/intellij/openapi/vfs/CharsetToolkit
instanceKlass org/jetbrains/kotlin/com/intellij/openapi/fileEditor/impl/LoadTextUtil
instanceKlass org/jetbrains/kotlin/cli/jvm/compiler/JavaLanguageLevelKt
instanceKlass org/jetbrains/kotlin/config/AppendJavaSourceRootsHandlerKeyKt
instanceKlass org/jetbrains/kotlin/cli/jvm/compiler/CliVirtualFileFinderFactory
instanceKlass org/jetbrains/kotlin/load/kotlin/VirtualFileFinderFactory
instanceKlass org/jetbrains/kotlin/load/kotlin/MetadataFinderFactory
instanceKlass org/jetbrains/kotlin/cli/jvm/modules/CliJavaModuleResolver$Companion
instanceKlass org/jetbrains/kotlin/cli/jvm/modules/CliJavaModuleResolver
instanceKlass org/jetbrains/kotlin/resolve/jvm/modules/JavaModuleResolver
instanceKlass org/jetbrains/kotlin/load/java/JavaModuleAnnotationsProvider
instanceKlass org/jetbrains/kotlin/cli/jvm/index/SingleJavaFileRootsIndex
instanceKlass org/jetbrains/kotlin/cli/jvm/index/JvmDependenciesIndexImpl
instanceKlass java/util/concurrent/locks/ReentrantReadWriteLock$WriteLock
instanceKlass java/util/concurrent/locks/ReentrantReadWriteLock$ReadLock
instanceKlass java/util/concurrent/locks/ReentrantReadWriteLock
instanceKlass java/util/concurrent/locks/ReadWriteLock
instanceKlass org/jetbrains/kotlin/cli/jvm/index/JvmDependenciesDynamicCompoundIndex
instanceKlass org/jetbrains/kotlin/cli/jvm/index/JvmDependenciesIndex
instanceKlass org/jetbrains/kotlin/cli/jvm/compiler/ClasspathRootsResolver$RootsAndModules
instanceKlass kotlin/sequences/TransformingSequence$iterator$1
instanceKlass kotlin/sequences/FilteringSequence$iterator$1
instanceKlass kotlin/jvm/internal/ArrayIterator
instanceKlass kotlin/jvm/internal/ArrayIteratorKt
instanceKlass kotlin/sequences/FlatteningSequence$iterator$1
instanceKlass kotlin/sequences/FlatteningSequence
instanceKlass kotlin/collections/ArraysKt___ArraysKt$asSequence$$inlined$Sequence$1
instanceKlass kotlin/collections/CollectionsKt___CollectionsKt$asSequence$$inlined$Sequence$1
instanceKlass kotlin/sequences/FilteringSequence
instanceKlass kotlin/sequences/TransformingSequence
instanceKlass kotlin/sequences/EmptySequence
instanceKlass kotlin/sequences/DropTakeSequence
instanceKlass org/jetbrains/kotlin/cli/jvm/index/JavaRoot$RootTypes
instanceKlass org/jetbrains/kotlin/cli/jvm/index/JavaRoot
instanceKlass java/util/AbstractMap$SimpleEntry
instanceKlass org/jetbrains/kotlin/com/intellij/util/containers/FactoryMap
instanceKlass java/lang/invoke/MethodHandle$1
instanceKlass org/jetbrains/kotlin/com/intellij/util/text/CharArrayExternalizable
instanceKlass org/jetbrains/kotlin/com/intellij/util/text/ImmutableCharSequence
instanceKlass org/jetbrains/kotlin/com/intellij/util/text/CharArrayUtil
instanceKlass java/util/zip/ZipFile$ZipEntryIterator
instanceKlass org/jetbrains/kotlin/com/intellij/openapi/vfs/impl/ArchiveHandler$EntryInfo
instanceKlass org/jetbrains/kotlin/com/intellij/util/containers/ShareableKey
instanceKlass org/jetbrains/kotlin/com/intellij/util/containers/hash/LinkedHashMap$Entry
instanceKlass java/util/DualPivotQuicksort
instanceKlass org/jetbrains/kotlin/com/intellij/util/containers/hash/HashUtil
instanceKlass org/jetbrains/kotlin/com/intellij/util/containers/SLRUMap
instanceKlass org/jetbrains/kotlin/com/intellij/openapi/util/io/FileAttributes
instanceKlass org/jetbrains/kotlin/com/intellij/util/io/ResourceHandle
instanceKlass org/jetbrains/kotlin/com/intellij/util/io/FileAccessorCache
instanceKlass org/jetbrains/kotlin/com/intellij/util/containers/hash/EqualityPolicy
instanceKlass org/jetbrains/kotlin/com/intellij/openapi/vfs/impl/AddonlyKeylessHash$KeyValueMapper
instanceKlass org/jetbrains/kotlin/com/intellij/openapi/util/Pair
instanceKlass org/jetbrains/kotlin/cli/jvm/modules/JavaModuleGraph
instanceKlass org/jetbrains/kotlin/cli/jvm/compiler/ClasspathRootsResolver$Companion
instanceKlass org/jetbrains/kotlin/cli/jvm/compiler/ClasspathRootsResolver
instanceKlass org/jetbrains/kotlin/cli/jvm/modules/CliJavaModuleFinder
instanceKlass org/jetbrains/kotlin/resolve/jvm/modules/JavaModuleFinder
instanceKlass kotlin/comparisons/ComparisonsKt__ComparisonsKt
instanceKlass org/jetbrains/kotlin/com/intellij/openapi/util/io/FileUtil$2
instanceKlass org/jetbrains/kotlin/com/intellij/openapi/util/io/FileUtil$1
instanceKlass org/jetbrains/kotlin/com/intellij/util/text/CaseInsensitiveStringHashingStrategy
instanceKlass org/jetbrains/kotlin/com/intellij/openapi/util/io/FileUtilRt$SymlinkResolver
instanceKlass org/jetbrains/kotlin/com/intellij/util/indexing/IndexingDataKeys
instanceKlass org/jetbrains/kotlin/cli/jvm/compiler/KotlinCoreEnvironment$special$$inlined$sortBy$1
instanceKlass org/jetbrains/kotlin/psi/UserDataProperty
instanceKlass kotlin/reflect/jvm/internal/KPropertyImpl$Companion
instanceKlass kotlin/reflect/jvm/internal/KCallableImpl
instanceKlass kotlin/reflect/KMutableProperty$Setter
instanceKlass org/jetbrains/kotlin/resolve/multiplatform/IsCommonSourceKt
instanceKlass org/jetbrains/kotlin/com/intellij/psi/util/PsiUtilCore$NullPsiElement
instanceKlass org/jetbrains/kotlin/com/intellij/psi/util/PsiUtilCore
instanceKlass org/jetbrains/kotlin/com/intellij/psi/impl/source/FileTrees
instanceKlass org/jetbrains/kotlin/psi/stubs/KotlinScriptStub
instanceKlass org/jetbrains/kotlin/psi/stubs/KotlinPlaceHolderWithTextStub
instanceKlass org/jetbrains/kotlin/com/intellij/psi/tree/IReparseableLeafElementType
instanceKlass org/jetbrains/kotlin/com/intellij/psi/TokenType
instanceKlass org/jetbrains/kotlin/com/intellij/psi/LiteralTextEscaper
instanceKlass org/jetbrains/kotlin/com/intellij/psi/ContributedReferenceHost
instanceKlass org/jetbrains/kotlin/psi/stubs/KotlinCollectionLiteralExpressionStub
instanceKlass org/jetbrains/kotlin/psi/stubs/KotlinClassLiteralExpressionStub
instanceKlass org/jetbrains/kotlin/psi/KtDoubleColonExpression
instanceKlass org/jetbrains/kotlin/psi/stubs/KotlinConstantExpressionStub
instanceKlass org/jetbrains/kotlin/psi/stubs/elements/KtConstantExpressionElementType$Companion
instanceKlass org/jetbrains/kotlin/psi/stubs/KotlinContextReceiverStub
instanceKlass org/jetbrains/kotlin/psi/LambdaArgument
instanceKlass org/jetbrains/kotlin/psi/stubs/KotlinContractEffectStub
instanceKlass org/jetbrains/kotlin/psi/ValueArgumentName
instanceKlass org/jetbrains/kotlin/psi/stubs/KotlinValueArgumentStub
instanceKlass org/jetbrains/kotlin/psi/ValueArgument
instanceKlass org/jetbrains/kotlin/psi/stubs/KotlinEnumEntrySuperclassReferenceExpressionStub
instanceKlass org/jetbrains/kotlin/psi/KtQualifiedExpression
instanceKlass org/jetbrains/kotlin/psi/stubs/KotlinNameReferenceExpressionStub
instanceKlass org/jetbrains/kotlin/psi/stubs/KotlinTypeProjectionStub
instanceKlass org/jetbrains/kotlin/psi/KtSimpleNameExpression
instanceKlass org/jetbrains/kotlin/psi/KtReferenceExpression
instanceKlass org/jetbrains/kotlin/psi/stubs/impl/KotlinTypeBean
instanceKlass org/jetbrains/kotlin/types/model/KotlinTypeMarker
instanceKlass org/jetbrains/kotlin/psi/stubs/KotlinUserTypeStub
instanceKlass org/jetbrains/kotlin/psi/KtTypeElement
instanceKlass org/jetbrains/kotlin/psi/stubs/KotlinModifierListStub
instanceKlass org/jetbrains/kotlin/psi/stubs/KotlinImportAliasStub
instanceKlass org/jetbrains/kotlin/psi/KtImportInfo$ImportContent
instanceKlass org/jetbrains/kotlin/psi/KtImportInfo
instanceKlass org/jetbrains/kotlin/psi/stubs/KotlinImportDirectiveStub
instanceKlass org/jetbrains/kotlin/psi/KtAnnotationsContainer
instanceKlass org/jetbrains/kotlin/psi/stubs/KotlinAnnotationUseSiteTargetStub
instanceKlass org/jetbrains/kotlin/psi/KtCallElement
instanceKlass org/jetbrains/kotlin/psi/stubs/KotlinAnnotationEntryStub
instanceKlass org/jetbrains/kotlin/psi/stubs/KotlinTypeParameterStub
instanceKlass org/jetbrains/kotlin/psi/stubs/KotlinParameterStub
instanceKlass org/jetbrains/kotlin/psi/stubs/KotlinConstructorStub
instanceKlass org/jetbrains/kotlin/psi/KtAnonymousInitializer
instanceKlass org/jetbrains/kotlin/psi/stubs/KotlinPlaceHolderStub
instanceKlass org/jetbrains/kotlin/psi/stubs/KotlinObjectStub
instanceKlass org/jetbrains/kotlin/psi/stubs/KotlinTypeAliasStub
instanceKlass org/jetbrains/kotlin/psi/stubs/KotlinBackingFieldStub
instanceKlass org/jetbrains/kotlin/psi/stubs/KotlinPropertyAccessorStub
instanceKlass org/jetbrains/kotlin/psi/KtVariableDeclaration
instanceKlass org/jetbrains/kotlin/psi/KtValVarKeywordOwner
instanceKlass org/jetbrains/kotlin/psi/stubs/KotlinPropertyStub
instanceKlass org/jetbrains/kotlin/psi/KtFunction
instanceKlass org/jetbrains/kotlin/psi/KtDeclarationWithBody
instanceKlass org/jetbrains/kotlin/psi/KtCallableDeclaration
instanceKlass org/jetbrains/kotlin/psi/KtDeclarationWithInitializer
instanceKlass org/jetbrains/kotlin/psi/stubs/KotlinFunctionStub
instanceKlass org/jetbrains/kotlin/psi/stubs/KotlinCallableStubBase
instanceKlass org/jetbrains/kotlin/com/intellij/psi/impl/source/SubstrateRef
instanceKlass org/jetbrains/kotlin/psi/stubs/KotlinClassStub
instanceKlass org/jetbrains/kotlin/psi/stubs/KotlinClassOrObjectStub
instanceKlass org/jetbrains/kotlin/psi/stubs/KotlinStubWithFqName
instanceKlass org/jetbrains/kotlin/com/intellij/psi/stubs/NamedStub
instanceKlass org/jetbrains/kotlin/psi/stubs/KotlinClassifierStub
instanceKlass org/jetbrains/kotlin/com/intellij/psi/StubBasedPsiElement
instanceKlass org/jetbrains/kotlin/psi/KtTypeParameterListOwner
instanceKlass org/jetbrains/kotlin/psi/KtPureClassOrObject
instanceKlass org/jetbrains/kotlin/psi/KtClassLikeDeclaration
instanceKlass org/jetbrains/kotlin/psi/KtNamedDeclaration
instanceKlass org/jetbrains/kotlin/psi/KtStatementExpression
instanceKlass org/jetbrains/kotlin/psi/KtNamed
instanceKlass org/jetbrains/kotlin/psi/KtDeclaration
instanceKlass org/jetbrains/kotlin/psi/KtModifierListOwner
instanceKlass org/jetbrains/kotlin/psi/KtExpression
instanceKlass org/jetbrains/kotlin/psi/stubs/elements/KtStubElementTypes
instanceKlass org/jetbrains/kotlin/psi/stubs/elements/KtTokenSets
instanceKlass org/jetbrains/kotlin/com/intellij/psi/tree/TokenSet
instanceKlass org/jetbrains/kotlin/psi/KtFile$Companion
instanceKlass org/jetbrains/kotlin/com/intellij/psi/impl/source/StubbedSpine
instanceKlass org/jetbrains/kotlin/psi/KtDeclarationContainer
instanceKlass org/jetbrains/kotlin/psi/KtAnnotated
instanceKlass org/jetbrains/kotlin/psi/KtElement
instanceKlass org/jetbrains/kotlin/psi/KtPureElement
instanceKlass org/jetbrains/kotlin/com/intellij/psi/PsiModifiableCodeBlock
instanceKlass org/jetbrains/kotlin/com/intellij/psi/PsiClassOwner
instanceKlass org/jetbrains/kotlin/com/intellij/util/keyFMap/PairElementsFMap
instanceKlass java/util/function/UnaryOperator
instanceKlass org/jetbrains/kotlin/com/intellij/psi/AbstractFileViewProvider$VirtualFileContent
instanceKlass org/jetbrains/kotlin/com/intellij/psi/PsiLock
instanceKlass org/jetbrains/kotlin/com/intellij/psi/PsiLargeBinaryFile
instanceKlass org/jetbrains/kotlin/com/intellij/psi/PsiLargeFile
instanceKlass org/jetbrains/kotlin/com/intellij/psi/PsiBinaryFile
instanceKlass org/jetbrains/kotlin/com/intellij/psi/AbstractFileViewProvider$Content
instanceKlass org/jetbrains/kotlin/com/intellij/util/containers/ContainerUtilRt
instanceKlass org/jetbrains/kotlin/com/intellij/model/ModelBranch
instanceKlass org/jetbrains/kotlin/com/intellij/injected/editor/VirtualFileWindow
instanceKlass kotlin/collections/AbstractIterator$WhenMappings
instanceKlass kotlin/io/FileTreeWalk$WalkState
instanceKlass kotlin/collections/AbstractIterator
instanceKlass kotlin/io/FileTreeWalk
instanceKlass kotlin/io/FilePathComponents
instanceKlass org/jetbrains/kotlin/extensions/PreprocessedFileCreator
instanceKlass java/util/AbstractList$Itr
instanceKlass org/jetbrains/kotlin/com/intellij/openapi/util/KeyedExtensionCollector$MyExtensionPointListener
instanceKlass org/jetbrains/kotlin/cli/jvm/compiler/CoreEnvironmentUtilsKt
instanceKlass org/jetbrains/kotlin/resolve/lazy/declarations/DeclarationProviderFactoryService$Companion
instanceKlass org/jetbrains/kotlin/resolve/lazy/declarations/DeclarationProviderFactoryService
instanceKlass org/jetbrains/kotlin/com/intellij/diagnostic/Activity
instanceKlass org/jetbrains/kotlin/com/intellij/diagnostic/StartUpMeasurer
instanceKlass org/jetbrains/kotlin/cli/jvm/compiler/CliModuleAnnotationsResolver
instanceKlass org/jetbrains/kotlin/resolve/ModuleAnnotationsResolver
instanceKlass org/jetbrains/kotlin/resolve/jvm/KotlinJavaPsiFacade$2
instanceKlass org/jetbrains/kotlin/resolve/jvm/KotlinJavaPsiFacade$1
instanceKlass org/jetbrains/kotlin/com/intellij/psi/PsiModifierList
instanceKlass org/jetbrains/kotlin/resolve/jvm/NotFoundPackagesCachingStrategy$Default
instanceKlass org/jetbrains/kotlin/com/intellij/psi/impl/ElementBase$ElementIconRequest
instanceKlass org/jetbrains/kotlin/load/java/structure/JavaClass
instanceKlass org/jetbrains/kotlin/load/java/structure/JavaTypeParameterListOwner
instanceKlass org/jetbrains/kotlin/load/java/structure/JavaModifierListOwner
instanceKlass org/jetbrains/kotlin/load/java/structure/JavaClassifier
instanceKlass org/jetbrains/kotlin/load/java/structure/JavaNamedElement
instanceKlass org/jetbrains/kotlin/load/java/structure/JavaAnnotationOwner
instanceKlass org/jetbrains/kotlin/load/java/structure/JavaElement
instanceKlass org/jetbrains/kotlin/resolve/jvm/KotlinJavaPsiFacade$KotlinPsiElementFinderWrapperImpl
instanceKlass org/jetbrains/kotlin/resolve/jvm/KotlinJavaPsiFacade$KotlinPsiElementFinderWrapper
instanceKlass org/jetbrains/kotlin/resolve/jvm/NotFoundPackagesCachingStrategy
instanceKlass org/jetbrains/kotlin/resolve/jvm/KotlinJavaPsiFacade
instanceKlass org/jetbrains/kotlin/load/java/structure/impl/source/JavaElementSourceFactory
instanceKlass org/jetbrains/kotlin/cli/common/CliModuleVisibilityManagerImpl
instanceKlass org/jetbrains/kotlin/load/kotlin/ModuleVisibilityManager
instanceKlass org/jetbrains/kotlin/compiler/plugin/CompilerPluginRegistrarKt
instanceKlass org/jetbrains/kotlin/compiler/plugin/CompilerPluginRegistrar$ExtensionStorage
instanceKlass org/jetbrains/kotlin/com/intellij/psi/PsiTreeChangeAdapter
instanceKlass org/jetbrains/kotlin/com/intellij/psi/PsiTreeChangeListener
instanceKlass org/jetbrains/kotlin/incremental/components/LookupTracker$DO_NOTHING
instanceKlass org/jetbrains/kotlin/incremental/LookupTrackerImpl
instanceKlass com/google/devtools/ksp/DualLookupTracker
instanceKlass org/jetbrains/kotlin/incremental/components/LookupTracker
instanceKlass com/google/devtools/ksp/AbstractKotlinSymbolProcessingExtension$Companion
instanceKlass com/google/devtools/ksp/AbstractKotlinSymbolProcessingExtension
instanceKlass com/google/devtools/ksp/processing/impl/MessageCollectorBasedKSPLogger$Companion
instanceKlass com/google/devtools/ksp/processing/impl/MessageCollectorBasedKSPLogger
instanceKlass com/google/devtools/ksp/processing/KSPLogger
instanceKlass com/google/devtools/ksp/KspOptions
instanceKlass sun/net/www/protocol/jar/JarFileFactory
instanceKlass sun/net/www/protocol/jar/URLJarFile$URLJarFileCloseController
instanceKlass org/jetbrains/kotlin/config/KotlinCompilerVersion
instanceKlass org/jetbrains/kotlin/cli/jvm/config/JavaSourceRoot
instanceKlass java/util/Collections$UnmodifiableCollection$1
instanceKlass org/jetbrains/kotlin/fir/extensions/FirAnalysisHandlerExtension
instanceKlass org/jetbrains/kotlin/resolve/extensions/AssignResolutionAltererExtension
instanceKlass org/jetbrains/kotlin/extensions/AnnotationBasedExtension
instanceKlass org/jetbrains/kotlin/types/DefaultTypeAttributeTranslator
instanceKlass org/jetbrains/kotlin/types/extensions/TypeAttributeTranslators
instanceKlass org/jetbrains/kotlin/extensions/TypeAttributeTranslatorExtension
instanceKlass org/jetbrains/kotlin/types/TypeAttributeTranslator
instanceKlass org/jetbrains/kotlin/fir/extensions/FirExtensionRegistrarAdapter
instanceKlass org/jetbrains/kotlin/serialization/DescriptorSerializerPlugin
instanceKlass org/jetbrains/kotlin/extensions/internal/CallResolutionInterceptorExtension
instanceKlass org/jetbrains/kotlin/extensions/internal/CandidateInterceptor
instanceKlass org/jetbrains/kotlin/extensions/internal/TypeResolutionInterceptorExtension
instanceKlass org/jetbrains/kotlin/extensions/internal/TypeResolutionInterceptor
instanceKlass org/jetbrains/kotlin/cli/common/extensions/ShellExtension
instanceKlass org/jetbrains/kotlin/cli/common/extensions/ScriptEvaluationExtension
instanceKlass org/jetbrains/kotlin/backend/common/extensions/IrGenerationExtension
instanceKlass org/jetbrains/kotlin/ir/linkage/IrDeserializer$IrLinkerExtension
instanceKlass org/jetbrains/kotlin/resolve/extensions/ExtraImportsProviderExtension
instanceKlass org/jetbrains/kotlin/extensions/ProcessSourcesBeforeCompilingExtension
instanceKlass org/jetbrains/kotlin/extensions/CollectAdditionalSourcesExtension
instanceKlass org/jetbrains/kotlin/extensions/CompilerConfigurationExtension
instanceKlass org/jetbrains/kotlin/js/translate/extensions/JsSyntheticTranslateExtension
instanceKlass org/jetbrains/kotlin/extensions/PreprocessedVirtualFileFactoryExtension
instanceKlass org/jetbrains/kotlin/extensions/DeclarationAttributeAltererExtension
instanceKlass org/jetbrains/kotlin/extensions/StorageComponentContainerContributor
instanceKlass org/jetbrains/kotlin/resolve/jvm/extensions/PackageFragmentProviderExtension
instanceKlass org/jetbrains/kotlin/resolve/jvm/extensions/AnalysisHandlerExtension
instanceKlass org/jetbrains/kotlin/resolve/extensions/AnalysisHandlerExtension
instanceKlass org/jetbrains/kotlin/codegen/extensions/ClassFileFactoryFinalizerExtension
instanceKlass org/jetbrains/kotlin/backend/jvm/extensions/ClassGeneratorExtension
instanceKlass org/jetbrains/kotlin/codegen/extensions/ClassBuilderInterceptorExtension
instanceKlass org/jetbrains/kotlin/resolve/jvm/extensions/SyntheticJavaResolveExtension
instanceKlass org/jetbrains/kotlin/resolve/extensions/SyntheticResolveExtension
instanceKlass org/jetbrains/kotlin/extensions/ProjectExtensionDescriptor
instanceKlass org/jetbrains/kotlin/codegen/extensions/ExpressionCodegenExtension
instanceKlass org/jetbrains/kotlin/com/intellij/openapi/util/io/FileUtilRt$2
instanceKlass java/util/Random
instanceKlass java/util/random/RandomGenerator
instanceKlass org/jetbrains/kotlin/com/intellij/openapi/util/io/FileUtilRt$RepeatableIOOperation
instanceKlass java/nio/channels/WritableByteChannel
instanceKlass java/nio/channels/Channel
instanceKlass java/io/FileFilter
instanceKlass org/jetbrains/kotlin/com/intellij/openapi/util/io/FileUtilRt
instanceKlass org/jetbrains/kotlin/com/intellij/openapi/vfs/PersistentFSConstants
instanceKlass org/jetbrains/kotlin/com/intellij/psi/impl/source/DummyHolderFactory$DefaultFactory
instanceKlass org/jetbrains/kotlin/com/intellij/psi/impl/source/DummyHolderFactory
instanceKlass org/jetbrains/kotlin/com/intellij/psi/PsiImportHolder
instanceKlass org/jetbrains/kotlin/com/intellij/psi/impl/source/PsiFileWithStubSupport
instanceKlass org/jetbrains/kotlin/com/intellij/psi/impl/PsiFileEx
instanceKlass org/jetbrains/kotlin/com/intellij/openapi/ui/Queryable
instanceKlass org/jetbrains/kotlin/com/intellij/psi/impl/source/JavaDummyHolderFactory
instanceKlass org/jetbrains/kotlin/com/intellij/lang/jvm/facade/JvmFacadeImpl
instanceKlass org/jetbrains/kotlin/com/intellij/lang/jvm/facade/JvmFacade
instanceKlass org/jetbrains/kotlin/com/intellij/psi/impl/source/HolderFactory
instanceKlass org/jetbrains/kotlin/com/intellij/psi/PsiConstantEvaluationHelper
instanceKlass org/jetbrains/kotlin/com/intellij/psi/JavaPsiFacade
instanceKlass org/jetbrains/kotlin/cli/jvm/compiler/MockInferredAnnotationsManager$Companion
instanceKlass org/jetbrains/kotlin/com/intellij/codeInsight/InferredAnnotationsManager
instanceKlass org/jetbrains/kotlin/com/intellij/codeInsight/ExternalAnnotationsListener
instanceKlass org/jetbrains/kotlin/com/intellij/codeInsight/ExternalAnnotationsManager
instanceKlass org/jetbrains/kotlin/com/intellij/util/Processor
instanceKlass org/jetbrains/kotlin/asJava/finder/JavaElementFinder$Companion
instanceKlass org/jetbrains/kotlin/resolve/jvm/KotlinFinderMarker
instanceKlass org/jetbrains/kotlin/asJava/KotlinAsJavaSupport$Companion
instanceKlass org/jetbrains/kotlin/asJava/KotlinAsJavaSupport
instanceKlass org/jetbrains/kotlin/asJava/classes/ImplUtilsKt
instanceKlass org/jetbrains/kotlin/asJava/LightClassGenerationSupport$Companion
instanceKlass org/jetbrains/kotlin/asJava/LightClassGenerationSupport
instanceKlass org/jetbrains/kotlin/resolve/jvm/JvmCodeAnalyzerInitializer
instanceKlass org/jetbrains/kotlin/resolve/CodeAnalyzerInitializer
instanceKlass org/jetbrains/kotlin/com/intellij/psi/impl/JvmPsiConversionHelperImpl
instanceKlass org/jetbrains/kotlin/com/intellij/psi/JvmPsiConversionHelper
instanceKlass org/jetbrains/kotlin/com/intellij/util/containers/Interner
instanceKlass org/jetbrains/kotlin/utils/PlatformUtilsKt
instanceKlass org/jetbrains/kotlin/load/java/structure/impl/classFiles/BinaryClassSignatureParser
instanceKlass org/jetbrains/kotlin/com/intellij/openapi/util/RecursionManager$2
instanceKlass org/jetbrains/kotlin/com/intellij/util/containers/SoftKeySoftValueHashMap
instanceKlass org/jetbrains/kotlin/com/intellij/util/NotNullFunction
instanceKlass org/jetbrains/kotlin/com/intellij/util/NullableFunction
instanceKlass org/jetbrains/kotlin/com/intellij/psi/search/ProjectScope
instanceKlass gnu/trove/TObjectHash$NULL
instanceKlass gnu/trove/TObjectObjectProcedure
instanceKlass gnu/trove/THash
instanceKlass gnu/trove/TObjectHashingStrategy
instanceKlass gnu/trove/Equality
instanceKlass org/jetbrains/kotlin/cli/jvm/compiler/KotlinCliJavaFileManagerImpl$Companion
instanceKlass org/jetbrains/kotlin/com/intellij/core/CoreJavaFileManager
instanceKlass org/jetbrains/kotlin/resolve/jvm/KotlinCliJavaFileManager
instanceKlass org/jetbrains/kotlin/com/intellij/psi/controlFlow/ControlFlowFactory$1
instanceKlass org/jetbrains/kotlin/com/intellij/util/containers/ConcurrentWeakKeySoftValueHashMap$HardKey
instanceKlass org/jetbrains/kotlin/com/intellij/util/containers/ConcurrentWeakKeySoftValueHashMap$KeyReference
instanceKlass org/jetbrains/kotlin/com/intellij/util/containers/ConcurrentWeakKeySoftValueHashMap
instanceKlass org/jetbrains/kotlin/com/intellij/psi/controlFlow/ControlFlow
instanceKlass org/jetbrains/kotlin/com/intellij/psi/controlFlow/ControlFlowFactory
instanceKlass org/jetbrains/kotlin/com/intellij/psi/codeStyle/SuggestedNameInfo
instanceKlass org/jetbrains/kotlin/com/intellij/psi/codeStyle/JavaCodeStyleManager
instanceKlass org/jetbrains/kotlin/com/intellij/psi/codeStyle/JavaCodeStyleSettingsFacade
instanceKlass org/jetbrains/kotlin/com/intellij/psi/impl/source/resolve/JavaResolveCache$1
instanceKlass org/jetbrains/kotlin/com/intellij/psi/impl/source/resolve/JavaResolveCache
instanceKlass org/jetbrains/kotlin/com/intellij/util/lang/JavaVersion
instanceKlass org/jetbrains/kotlin/com/intellij/util/containers/ConcurrentRefValueHashMap$ValueReference
instanceKlass org/jetbrains/kotlin/com/intellij/util/containers/ConcurrentRefValueHashMap
instanceKlass sun/util/locale/LanguageTag
instanceKlass java/util/ResourceBundle$Control
instanceKlass org/jetbrains/kotlin/com/intellij/AbstractBundle
instanceKlass org/jetbrains/kotlin/com/intellij/openapi/roots/LanguageLevelProjectExtension$LanguageLevelChangeListener
instanceKlass org/jetbrains/kotlin/com/intellij/openapi/roots/LanguageLevelProjectExtension
instanceKlass org/jetbrains/kotlin/com/intellij/openapi/util/RecursionManager$CalculationStack
instanceKlass org/jetbrains/kotlin/com/intellij/openapi/util/RecursionGuard
instanceKlass org/jetbrains/kotlin/com/intellij/openapi/util/RecursionGuard$StackStamp
instanceKlass org/jetbrains/kotlin/com/intellij/openapi/util/RecursionManager
instanceKlass org/jetbrains/kotlin/com/intellij/psi/PsiInferenceHelper
instanceKlass org/jetbrains/kotlin/com/intellij/psi/scope/processor/FilterScopeProcessor
instanceKlass org/jetbrains/kotlin/com/intellij/psi/scope/PsiScopeProcessor
instanceKlass org/jetbrains/kotlin/com/intellij/psi/scope/NameHint
instanceKlass org/jetbrains/kotlin/com/intellij/psi/scope/ElementClassHint
instanceKlass org/jetbrains/kotlin/com/intellij/psi/impl/source/resolve/PsiResolveHelperImpl
instanceKlass org/jetbrains/kotlin/com/intellij/psi/PsiResolveHelper
instanceKlass org/jetbrains/kotlin/com/intellij/psi/impl/JavaPsiImplementationHelper
instanceKlass org/jetbrains/kotlin/com/intellij/psi/impl/PsiElementFactoryImpl$1
instanceKlass org/jetbrains/kotlin/com/intellij/psi/TypeAnnotationProvider$1
instanceKlass org/jetbrains/kotlin/com/intellij/psi/TypeAnnotationProvider$Static
instanceKlass org/jetbrains/kotlin/com/intellij/psi/TypeAnnotationProvider
instanceKlass org/jetbrains/kotlin/com/intellij/psi/PsiAnnotation
instanceKlass org/jetbrains/kotlin/com/intellij/lang/jvm/types/JvmPrimitiveTypeKind
instanceKlass org/jetbrains/kotlin/com/intellij/lang/jvm/JvmAnnotation
instanceKlass org/jetbrains/kotlin/com/intellij/lang/java/parser/JavaParserUtil$ParserWrapper
instanceKlass org/jetbrains/kotlin/com/intellij/psi/PsiReferenceExpression
instanceKlass org/jetbrains/kotlin/com/intellij/psi/PsiExpression
instanceKlass org/jetbrains/kotlin/com/intellij/psi/PsiCaseLabelElement
instanceKlass org/jetbrains/kotlin/com/intellij/psi/PsiAnnotationMemberValue
instanceKlass org/jetbrains/kotlin/com/intellij/psi/PsiJavaCodeReferenceElement
instanceKlass org/jetbrains/kotlin/com/intellij/psi/PsiQualifiedReferenceElement
instanceKlass org/jetbrains/kotlin/com/intellij/psi/PsiQualifiedReference
instanceKlass org/jetbrains/kotlin/com/intellij/psi/PsiJavaReference
instanceKlass org/jetbrains/kotlin/com/intellij/psi/PsiPolyVariantReference
instanceKlass org/jetbrains/kotlin/com/intellij/psi/PsiTypeElement
instanceKlass org/jetbrains/kotlin/com/intellij/psi/PsiImportStatementBase
instanceKlass org/jetbrains/kotlin/com/intellij/lang/jvm/types/JvmReferenceType
instanceKlass org/jetbrains/kotlin/com/intellij/lang/jvm/types/JvmPrimitiveType
instanceKlass org/jetbrains/kotlin/com/intellij/psi/PsiType
instanceKlass org/jetbrains/kotlin/com/intellij/psi/PsiAnnotationOwner
instanceKlass org/jetbrains/kotlin/com/intellij/lang/jvm/types/JvmType
instanceKlass org/jetbrains/kotlin/com/intellij/psi/impl/PsiJavaParserFacadeImpl
instanceKlass org/jetbrains/kotlin/com/intellij/psi/PsiElementFactory
instanceKlass org/jetbrains/kotlin/com/intellij/psi/PsiJavaParserFacade
instanceKlass org/jetbrains/kotlin/com/intellij/psi/JVMElementFactory
instanceKlass org/jetbrains/kotlin/com/intellij/lang/injection/InjectedLanguageManager
instanceKlass org/jetbrains/kotlin/com/intellij/mock/MockDumbUtil
instanceKlass org/jetbrains/kotlin/com/intellij/openapi/project/DumbUtil
instanceKlass org/jetbrains/kotlin/com/intellij/psi/search/impl/VirtualFileEnumerationAware
instanceKlass org/jetbrains/kotlin/com/intellij/psi/search/impl/VirtualFileEnumeration
instanceKlass org/jetbrains/kotlin/com/intellij/psi/search/SearchScope
instanceKlass org/jetbrains/kotlin/com/intellij/psi/search/ProjectAwareFileFilter
instanceKlass org/jetbrains/kotlin/com/intellij/psi/PsiDirectory
instanceKlass org/jetbrains/kotlin/com/intellij/psi/impl/file/PsiDirectoryFactory
instanceKlass org/jetbrains/kotlin/com/intellij/psi/util/CachedValue
instanceKlass org/jetbrains/kotlin/com/intellij/psi/util/ParameterizedCachedValue
instanceKlass org/jetbrains/kotlin/com/intellij/psi/impl/PsiCachedValuesFactory
instanceKlass org/jetbrains/kotlin/com/intellij/psi/util/CachedValueProvider
instanceKlass org/jetbrains/kotlin/com/intellij/psi/util/CachedValuesManager
instanceKlass org/jetbrains/kotlin/com/intellij/psi/impl/source/tree/TreeElementVisitor
instanceKlass org/jetbrains/kotlin/com/intellij/psi/PsiFileFactory
instanceKlass org/jetbrains/kotlin/com/intellij/psi/impl/PsiToDocumentSynchronizer
instanceKlass org/jetbrains/kotlin/com/intellij/psi/PsiRecursiveVisitor
instanceKlass org/jetbrains/kotlin/com/intellij/psi/PsiElementVisitor
instanceKlass org/jetbrains/kotlin/com/intellij/openapi/editor/event/DocumentListener
instanceKlass org/jetbrains/kotlin/com/intellij/psi/PsiDocumentManager
instanceKlass org/jetbrains/kotlin/com/intellij/core/MockDocumentCommitProcessor
instanceKlass org/jetbrains/kotlin/com/intellij/psi/impl/DocumentCommitProcessor
instanceKlass org/jetbrains/kotlin/com/intellij/psi/SmartPointerManager
instanceKlass org/jetbrains/kotlin/com/intellij/psi/impl/file/impl/FileManagerImpl$1
instanceKlass org/jetbrains/kotlin/com/intellij/openapi/util/Comparing
instanceKlass org/jetbrains/kotlin/com/intellij/openapi/fileTypes/CharsetUtil
instanceKlass org/jetbrains/kotlin/com/intellij/util/LocalTimeCounter
instanceKlass org/jetbrains/kotlin/com/intellij/openapi/extensions/ExtensionPointPriorityListener
instanceKlass org/jetbrains/kotlin/com/intellij/openapi/extensions/ExtensionPointUtil$1
instanceKlass org/jetbrains/kotlin/com/intellij/openapi/extensions/ExtensionPointUtil
instanceKlass org/jetbrains/kotlin/com/intellij/openapi/vfs/NonPhysicalFileSystem
instanceKlass org/jetbrains/kotlin/com/intellij/psi/impl/file/impl/FileManagerImpl
instanceKlass org/jetbrains/kotlin/com/intellij/psi/util/PsiModificationTracker$SERVICE
instanceKlass org/jetbrains/kotlin/com/intellij/openapi/util/NotNullFactory
instanceKlass org/jetbrains/kotlin/com/intellij/openapi/util/Factory
instanceKlass org/jetbrains/kotlin/com/intellij/openapi/vfs/VirtualFileFilter$2
instanceKlass org/jetbrains/kotlin/com/intellij/openapi/vfs/VirtualFileFilter$1
instanceKlass org/jetbrains/kotlin/com/intellij/openapi/vfs/VirtualFileFilter
instanceKlass org/jetbrains/kotlin/com/intellij/openapi/util/LowMemoryWatcher
instanceKlass org/jetbrains/kotlin/com/intellij/psi/impl/source/resolve/ResolveCache$1
instanceKlass org/jetbrains/kotlin/com/intellij/psi/impl/AnyPsiChangeListener
instanceKlass org/jetbrains/kotlin/com/intellij/psi/impl/file/impl/FileManager
instanceKlass org/jetbrains/kotlin/com/intellij/openapi/wm/ex/ProgressIndicatorEx
instanceKlass java/util/concurrent/atomic/AtomicReferenceArray
instanceKlass org/jetbrains/kotlin/com/intellij/psi/ResolveResult
instanceKlass org/jetbrains/kotlin/com/intellij/psi/impl/source/resolve/ResolveCache$StrongValueReference
instanceKlass org/jetbrains/kotlin/com/intellij/util/containers/ConcurrentWeakKeySoftValueHashMap$ValueReference
instanceKlass org/jetbrains/kotlin/com/intellij/psi/PsiReference
instanceKlass org/jetbrains/kotlin/com/intellij/psi/impl/source/resolve/ResolveCache$AbstractResolver
instanceKlass org/jetbrains/kotlin/com/intellij/psi/impl/source/resolve/ResolveCache
instanceKlass org/jetbrains/kotlin/com/intellij/psi/impl/PsiModificationTrackerImpl$1
instanceKlass org/jetbrains/kotlin/com/intellij/openapi/project/DumbService$DumbModeListener
instanceKlass org/jetbrains/kotlin/com/intellij/openapi/project/DumbService
instanceKlass org/jetbrains/kotlin/com/intellij/psi/util/PsiModificationTracker$Listener
instanceKlass org/jetbrains/kotlin/com/intellij/psi/impl/PsiModificationTrackerImpl
instanceKlass org/jetbrains/kotlin/com/intellij/psi/util/PsiModificationTracker
instanceKlass org/jetbrains/kotlin/com/intellij/lang/jvm/facade/JvmElementProvider
instanceKlass org/jetbrains/kotlin/com/intellij/psi/PsiElementFinder
instanceKlass org/jetbrains/kotlin/com/intellij/psi/impl/PsiTreeChangePreprocessor
instanceKlass org/jetbrains/kotlin/com/intellij/openapi/roots/PackageIndex
instanceKlass org/jetbrains/kotlin/com/intellij/psi/impl/file/impl/JavaFileManager
instanceKlass org/jetbrains/kotlin/com/intellij/psi/impl/ResolveScopeManager
instanceKlass org/jetbrains/kotlin/com/intellij/openapi/roots/FileIndexFacade
instanceKlass org/jetbrains/kotlin/com/intellij/psi/search/ProjectScopeBuilder
instanceKlass org/jetbrains/kotlin/com/intellij/util/CachedValuesFactory
instanceKlass org/jetbrains/kotlin/com/intellij/openapi/project/Project
instanceKlass org/jetbrains/kotlin/com/intellij/core/CoreProjectEnvironment
instanceKlass org/jetbrains/kotlin/cli/jvm/compiler/KotlinCoreEnvironment$Companion$getOrCreateApplicationEnvironment$1$2
instanceKlass org/jetbrains/kotlin/com/intellij/openapi/application/TransactionGuard
instanceKlass org/jetbrains/kotlin/com/intellij/psi/util/JavaClassSupers
instanceKlass org/jetbrains/kotlin/load/kotlin/KotlinBinaryClassCache$Companion
instanceKlass org/jetbrains/kotlin/load/kotlin/KotlinBinaryClassCache
instanceKlass org/jetbrains/kotlin/psi/stubs/KotlinFileStub
instanceKlass org/jetbrains/kotlin/parsing/KotlinParserDefinition$Companion
instanceKlass org/jetbrains/kotlin/parsing/KotlinParserDefinition
instanceKlass sun/invoke/util/VerifyAccess$1
instanceKlass javax/swing/Icon
instanceKlass org/jetbrains/kotlin/com/intellij/util/keyFMap/OneElementFMap
instanceKlass org/jetbrains/kotlin/com/intellij/openapi/extensions/impl/ExtensionProcessingHelper
instanceKlass org/jetbrains/kotlin/com/intellij/openapi/util/BuildNumber
instanceKlass org/jetbrains/kotlin/com/intellij/ide/plugins/PluginContentDescriptor$Companion
instanceKlass org/jetbrains/kotlin/com/intellij/ide/plugins/PluginContentDescriptor
instanceKlass org/jetbrains/kotlin/com/intellij/ide/plugins/IdeaPluginDescriptorImpl$Companion
instanceKlass org/jetbrains/kotlin/com/intellij/ide/plugins/IdeaPluginDescriptorImpl
instanceKlass org/jetbrains/kotlin/com/intellij/ide/plugins/IdeaPluginDescriptor
instanceKlass org/jetbrains/kotlin/org/codehaus/stax2/ri/typed/ValueDecoderFactory
instanceKlass org/jetbrains/kotlin/com/fasterxml/aalto/in/ByteBasedPNameTable$Bucket
instanceKlass org/jetbrains/kotlin/com/intellij/openapi/extensions/ExtensionPointDescriptor
instanceKlass org/jetbrains/kotlin/com/fasterxml/aalto/util/DataUtil
instanceKlass kotlin/_Assertions
instanceKlass org/jetbrains/kotlin/com/fasterxml/aalto/in/ElementScope
instanceKlass org/jetbrains/kotlin/com/fasterxml/aalto/in/ByteBasedPNameFactory
instanceKlass org/jetbrains/kotlin/com/intellij/ide/plugins/ModuleDependenciesDescriptor$Companion
instanceKlass org/jetbrains/kotlin/com/intellij/ide/plugins/ModuleDependenciesDescriptor
instanceKlass org/jetbrains/kotlin/com/intellij/ide/plugins/ContainerDescriptor
instanceKlass org/jetbrains/kotlin/com/intellij/ide/plugins/RawPluginDescriptor
instanceKlass org/jetbrains/kotlin/com/fasterxml/aalto/util/BufferRecycler
instanceKlass org/jetbrains/kotlin/com/fasterxml/aalto/util/NameTable
instanceKlass org/jetbrains/kotlin/com/fasterxml/aalto/util/XmlCharTypes
instanceKlass org/jetbrains/kotlin/com/fasterxml/aalto/in/AttributeCollector
instanceKlass org/jetbrains/kotlin/com/fasterxml/aalto/util/TextBuilder
instanceKlass org/jetbrains/kotlin/com/fasterxml/aalto/in/FixedNsContext
instanceKlass org/jetbrains/kotlin/com/fasterxml/aalto/in/NsBinding
instanceKlass org/jetbrains/kotlin/com/fasterxml/aalto/in/PName
instanceKlass org/jetbrains/kotlin/org/codehaus/stax2/XMLStreamLocation2
instanceKlass org/jetbrains/kotlin/org/codehaus/stax2/typed/TypedValueDecoder
instanceKlass org/jetbrains/kotlin/com/fasterxml/aalto/stax/StreamReaderImpl
instanceKlass org/jetbrains/kotlin/org/codehaus/stax2/XMLStreamReader2
instanceKlass org/jetbrains/kotlin/org/codehaus/stax2/typed/TypedXMLStreamReader
instanceKlass javax/xml/stream/XMLStreamReader
instanceKlass org/jetbrains/kotlin/org/codehaus/stax2/LocationInfo
instanceKlass org/jetbrains/kotlin/com/fasterxml/aalto/in/XmlScanner
instanceKlass javax/xml/stream/XMLStreamConstants
instanceKlass javax/xml/namespace/NamespaceContext
instanceKlass javax/xml/stream/Location
instanceKlass org/jetbrains/kotlin/com/fasterxml/aalto/in/InputBootstrapper
instanceKlass org/jetbrains/kotlin/com/fasterxml/aalto/util/UriCanonicalizer
instanceKlass org/jetbrains/kotlin/com/fasterxml/aalto/in/ReaderConfig$EncodingContext
instanceKlass org/jetbrains/kotlin/com/fasterxml/aalto/impl/CommonConfig
instanceKlass org/jetbrains/kotlin/com/intellij/openapi/util/StaxFactory
instanceKlass org/jetbrains/kotlin/com/intellij/ide/plugins/XmlReader
instanceKlass org/jetbrains/kotlin/com/intellij/ide/plugins/JavaZipFileDataLoader
instanceKlass org/jetbrains/kotlin/com/intellij/platform/util/plugins/DataLoader
instanceKlass org/jetbrains/kotlin/com/intellij/util/lang/ZipFilePool
instanceKlass org/jetbrains/kotlin/com/intellij/ide/plugins/DescriptorListLoadingContext$threadLocalXmlFactory$1
instanceKlass org/jetbrains/kotlin/com/intellij/util/PlatformUtils
instanceKlass org/jetbrains/kotlin/com/intellij/ide/plugins/PluginDescriptorLoader$createPluginLoadingResult$1
instanceKlass org/jetbrains/kotlin/com/intellij/ide/plugins/PluginManagerCore
instanceKlass org/jetbrains/kotlin/com/intellij/ide/plugins/PluginLoadingResult
instanceKlass org/jetbrains/kotlin/com/intellij/ide/plugins/DescriptorListLoadingContext
instanceKlass org/jetbrains/kotlin/com/intellij/ide/plugins/ReadModuleContext
instanceKlass org/jetbrains/kotlin/com/intellij/ide/plugins/PluginXmlPathResolver$Companion
instanceKlass org/jetbrains/kotlin/com/intellij/ide/plugins/PluginXmlPathResolver
instanceKlass org/jetbrains/kotlin/com/intellij/ide/plugins/PathResolver
instanceKlass org/jetbrains/kotlin/com/intellij/ide/plugins/PluginDescriptorLoader
instanceKlass org/jetbrains/kotlin/com/intellij/psi/JavaModuleSystem
instanceKlass org/jetbrains/kotlin/com/intellij/psi/impl/compiled/ClsCustomNavigationPolicy
instanceKlass org/jetbrains/kotlin/cli/jvm/compiler/IdeaExtensionPoints
instanceKlass org/jetbrains/kotlin/com/intellij/psi/impl/smartPointers/SmartPointerAnchorProvider
instanceKlass org/jetbrains/kotlin/com/intellij/codeInsight/runner/JavaMainMethodProvider
instanceKlass org/jetbrains/kotlin/com/intellij/openapi/util/NotNullLazyValue
instanceKlass org/jetbrains/kotlin/com/intellij/psi/augment/PsiAugmentProvider
instanceKlass org/jetbrains/kotlin/com/intellij/psi/meta/MetaDataContributor
instanceKlass org/jetbrains/kotlin/com/intellij/psi/FileContextProvider
instanceKlass org/jetbrains/kotlin/cli/jvm/compiler/DummyJavaFileCodeStyleFacadeFactory
instanceKlass org/jetbrains/kotlin/com/intellij/psi/codeStyle/JavaFileCodeStyleFacadeFactory
instanceKlass org/jetbrains/kotlin/com/intellij/psi/FileViewProvider
instanceKlass org/jetbrains/kotlin/com/intellij/psi/compiled/ClsStubBuilder
instanceKlass org/jetbrains/kotlin/com/intellij/psi/compiled/ClassFileDecompilers$Full
instanceKlass java/util/TimSort
instanceKlass java/util/Arrays$LegacyMergeSort
instanceKlass java/lang/Class$AnnotationData
instanceKlass org/jetbrains/kotlin/com/intellij/openapi/components/Service
instanceKlass org/jetbrains/kotlin/com/intellij/psi/compiled/ClassFileDecompilers
instanceKlass org/jetbrains/kotlin/com/intellij/psi/compiled/ClassFileDecompilers$Decompiler
instanceKlass org/jetbrains/kotlin/com/intellij/psi/util/MethodSignature
instanceKlass org/jetbrains/kotlin/com/intellij/openapi/application/QueryExecutorBase
instanceKlass org/jetbrains/kotlin/com/intellij/util/QueryExecutor
instanceKlass org/jetbrains/kotlin/com/intellij/psi/search/searches/SuperMethodsSearch$1
instanceKlass org/jetbrains/kotlin/com/intellij/openapi/extensions/SmartExtensionPoint
instanceKlass org/jetbrains/kotlin/com/intellij/util/Query
instanceKlass org/jetbrains/kotlin/com/intellij/util/QueryFactory
instanceKlass org/jetbrains/kotlin/com/intellij/openapi/util/registry/RegistryValue
instanceKlass org/jetbrains/kotlin/com/intellij/openapi/util/registry/Registry
instanceKlass org/jetbrains/kotlin/com/intellij/lang/folding/FoldingBuilderEx
instanceKlass org/jetbrains/kotlin/com/intellij/openapi/project/PossiblyDumbAware
instanceKlass org/jetbrains/kotlin/com/intellij/openapi/project/DumbAware
instanceKlass org/jetbrains/kotlin/com/intellij/lang/folding/FoldingBuilder
instanceKlass org/jetbrains/kotlin/com/intellij/codeInsight/folding/JavaCodeFoldingSettings
instanceKlass org/jetbrains/kotlin/com/intellij/psi/PsiParameter
instanceKlass org/jetbrains/kotlin/com/intellij/lang/jvm/JvmParameter
instanceKlass org/jetbrains/kotlin/com/intellij/psi/presentation/java/VariablePresentationProvider
instanceKlass org/jetbrains/kotlin/com/intellij/psi/PsiLocalVariable
instanceKlass org/jetbrains/kotlin/com/intellij/psi/presentation/java/FieldPresentationProvider
instanceKlass org/jetbrains/kotlin/com/intellij/psi/PsiField
instanceKlass org/jetbrains/kotlin/com/intellij/psi/PsiVariable
instanceKlass org/jetbrains/kotlin/com/intellij/lang/jvm/JvmField
instanceKlass org/jetbrains/kotlin/com/intellij/psi/presentation/java/MethodPresentationProvider
instanceKlass org/jetbrains/kotlin/com/intellij/psi/PsiMethod
instanceKlass org/jetbrains/kotlin/com/intellij/psi/PsiParameterListOwner
instanceKlass org/jetbrains/kotlin/com/intellij/lang/jvm/JvmMethod
instanceKlass org/jetbrains/kotlin/com/intellij/psi/presentation/java/ClassPresentationProvider
instanceKlass org/jetbrains/kotlin/com/intellij/psi/PsiClass
instanceKlass org/jetbrains/kotlin/com/intellij/psi/PsiTypeParameterListOwner
instanceKlass org/jetbrains/kotlin/com/intellij/psi/PsiJvmMember
instanceKlass org/jetbrains/kotlin/com/intellij/psi/PsiTarget
instanceKlass org/jetbrains/kotlin/com/intellij/psi/PsiNameIdentifierOwner
instanceKlass org/jetbrains/kotlin/com/intellij/psi/PsiDocCommentOwner
instanceKlass org/jetbrains/kotlin/com/intellij/psi/PsiMember
instanceKlass org/jetbrains/kotlin/com/intellij/psi/PsiJavaDocumentedElement
instanceKlass org/jetbrains/kotlin/com/intellij/pom/PomRenameableTarget
instanceKlass org/jetbrains/kotlin/com/intellij/pom/PomNamedTarget
instanceKlass org/jetbrains/kotlin/com/intellij/pom/PomTarget
instanceKlass org/jetbrains/kotlin/com/intellij/lang/jvm/JvmClass
instanceKlass org/jetbrains/kotlin/com/intellij/lang/jvm/JvmTypeParametersOwner
instanceKlass org/jetbrains/kotlin/com/intellij/lang/jvm/JvmMember
instanceKlass org/jetbrains/kotlin/com/intellij/lang/jvm/JvmTypeDeclaration
instanceKlass org/jetbrains/kotlin/com/intellij/navigation/ItemPresentation
instanceKlass org/jetbrains/kotlin/com/intellij/psi/presentation/java/PackagePresentationProvider
instanceKlass org/jetbrains/kotlin/com/intellij/navigation/ItemPresentationProvider
instanceKlass org/jetbrains/kotlin/com/intellij/psi/PsiPackage
instanceKlass org/jetbrains/kotlin/com/intellij/psi/PsiQualifiedNamedElement
instanceKlass org/jetbrains/kotlin/com/intellij/psi/PsiJvmModifiersOwner
instanceKlass org/jetbrains/kotlin/com/intellij/psi/PsiModifierListOwner
instanceKlass org/jetbrains/kotlin/com/intellij/lang/jvm/JvmModifiersOwner
instanceKlass org/jetbrains/kotlin/com/intellij/psi/PsiDirectoryContainer
instanceKlass org/jetbrains/kotlin/com/intellij/lang/jvm/JvmPackage
instanceKlass org/jetbrains/kotlin/com/intellij/lang/jvm/JvmNamedElement
instanceKlass org/jetbrains/kotlin/com/intellij/lang/jvm/JvmAnnotatedElement
instanceKlass org/jetbrains/kotlin/com/intellij/lang/jvm/JvmElement
instanceKlass org/jetbrains/kotlin/com/intellij/openapi/projectRoots/JavaVersionService
instanceKlass org/jetbrains/kotlin/com/intellij/psi/JavaDirectoryService
instanceKlass org/jetbrains/kotlin/com/intellij/psi/PsiSubstitutor
instanceKlass org/jetbrains/kotlin/com/intellij/psi/PsiSubstitutorFactory
instanceKlass org/jetbrains/kotlin/com/intellij/openapi/util/ModificationTracker$1
instanceKlass org/jetbrains/kotlin/com/intellij/psi/impl/file/PsiPackageImplementationHelper
instanceKlass org/jetbrains/kotlin/com/intellij/util/graph/InboundSemiGraph
instanceKlass org/jetbrains/kotlin/com/intellij/openapi/extensions/LoadingOrder
instanceKlass org/jetbrains/kotlin/com/intellij/codeInsight/JavaContainerProvider
instanceKlass org/jetbrains/kotlin/com/intellij/codeInsight/ContainerProvider
instanceKlass org/jetbrains/kotlin/com/intellij/psi/impl/PsiExpressionEvaluator
instanceKlass org/jetbrains/kotlin/com/intellij/psi/impl/ConstantExpressionEvaluator
instanceKlass org/jetbrains/kotlin/com/intellij/psi/stubs/IndexSink
instanceKlass org/jetbrains/kotlin/com/intellij/util/diff/FlyweightCapableTreeStructure
instanceKlass org/jetbrains/kotlin/com/intellij/psi/impl/java/stubs/PsiJavaFileStub
instanceKlass org/jetbrains/kotlin/com/intellij/psi/stubs/PsiClassHolderFileStub
instanceKlass org/jetbrains/kotlin/com/intellij/psi/stubs/LightStubBuilder
instanceKlass org/jetbrains/kotlin/com/intellij/psi/stubs/PsiFileStub
instanceKlass org/jetbrains/kotlin/com/intellij/psi/stubs/StubElement
instanceKlass org/jetbrains/kotlin/com/intellij/psi/stubs/Stub
instanceKlass org/jetbrains/kotlin/com/intellij/psi/StubBuilder
instanceKlass org/jetbrains/kotlin/com/intellij/openapi/util/ClearableLazyValue
instanceKlass org/jetbrains/kotlin/com/intellij/psi/stubs/StubSerializer
instanceKlass org/jetbrains/kotlin/com/intellij/psi/stubs/ObjectStubSerializer
instanceKlass org/jetbrains/kotlin/com/intellij/lang/java/JavaParserDefinition
instanceKlass org/jetbrains/kotlin/com/intellij/psi/javadoc/PsiDocToken
instanceKlass org/jetbrains/kotlin/com/intellij/psi/PsiKeyword
instanceKlass org/jetbrains/kotlin/com/intellij/psi/PsiIdentifier
instanceKlass org/jetbrains/kotlin/com/intellij/psi/PsiJavaToken
instanceKlass org/jetbrains/kotlin/com/intellij/psi/javadoc/PsiDocTagValue
instanceKlass org/jetbrains/kotlin/com/intellij/psi/impl/compiled/ClassFileStubBuilder
instanceKlass org/jetbrains/kotlin/com/intellij/psi/stubs/BinaryFileStubBuilder$CompositeBinaryFileStubBuilder
instanceKlass org/jetbrains/kotlin/com/intellij/psi/stubs/BinaryFileStubBuilder
instanceKlass org/jetbrains/kotlin/com/intellij/psi/ClassFileViewProviderFactory
instanceKlass org/jetbrains/kotlin/com/intellij/psi/FileViewProviderFactory
instanceKlass org/jetbrains/kotlin/com/intellij/openapi/util/Condition$3
instanceKlass org/jetbrains/kotlin/com/intellij/openapi/util/Condition$2
instanceKlass org/jetbrains/kotlin/com/intellij/openapi/util/Condition$1
instanceKlass org/jetbrains/kotlin/com/intellij/openapi/util/Condition
instanceKlass org/jetbrains/kotlin/com/intellij/openapi/util/Conditions
instanceKlass org/jetbrains/kotlin/com/intellij/psi/tree/IElementType$Predicate
instanceKlass org/jetbrains/kotlin/com/intellij/lexer/Lexer
instanceKlass org/jetbrains/kotlin/com/intellij/openapi/fileTypes/PlainTextParserDefinition
instanceKlass org/jetbrains/kotlin/com/intellij/lang/LanguageUtil
instanceKlass org/jetbrains/kotlin/com/intellij/psi/PsiPlainText
instanceKlass org/jetbrains/kotlin/com/intellij/lang/ASTFactory$DefaultFactoryHolder
instanceKlass org/jetbrains/kotlin/com/intellij/ide/highlighter/ArchiveFileType
instanceKlass java/util/concurrent/ExecutorService
instanceKlass java/util/concurrent/BlockingQueue
instanceKlass org/jetbrains/kotlin/com/intellij/util/ConcurrencyUtil
instanceKlass org/jetbrains/kotlin/com/intellij/openapi/fileTypes/LanguageFileType
instanceKlass org/jetbrains/kotlin/com/intellij/ide/highlighter/JavaClassFileType
instanceKlass org/jetbrains/kotlin/com/intellij/DynamicBundle$LanguageBundleEP
instanceKlass org/jetbrains/kotlin/com/intellij/util/pico/CachingConstructorInjectionComponentAdapter
instanceKlass org/jetbrains/kotlin/com/intellij/openapi/application/ApplicationInfo
instanceKlass org/jetbrains/kotlin/com/intellij/util/graph/GraphAlgorithms
instanceKlass org/jetbrains/kotlin/com/intellij/openapi/command/impl/CoreCommandProcessor$1
instanceKlass org/jetbrains/kotlin/com/intellij/openapi/command/CommandListener
instanceKlass org/jetbrains/kotlin/com/intellij/openapi/command/CommandToken
instanceKlass org/jetbrains/kotlin/com/intellij/openapi/command/CommandProcessor
instanceKlass org/jetbrains/kotlin/com/intellij/codeInsight/folding/CodeFoldingSettings
instanceKlass org/jetbrains/kotlin/com/intellij/util/ObjectUtils$Sentinel
instanceKlass org/jetbrains/kotlin/com/intellij/util/ObjectUtilsRt
instanceKlass org/jetbrains/kotlin/com/intellij/util/containers/ConcurrentIntObjectHashMap$CounterCell
instanceKlass org/jetbrains/kotlin/com/intellij/util/containers/ConcurrentLongObjectHashMap$Node
instanceKlass org/jetbrains/kotlin/com/intellij/util/containers/ConcurrentLongObjectMap$LongEntry
instanceKlass org/jetbrains/kotlin/com/intellij/util/containers/ConcurrentLongObjectHashMap
instanceKlass java/util/concurrent/Future
instanceKlass org/jetbrains/kotlin/com/intellij/openapi/progress/PerformInBackgroundOption
instanceKlass org/jetbrains/kotlin/com/intellij/openapi/progress/ProgressIndicator
instanceKlass org/jetbrains/kotlin/com/intellij/openapi/progress/Task
instanceKlass org/jetbrains/kotlin/com/intellij/openapi/progress/TaskInfo
instanceKlass org/jetbrains/kotlin/com/intellij/openapi/progress/Progressive
instanceKlass org/jetbrains/kotlin/com/intellij/psi/PsiReferenceService
instanceKlass org/jetbrains/kotlin/com/intellij/psi/stubs/ObjectStubTree
instanceKlass org/jetbrains/kotlin/com/intellij/psi/PsiFile
instanceKlass org/jetbrains/kotlin/com/intellij/psi/PsiFileSystemItem
instanceKlass org/jetbrains/kotlin/com/intellij/psi/PsiCheckedRenameElement
instanceKlass org/jetbrains/kotlin/com/intellij/psi/PsiNamedElement
instanceKlass org/jetbrains/kotlin/com/intellij/psi/NavigatablePsiElement
instanceKlass org/jetbrains/kotlin/com/intellij/psi/stubs/StubTreeLoader
instanceKlass org/jetbrains/kotlin/com/intellij/psi/PsiReferenceProviderBean
instanceKlass org/jetbrains/kotlin/com/intellij/psi/PsiReferenceContributor
instanceKlass org/jetbrains/kotlin/it/unimi/dsi/fastutil/doubles/Double2ObjectMap
instanceKlass org/jetbrains/kotlin/it/unimi/dsi/fastutil/doubles/Double2ObjectFunction
instanceKlass java/util/function/DoubleFunction
instanceKlass org/jetbrains/kotlin/com/intellij/psi/PsiReferenceRegistrar
instanceKlass org/jetbrains/kotlin/com/intellij/psi/PsiReferenceProvider
instanceKlass org/jetbrains/kotlin/com/intellij/psi/impl/source/resolve/reference/ReferenceProvidersRegistry
instanceKlass org/jetbrains/kotlin/com/intellij/lang/PsiBuilder
instanceKlass org/jetbrains/kotlin/com/intellij/openapi/util/UserDataHolderUnprotected
instanceKlass org/jetbrains/kotlin/com/intellij/lang/SyntaxTreeBuilder
instanceKlass org/jetbrains/kotlin/com/intellij/lang/PsiBuilderFactory
instanceKlass jdk/internal/reflect/UnsafeFieldAccessorFactory
instanceKlass sun/misc/Unsafe
instanceKlass org/jetbrains/kotlin/com/intellij/util/ReflectionUtil
instanceKlass org/jetbrains/kotlin/com/intellij/psi/CommonClassNames
instanceKlass org/jetbrains/kotlin/com/intellij/util/text/CharArrayCharSequence
instanceKlass org/jetbrains/kotlin/com/intellij/util/text/CharSequenceBackedByArray
instanceKlass org/jetbrains/kotlin/com/intellij/openapi/util/text/CharSequenceWithStringHash
instanceKlass org/jetbrains/kotlin/com/intellij/openapi/util/text/Strings
instanceKlass java/util/regex/ASCII
instanceKlass org/jetbrains/kotlin/com/intellij/openapi/util/text/StringUtilRt
instanceKlass org/jetbrains/kotlin/com/intellij/psi/impl/source/CharTableImpl
instanceKlass org/jetbrains/kotlin/com/intellij/psi/PsiLanguageInjectionHost
instanceKlass org/jetbrains/kotlin/com/intellij/psi/PsiComment
instanceKlass org/jetbrains/kotlin/com/intellij/model/psi/UrlReferenceHost
instanceKlass org/jetbrains/kotlin/com/intellij/model/psi/PsiExternalReferenceHost
instanceKlass org/jetbrains/kotlin/com/intellij/navigation/NavigationItem
instanceKlass org/jetbrains/kotlin/com/intellij/pom/Navigatable
instanceKlass org/jetbrains/kotlin/com/intellij/psi/PsiWhiteSpace
instanceKlass org/jetbrains/kotlin/com/intellij/psi/PsiElement
instanceKlass org/jetbrains/kotlin/com/intellij/psi/tree/ILazyParseableElementTypeBase
instanceKlass org/jetbrains/kotlin/com/intellij/psi/tree/IElementType
instanceKlass org/jetbrains/kotlin/com/intellij/lang/FileASTNode
instanceKlass org/jetbrains/kotlin/com/intellij/openapi/util/Iconable
instanceKlass org/jetbrains/kotlin/com/intellij/psi/impl/ReparseableASTNode
instanceKlass org/jetbrains/kotlin/com/intellij/lang/ASTNode
instanceKlass org/jetbrains/kotlin/com/intellij/util/CharTable
instanceKlass org/jetbrains/kotlin/com/intellij/lang/ASTFactory
instanceKlass org/jetbrains/kotlin/com/intellij/lang/DefaultASTFactory
instanceKlass org/jetbrains/kotlin/com/intellij/openapi/vfs/encoding/EncodingRegistry
instanceKlass java/util/Collections$UnmodifiableMap$UnmodifiableEntrySet$UnmodifiableEntry
instanceKlass java/util/Collections$UnmodifiableMap$UnmodifiableEntrySet$1
instanceKlass org/jetbrains/kotlin/com/intellij/serviceContainer/LazyExtensionInstance
instanceKlass org/jetbrains/kotlin/com/intellij/openapi/extensions/PluginAware
instanceKlass org/jetbrains/kotlin/com/intellij/util/KeyedLazyInstance
instanceKlass org/jetbrains/kotlin/com/intellij/openapi/vfs/impl/BulkVirtualFileListenerAdapter
instanceKlass org/jetbrains/kotlin/com/intellij/util/messages/impl/BaseBusConnection
instanceKlass org/jetbrains/kotlin/com/intellij/util/messages/impl/MessageBusImpl$MessageHandlerHolder
instanceKlass org/jetbrains/kotlin/com/intellij/openapi/vfs/newvfs/CachingVirtualFileSystem
instanceKlass java/util/concurrent/atomic/AtomicBoolean
instanceKlass java/util/concurrent/atomic/AtomicLongFieldUpdater$CASUpdater$1
instanceKlass java/util/concurrent/atomic/AtomicLongFieldUpdater
instanceKlass org/jetbrains/kotlin/com/intellij/openapi/vfs/newvfs/BulkFileListener
instanceKlass org/jetbrains/kotlin/com/intellij/util/messages/Topic
instanceKlass org/jetbrains/kotlin/com/intellij/openapi/vfs/VirtualFileManager
instanceKlass org/jetbrains/kotlin/com/intellij/openapi/util/EmptyRunnable
instanceKlass org/jetbrains/kotlin/com/intellij/openapi/extensions/impl/ExtensionComponentAdapter
instanceKlass org/jetbrains/kotlin/com/intellij/openapi/extensions/LoadingOrder$Orderable
instanceKlass org/jetbrains/kotlin/com/intellij/openapi/extensions/ExtensionPointAdapter
instanceKlass org/jetbrains/kotlin/com/intellij/openapi/extensions/ExtensionPointAndAreaListener
instanceKlass org/jetbrains/kotlin/com/intellij/openapi/extensions/ExtensionPointListener
instanceKlass org/jetbrains/kotlin/com/intellij/openapi/extensions/PluginId
instanceKlass org/jetbrains/kotlin/com/intellij/openapi/extensions/DefaultPluginDescriptor
instanceKlass org/jetbrains/kotlin/com/intellij/openapi/vfs/VirtualFileManagerListener
instanceKlass java/util/EventObject
instanceKlass org/jetbrains/kotlin/com/intellij/openapi/editor/ex/DocumentEx
instanceKlass org/jetbrains/kotlin/com/intellij/openapi/editor/Document
instanceKlass org/jetbrains/kotlin/com/intellij/openapi/fileEditor/FileDocumentManager
instanceKlass org/jetbrains/kotlin/cli/jvm/modules/CoreJrtFileSystem$Companion
instanceKlass org/jetbrains/kotlin/com/intellij/util/containers/ConcurrentFactoryMap
instanceKlass org/jetbrains/kotlin/com/intellij/openapi/vfs/impl/ArchiveHandler
instanceKlass org/jetbrains/kotlin/com/intellij/util/Function
instanceKlass org/jetbrains/kotlin/com/intellij/util/EventDispatcher
instanceKlass org/jetbrains/kotlin/com/intellij/openapi/vfs/VirtualFileListener
instanceKlass org/jetbrains/kotlin/com/intellij/openapi/extensions/BaseExtensionPointName
instanceKlass java/util/EventListener
instanceKlass org/jetbrains/kotlin/com/intellij/openapi/application/CachedSingletonsRegistry
instanceKlass org/jetbrains/kotlin/com/intellij/util/ArrayUtil
instanceKlass org/jetbrains/kotlin/com/intellij/util/ArrayFactory
instanceKlass org/jetbrains/kotlin/com/intellij/openapi/extensions/Extensions
instanceKlass org/jetbrains/kotlin/com/intellij/openapi/util/ObjectNode
instanceKlass org/jetbrains/kotlin/com/intellij/openapi/util/Disposer$CheckedDisposableImpl
instanceKlass org/jetbrains/kotlin/com/intellij/openapi/util/CheckedDisposable
instanceKlass org/jetbrains/kotlin/com/intellij/openapi/extensions/impl/ImplementationClassResolver
instanceKlass org/jetbrains/kotlin/com/intellij/openapi/extensions/impl/ExtensionPointImpl
instanceKlass org/jetbrains/kotlin/com/intellij/openapi/extensions/ExtensionPoint
instanceKlass org/jetbrains/kotlin/com/intellij/openapi/extensions/impl/ExtensionsAreaImpl
instanceKlass org/jetbrains/kotlin/com/intellij/util/pico/DefaultPicoContainer$InstanceComponentAdapter
instanceKlass org/jetbrains/kotlin/com/intellij/util/pico/DefaultPicoContainer$LinkedHashSetWrapper
instanceKlass org/jetbrains/kotlin/org/picocontainer/ComponentAdapter
instanceKlass org/jetbrains/kotlin/com/intellij/util/ArrayUtilRt
instanceKlass java/util/concurrent/ConcurrentLinkedQueue$Node
instanceKlass org/jetbrains/kotlin/com/intellij/util/messages/impl/MessageQueue
instanceKlass java/util/concurrent/Executor
instanceKlass org/jetbrains/kotlin/com/intellij/util/messages/impl/MessageBusImpl$MessagePublisher
instanceKlass org/jetbrains/kotlin/com/intellij/util/messages/MessageBusConnection
instanceKlass org/jetbrains/kotlin/com/intellij/util/messages/SimpleMessageBusConnection
instanceKlass org/jetbrains/kotlin/com/intellij/util/messages/impl/MessageBusImpl
instanceKlass org/jetbrains/kotlin/com/intellij/util/messages/impl/MessageBusEx
instanceKlass org/jetbrains/kotlin/com/intellij/util/messages/MessageBusFactory
instanceKlass org/jetbrains/kotlin/com/intellij/util/keyFMap/DebugFMap
instanceKlass org/jetbrains/kotlin/com/intellij/util/keyFMap/EmptyFMap
instanceKlass org/jetbrains/kotlin/com/intellij/util/keyFMap/KeyFMap
instanceKlass org/jetbrains/kotlin/com/intellij/openapi/application/ModalityState
instanceKlass org/jetbrains/kotlin/com/intellij/openapi/extensions/ExtensionsArea
instanceKlass org/jetbrains/kotlin/com/intellij/util/pico/DefaultPicoContainer
instanceKlass org/jetbrains/kotlin/org/picocontainer/MutablePicoContainer
instanceKlass org/jetbrains/kotlin/org/picocontainer/PicoContainer
instanceKlass org/jetbrains/kotlin/com/intellij/util/messages/MessageBus
instanceKlass org/jetbrains/kotlin/com/intellij/openapi/fileTypes/UnknownFileType
instanceKlass org/jetbrains/kotlin/com/intellij/util/containers/FastUtilCaseInsensitiveStringHashingStrategy
instanceKlass org/jetbrains/kotlin/com/intellij/util/containers/FastUtilHashingStrategies$1
instanceKlass org/jetbrains/kotlin/com/intellij/util/containers/FastUtilHashingStrategies$SerializableHashStrategy
instanceKlass org/jetbrains/kotlin/com/intellij/util/containers/FastUtilCharSequenceHashingStrategy
instanceKlass org/jetbrains/kotlin/com/intellij/util/containers/FastUtilHashingStrategies
instanceKlass org/jetbrains/kotlin/com/intellij/openapi/util/SystemInfoRt
instanceKlass org/jetbrains/kotlin/com/intellij/openapi/util/Getter
instanceKlass org/jetbrains/kotlin/com/intellij/ide/plugins/DisabledPluginsState
instanceKlass org/jetbrains/kotlin/cli/jvm/compiler/KotlinCoreApplicationEnvironment$Companion
instanceKlass org/jetbrains/kotlin/com/intellij/lang/ParserDefinition
instanceKlass org/jetbrains/kotlin/com/intellij/openapi/fileTypes/FileType
instanceKlass org/jetbrains/kotlin/com/intellij/openapi/util/SimpleModificationTracker
instanceKlass org/jetbrains/kotlin/com/intellij/openapi/vfs/VirtualFileSystem
instanceKlass org/jetbrains/kotlin/com/intellij/openapi/progress/ProgressIndicatorProvider
instanceKlass org/jetbrains/kotlin/com/intellij/concurrency/JobLauncher
instanceKlass org/jetbrains/kotlin/com/intellij/openapi/util/UserDataHolderEx
instanceKlass org/jetbrains/kotlin/com/intellij/util/messages/MessageBusOwner
instanceKlass org/jetbrains/kotlin/com/intellij/openapi/application/ex/ApplicationEx
instanceKlass org/jetbrains/kotlin/com/intellij/openapi/util/KeyedExtensionCollector
instanceKlass org/jetbrains/kotlin/com/intellij/openapi/util/ModificationTracker
instanceKlass org/jetbrains/kotlin/com/intellij/openapi/extensions/PluginDescriptor
instanceKlass org/jetbrains/kotlin/com/intellij/openapi/fileTypes/FileTypeRegistry
instanceKlass org/jetbrains/kotlin/com/intellij/openapi/application/Application
instanceKlass org/jetbrains/kotlin/com/intellij/openapi/components/ComponentManager
instanceKlass org/jetbrains/kotlin/com/intellij/openapi/util/UserDataHolder
instanceKlass org/jetbrains/kotlin/com/intellij/openapi/extensions/AreaInstance
instanceKlass org/jetbrains/kotlin/com/intellij/core/CoreApplicationEnvironment
instanceKlass org/jetbrains/kotlin/com/intellij/openapi/util/Disposer$2
instanceKlass org/jetbrains/kotlin/cli/jvm/compiler/KotlinCoreEnvironment$Companion
instanceKlass org/jetbrains/kotlin/cli/jvm/compiler/KotlinCoreEnvironment
instanceKlass org/jetbrains/kotlin/cli/jvm/config/JvmContentRootsKt
instanceKlass org/jetbrains/kotlin/cli/jvm/config/JvmClasspathRoot
instanceKlass org/jetbrains/kotlin/cli/jvm/config/JvmContentRoot
instanceKlass org/jetbrains/kotlin/cli/jvm/config/JvmClasspathRootBase
instanceKlass org/jetbrains/kotlin/cli/jvm/config/JvmContentRootBase
instanceKlass org/jetbrains/kotlin/cli/common/config/KotlinSourceRoot
instanceKlass org/jetbrains/kotlin/cli/common/config/ContentRoot
instanceKlass org/jetbrains/kotlin/cli/common/config/ContentRootsKt
instanceKlass org/jetbrains/kotlin/cli/jvm/compiler/KotlinToJVMBytecodeCompilerKt
instanceKlass org/jetbrains/kotlin/cli/common/modules/ModuleChunk
instanceKlass org/jetbrains/kotlin/cli/jvm/compiler/CliCompilerUtilsKt
instanceKlass org/jetbrains/kotlin/cli/common/modules/ModuleBuilder
instanceKlass org/jetbrains/kotlin/modules/Module
instanceKlass org/jetbrains/kotlin/cli/jvm/K2JVMCompilerKt
instanceKlass org/jetbrains/kotlin/config/JvmSerializeIrMode$Companion
instanceKlass org/jetbrains/kotlin/config/JvmAbiStability$Companion
instanceKlass com/google/devtools/ksp/KspOptionsKt$WhenMappings
instanceKlass com/google/devtools/ksp/KspOptionsKt
instanceKlass com/google/devtools/ksp/KspOptions$Builder
instanceKlass com/google/devtools/ksp/KotlinSymbolProcessingPluginKt
instanceKlass org/jetbrains/kotlin/com/intellij/util/containers/MultiMap
instanceKlass kotlin/ranges/RangesKt__RangesKt
instanceKlass org/jetbrains/kotlin/compiler/plugin/CliOptionValue
instanceKlass java/util/regex/IntHashSet
instanceKlass java/util/regex/Matcher
instanceKlass java/util/regex/MatchResult
instanceKlass org/jetbrains/kotlin/compiler/plugin/CliOptionsKt
instanceKlass org/jetbrains/kotlin/compiler/plugin/AbstractCliOption
instanceKlass com/google/devtools/ksp/KotlinSymbolProcessingCommandLineProcessor
instanceKlass org/jetbrains/kotlin/compiler/plugin/CommandLineProcessor
instanceKlass org/jetbrains/kotlin/compiler/plugin/CompilerPluginRegistrar$Companion
instanceKlass org/jetbrains/kotlin/compiler/plugin/CompilerPluginRegistrar
instanceKlass org/jetbrains/kotlin/compiler/plugin/ComponentRegistrar$Companion
instanceKlass com/google/devtools/ksp/KotlinSymbolProcessingComponentRegistrar
instanceKlass java/io/FilePermissionCollection$1
instanceKlass java/io/FilePermission$1
instanceKlass jdk/internal/access/JavaIOFilePermissionAccess
instanceKlass sun/net/www/MessageHeader
instanceKlass java/net/URLClassLoader$1
instanceKlass java/io/RandomAccessFile$1
instanceKlass kotlin/io/LinesSequence$iterator$1
instanceKlass kotlin/io/LinesSequence
instanceKlass kotlin/io/TextStreamsKt
instanceKlass kotlin/io/FilesKt__FilePathComponentsKt
instanceKlass sun/nio/fs/WindowsUriSupport
instanceKlass org/jetbrains/kotlin/compiler/plugin/ComponentRegistrar
instanceKlass org/jetbrains/kotlin/util/ServiceLoaderLite
instanceKlass org/jetbrains/kotlin/cli/common/CLICompilerKt
instanceKlass org/jetbrains/kotlin/cli/jvm/plugins/PluginCliParser
instanceKlass org/jetbrains/kotlin/cli/plugins/PluginsOptionsParserKt
instanceKlass org/jetbrains/kotlin/backend/common/phaser/PhaseConfig
instanceKlass org/jetbrains/kotlin/backend/common/phaser/PhaseConfigurationService
instanceKlass org/jetbrains/kotlin/backend/common/phaser/PhaseConfigKt
instanceKlass org/jetbrains/kotlin/cli/common/CreatePhaseConfigKt
instanceKlass org/jetbrains/kotlin/backend/jvm/lower/ReflectiveAccessKt
instanceKlass org/jetbrains/kotlin/backend/jvm/lower/FragmentLocalFunctionPatchLoweringKt
instanceKlass org/jetbrains/kotlin/backend/jvm/lower/ResolveInlineCallsKt
instanceKlass org/jetbrains/kotlin/backend/jvm/lower/GenerateMultifileFacadesKt
instanceKlass org/jetbrains/kotlin/backend/jvm/lower/FileClassLoweringKt
instanceKlass org/jetbrains/kotlin/backend/jvm/lower/ScriptLoweringKt
instanceKlass org/jetbrains/kotlin/backend/jvm/lower/SerializeIrPhaseKt
instanceKlass org/jetbrains/kotlin/backend/jvm/lower/ProcessOptionalAnnotationsKt
instanceKlass org/jetbrains/kotlin/backend/jvm/lower/FragmentSharedVariablesLoweringKt
instanceKlass org/jetbrains/kotlin/backend/jvm/lower/ExternalPackageParentPatcherLoweringKt
instanceKlass org/jetbrains/kotlin/backend/jvm/lower/FakeLocalVariablesForIrInlinerLoweringKt
instanceKlass org/jetbrains/kotlin/backend/jvm/lower/FakeLocalVariablesForBytecodeInlinerLoweringKt
instanceKlass org/jetbrains/kotlin/backend/jvm/lower/RenameFieldsLoweringKt
instanceKlass org/jetbrains/kotlin/backend/jvm/lower/ReplaceNumberToCharCallSitesLoweringKt
instanceKlass org/jetbrains/kotlin/backend/jvm/lower/AddSuperQualifierToJavaFieldAccessLoweringKt
instanceKlass org/jetbrains/kotlin/backend/jvm/lower/MakePropertyDelegateMethodsStaticLoweringKt
instanceKlass org/jetbrains/kotlin/backend/jvm/lower/ReplaceKFunctionInvokeWithFunctionInvokeKt
instanceKlass org/jetbrains/kotlin/backend/jvm/lower/TypeOperatorLoweringKt
instanceKlass org/jetbrains/kotlin/backend/jvm/lower/RecordEnclosingMethodsLoweringKt
instanceKlass org/jetbrains/kotlin/backend/jvm/lower/RepeatedAnnotationLoweringKt
instanceKlass org/jetbrains/kotlin/backend/jvm/lower/AdditionalClassAnnotationLoweringKt
instanceKlass org/jetbrains/kotlin/backend/jvm/lower/JvmOptimizationLoweringKt
instanceKlass org/jetbrains/kotlin/backend/jvm/lower/JvmSafeCallChainFoldingLoweringKt
instanceKlass org/jetbrains/kotlin/backend/jvm/lower/ToArrayLoweringKt
instanceKlass org/jetbrains/kotlin/backend/jvm/lower/JvmArgumentNullabilityAssertionsLoweringKt
instanceKlass org/jetbrains/kotlin/backend/jvm/lower/BridgeLoweringKt
instanceKlass org/jetbrains/kotlin/backend/jvm/lower/FunctionNVarargBridgeLoweringKt
instanceKlass org/jetbrains/kotlin/backend/jvm/lower/UniqueLoopLabelsLoweringKt
instanceKlass org/jetbrains/kotlin/backend/jvm/lower/EnumExternalEntriesLoweringKt
instanceKlass org/jetbrains/kotlin/backend/jvm/lower/EnumClassLoweringKt
instanceKlass org/jetbrains/kotlin/backend/jvm/lower/AddContinuationLoweringKt
instanceKlass org/jetbrains/kotlin/backend/jvm/lower/TailCallOptimizationLoweringKt
instanceKlass org/jetbrains/kotlin/backend/jvm/lower/InheritedDefaultMethodsOnClassesLoweringKt
instanceKlass org/jetbrains/kotlin/backend/jvm/lower/JvmStringConcatenationLoweringKt
instanceKlass org/jetbrains/kotlin/backend/common/lower/FlattenStringConcatenationLoweringKt
instanceKlass org/jetbrains/kotlin/backend/jvm/lower/JvmDefaultConstructorLoweringKt
instanceKlass org/jetbrains/kotlin/backend/jvm/lower/StaticCallableReferenceLoweringKt
instanceKlass org/jetbrains/kotlin/backend/jvm/lower/SingletonReferencesLoweringKt
instanceKlass org/jetbrains/kotlin/backend/jvm/lower/MappedEnumWhenLoweringKt
instanceKlass org/jetbrains/kotlin/backend/jvm/lower/JvmInlineClassLoweringKt
instanceKlass org/jetbrains/kotlin/backend/jvm/lower/JvmMultiFieldValueClassLoweringKt
instanceKlass org/jetbrains/kotlin/backend/jvm/lower/JvmSingleAbstractMethodLoweringKt
instanceKlass org/jetbrains/kotlin/backend/jvm/lower/CollectionStubMethodLoweringKt
instanceKlass org/jetbrains/kotlin/backend/common/lower/loops/ForLoopsLoweringKt
instanceKlass org/jetbrains/kotlin/backend/common/lower/RangeContainsLoweringKt
instanceKlass org/jetbrains/kotlin/backend/jvm/lower/JvmBuiltInsLoweringKt
instanceKlass org/jetbrains/kotlin/backend/jvm/lower/AnonymousObjectSuperConstructorLoweringKt
instanceKlass org/jetbrains/kotlin/backend/jvm/lower/MoveCompanionObjectFieldsLoweringKt
instanceKlass org/jetbrains/kotlin/backend/jvm/lower/PropertyReferenceLoweringKt
instanceKlass org/jetbrains/kotlin/backend/jvm/lower/SingletonOrConstantDelegationLoweringKt
instanceKlass org/jetbrains/kotlin/backend/jvm/lower/PropertyReferenceDelegationLoweringKt
instanceKlass org/jetbrains/kotlin/backend/jvm/lower/SuspendLambdaLoweringKt
instanceKlass org/jetbrains/kotlin/backend/jvm/lower/RemoveDuplicatedInlinedLocalClassesLoweringKt
instanceKlass org/jetbrains/kotlin/backend/jvm/lower/JvmInventNamesForLocalClassesKt
instanceKlass org/jetbrains/kotlin/backend/jvm/lower/JvmLateinitLoweringKt
instanceKlass org/jetbrains/kotlin/builtins/PrimitiveType$Companion
instanceKlass sun/reflect/misc/ReflectUtil
instanceKlass java/util/concurrent/atomic/AtomicReferenceFieldUpdater$AtomicReferenceFieldUpdaterImpl$1
instanceKlass java/util/concurrent/atomic/AtomicReferenceFieldUpdater
instanceKlass kotlin/SafePublicationLazyImpl$Companion
instanceKlass kotlin/SafePublicationLazyImpl
instanceKlass kotlin/LazyKt__LazyJVMKt$WhenMappings
instanceKlass org/jetbrains/kotlin/backend/jvm/lower/VarargLoweringKt
instanceKlass org/jetbrains/kotlin/backend/jvm/lower/PolymorphicSignatureLoweringKt
instanceKlass org/jetbrains/kotlin/backend/jvm/lower/JvmAnnotationImplementationTransformerKt
instanceKlass org/jetbrains/kotlin/backend/jvm/lower/AnnotationLoweringKt
instanceKlass org/jetbrains/kotlin/backend/jvm/lower/MainMethodGenerationLoweringKt
instanceKlass org/jetbrains/kotlin/backend/jvm/lower/JvmOverloadsAnnotationLoweringKt
instanceKlass org/jetbrains/kotlin/backend/jvm/lower/TypeAliasAnnotationMethodsLoweringKt
instanceKlass org/jetbrains/kotlin/backend/jvm/lower/CreateSeparateCallForInlinedLambdasLoweringKt
instanceKlass org/jetbrains/kotlin/backend/jvm/lower/MarkNecessaryInlinedClassesAsRegeneratedLoweringKt
instanceKlass org/jetbrains/kotlin/ir/declarations/IrTypeParametersContainer
instanceKlass org/jetbrains/kotlin/ir/declarations/IrReturnTarget
instanceKlass org/jetbrains/kotlin/ir/declarations/IrDeclarationParent
instanceKlass org/jetbrains/kotlin/ir/declarations/IrPossiblyExternalDeclaration
instanceKlass org/jetbrains/kotlin/ir/declarations/IrOverridableDeclaration
instanceKlass org/jetbrains/kotlin/ir/declarations/IrOverridableMember
instanceKlass org/jetbrains/kotlin/ir/declarations/IrDeclarationWithVisibility
instanceKlass org/jetbrains/kotlin/ir/declarations/IrMetadataSourceOwner
instanceKlass org/jetbrains/kotlin/ir/declarations/IrMemberWithContainerSource
instanceKlass org/jetbrains/kotlin/ir/declarations/IrDeclarationWithName
instanceKlass org/jetbrains/kotlin/ir/declarations/IrAttributeContainer
instanceKlass org/jetbrains/kotlin/ir/IrElementBase
instanceKlass org/jetbrains/kotlin/ir/declarations/IrDeclaration
instanceKlass org/jetbrains/kotlin/ir/declarations/IrSymbolOwner
instanceKlass org/jetbrains/kotlin/ir/declarations/IrMutableAnnotationContainer
instanceKlass org/jetbrains/kotlin/ir/declarations/IrAnnotationContainer
instanceKlass org/jetbrains/kotlin/ir/IrStatement
instanceKlass org/jetbrains/kotlin/ir/IrElement
instanceKlass org/jetbrains/kotlin/backend/jvm/lower/JvmStaticAnnotationLoweringKt
instanceKlass org/jetbrains/kotlin/backend/jvm/lower/StaticDefaultFunctionLoweringKt
instanceKlass org/jetbrains/kotlin/backend/jvm/lower/ObjectClassLoweringKt
instanceKlass org/jetbrains/kotlin/backend/jvm/lower/DirectInvokeLoweringKt
instanceKlass org/jetbrains/kotlin/backend/jvm/lower/AssertionLoweringKt
instanceKlass org/jetbrains/kotlin/backend/jvm/lower/InlineCallableReferenceToLambdaKt
instanceKlass org/jetbrains/kotlin/backend/common/lower/SharedVariablesLoweringKt
instanceKlass org/jetbrains/kotlin/backend/jvm/lower/FunctionReferenceLoweringKt
instanceKlass org/jetbrains/kotlin/backend/common/lower/PropertiesLowering$Companion
instanceKlass org/jetbrains/kotlin/backend/common/lower/PropertiesLowering
instanceKlass org/jetbrains/kotlin/backend/common/DeclarationTransformer
instanceKlass org/jetbrains/kotlin/backend/common/FileLoweringPass
instanceKlass org/jetbrains/kotlin/backend/common/phaser/ModuleLoweringPhaseAdapter
instanceKlass org/jetbrains/kotlin/backend/common/phaser/CustomPhaseAdapter
instanceKlass org/jetbrains/kotlin/backend/jvm/JvmLowerKt
instanceKlass org/jetbrains/kotlin/backend/common/phaser/CompositePhase
instanceKlass org/jetbrains/kotlin/backend/common/phaser/PerformByIrFilePhase
instanceKlass org/jetbrains/kotlin/backend/common/phaser/PerformByIrFileKt
instanceKlass org/jetbrains/kotlin/backend/common/phaser/FileLoweringPhaseAdapter
instanceKlass org/jetbrains/kotlin/backend/common/phaser/CompilerPhaseKt
instanceKlass org/jetbrains/kotlin/backend/common/phaser/DumperVerifierKt
instanceKlass kotlin/jvm/functions/Function3
instanceKlass org/jetbrains/kotlin/backend/common/phaser/PhaseBuildersKt
instanceKlass kotlin/collections/SetsKt__SetsJVMKt
instanceKlass org/jetbrains/kotlin/backend/jvm/JvmPhasesKt$generateAdditionalClassesPhase$1
instanceKlass org/jetbrains/kotlin/backend/common/phaser/SameTypeCompilerPhase
instanceKlass org/jetbrains/kotlin/backend/common/phaser/AbstractNamedCompilerPhase
instanceKlass org/jetbrains/kotlin/backend/common/phaser/CompilerPhase
instanceKlass org/jetbrains/kotlin/backend/jvm/JvmPhasesKt
instanceKlass org/jetbrains/kotlin/cli/common/environment/UtilKt
instanceKlass org/jetbrains/kotlin/com/intellij/openapi/util/Disposer$1
instanceKlass org/jetbrains/kotlin/com/intellij/util/containers/CanonicalHashingStrategy
instanceKlass org/jetbrains/kotlin/com/intellij/util/containers/ConcurrentRefHashMap$2
instanceKlass org/jetbrains/kotlin/com/intellij/util/containers/ConcurrentRefHashMap$HardKey
instanceKlass org/jetbrains/kotlin/com/intellij/util/containers/ConcurrentRefHashMap$KeyReference
instanceKlass org/jetbrains/kotlin/it/unimi/dsi/fastutil/objects/Object2ObjectMap$FastEntrySet
instanceKlass org/jetbrains/kotlin/it/unimi/dsi/fastutil/objects/AbstractObject2ObjectFunction
instanceKlass org/jetbrains/kotlin/it/unimi/dsi/fastutil/objects/Object2ObjectMap
instanceKlass org/jetbrains/kotlin/it/unimi/dsi/fastutil/objects/Object2ObjectFunction
instanceKlass org/jetbrains/kotlin/com/intellij/util/containers/RefHashMap$HardKey
instanceKlass org/jetbrains/kotlin/com/intellij/util/containers/RefHashMap$Key
instanceKlass org/jetbrains/kotlin/com/intellij/util/containers/IdentityHashingStrategy
instanceKlass org/jetbrains/kotlin/com/intellij/util/containers/HashingStrategy
instanceKlass org/jetbrains/kotlin/it/unimi/dsi/fastutil/Hash$Strategy
instanceKlass org/jetbrains/kotlin/com/intellij/util/containers/CollectionFactory
instanceKlass org/jetbrains/kotlin/it/unimi/dsi/fastutil/objects/Reference2ObjectMap$FastEntrySet
instanceKlass org/jetbrains/kotlin/it/unimi/dsi/fastutil/objects/AbstractReference2ObjectFunction
instanceKlass org/jetbrains/kotlin/it/unimi/dsi/fastutil/objects/Reference2ObjectMap
instanceKlass org/jetbrains/kotlin/it/unimi/dsi/fastutil/objects/Reference2ObjectFunction
instanceKlass java/util/stream/Collectors$CollectorImpl
instanceKlass java/util/stream/Collectors
instanceKlass java/util/stream/Collector
instanceKlass java/util/function/BinaryOperator
instanceKlass java/util/function/BiConsumer
instanceKlass org/jetbrains/kotlin/it/unimi/dsi/fastutil/objects/ObjectSpliterator
instanceKlass org/jetbrains/kotlin/it/unimi/dsi/fastutil/objects/ObjectIterator
instanceKlass org/jetbrains/kotlin/it/unimi/dsi/fastutil/objects/ReferenceSet
instanceKlass org/jetbrains/kotlin/it/unimi/dsi/fastutil/objects/ReferenceCollection
instanceKlass org/jetbrains/kotlin/com/intellij/openapi/util/ObjectTree
instanceKlass org/jetbrains/kotlin/com/intellij/openapi/util/Disposer
instanceKlass org/jetbrains/kotlin/progress/ProgressIndicatorAndCompilationCanceledStatus
instanceKlass org/jetbrains/kotlin/progress/CompilationCanceledStatus
instanceKlass org/jetbrains/kotlin/com/google/common/collect/LinkedHashMultimap$1
instanceKlass java/util/stream/MatchOps$BooleanTerminalSink
instanceKlass java/util/stream/MatchOps$MatchOp
instanceKlass java/util/stream/MatchOps
instanceKlass java/util/Spliterators$IteratorSpliterator
instanceKlass org/jetbrains/kotlin/utils/KotlinPathsFromBaseDirectory
instanceKlass org/jetbrains/kotlin/com/intellij/openapi/application/PathManager
instanceKlass java/util/regex/Pattern$BitClass
instanceKlass org/jetbrains/kotlin/utils/PathUtil
instanceKlass kotlin/collections/AbstractList$IteratorImpl
instanceKlass org/jetbrains/kotlin/config/JvmTarget$Companion
instanceKlass org/jetbrains/kotlin/platform/TargetPlatformVersion
instanceKlass org/jetbrains/kotlin/config/JVMConfigurationKeys
instanceKlass org/jetbrains/kotlin/cli/jvm/JvmArgumentsKt
instanceKlass org/jetbrains/kotlin/config/CommonConfigurationKeysKt
instanceKlass kotlin/Unit
instanceKlass org/jetbrains/kotlin/utils/WrappedValues$ThrowableWrapper
instanceKlass org/jetbrains/kotlin/config/LanguageVersionSettingsKt
instanceKlass org/jetbrains/kotlin/cli/common/messages/MessageCollector$Companion$NONE$1
instanceKlass org/jetbrains/kotlin/cli/common/messages/MessageCollector$Companion
instanceKlass org/jetbrains/kotlin/cli/common/arguments/JavaTypeEnhancementStateParser$Companion
instanceKlass org/jetbrains/kotlin/cli/common/arguments/JavaTypeEnhancementStateParser
instanceKlass org/jetbrains/kotlin/config/JvmAnalysisFlags$Delegates$JvmDefaultModeDisabledByDefault
instanceKlass org/jetbrains/kotlin/utils/WrappedValues$1
instanceKlass org/jetbrains/kotlin/utils/WrappedValues
instanceKlass kotlin/collections/EmptyIterator
instanceKlass kotlin/collections/EmptySet
instanceKlass org/jetbrains/kotlin/name/FqNamesUtilKt
instanceKlass org/jetbrains/kotlin/load/java/NullabilityAnnotationStates$Companion
instanceKlass org/jetbrains/kotlin/load/java/Jsr305Settings
instanceKlass org/jetbrains/kotlin/storage/LockBasedStorageManager$MapBasedMemoizedFunction
instanceKlass org/jetbrains/kotlin/storage/DefaultSimpleLock
instanceKlass org/jetbrains/kotlin/storage/SimpleLock$Companion
instanceKlass org/jetbrains/kotlin/storage/EmptySimpleLock
instanceKlass org/jetbrains/kotlin/storage/LockBasedStorageManager$ExceptionHandlingStrategy$1
instanceKlass org/jetbrains/kotlin/storage/LockBasedStorageManager$ExceptionHandlingStrategy
instanceKlass org/jetbrains/kotlin/storage/CacheWithNullableValues
instanceKlass org/jetbrains/kotlin/storage/MemoizedFunctionToNotNull
instanceKlass org/jetbrains/kotlin/storage/CacheWithNotNullValues
instanceKlass org/jetbrains/kotlin/storage/NotNullLazyValue
instanceKlass org/jetbrains/kotlin/storage/NullableLazyValue
instanceKlass org/jetbrains/kotlin/storage/MemoizedFunctionToNullable
instanceKlass org/jetbrains/kotlin/storage/SimpleLock
instanceKlass org/jetbrains/kotlin/storage/LockBasedStorageManager
instanceKlass org/jetbrains/kotlin/storage/StorageManager
instanceKlass kotlin/TuplesKt
instanceKlass kotlin/internal/ProgressionUtilKt
instanceKlass kotlin/ranges/IntRange$Companion
instanceKlass kotlin/ranges/IntProgression$Companion
instanceKlass kotlin/ranges/IntProgression
instanceKlass kotlin/ranges/OpenEndRange
instanceKlass kotlin/ranges/ClosedRange
instanceKlass kotlin/KotlinVersionCurrentValue
instanceKlass kotlin/KotlinVersion$Companion
instanceKlass kotlin/KotlinVersion
instanceKlass org/jetbrains/kotlin/load/java/ReportLevel$Companion
instanceKlass org/jetbrains/kotlin/load/java/JavaNullabilityAnnotationsStatus$Companion
instanceKlass org/jetbrains/kotlin/load/java/JavaNullabilityAnnotationsStatus
instanceKlass kotlin/Pair
instanceKlass org/jetbrains/kotlin/load/java/NullabilityAnnotationStatesImpl
instanceKlass org/jetbrains/kotlin/load/java/NullabilityAnnotationStates
instanceKlass org/jetbrains/kotlin/load/java/JavaNullabilityAnnotationSettingsKt
instanceKlass org/jetbrains/kotlin/load/java/JavaTypeEnhancementState$Companion
instanceKlass org/jetbrains/kotlin/load/java/JavaTypeEnhancementState
instanceKlass org/jetbrains/kotlin/config/JvmAnalysisFlags$Delegates$JavaTypeEnhancementStateWarnByDefault
instanceKlass org/jetbrains/kotlin/config/JvmAnalysisFlags
instanceKlass org/jetbrains/kotlin/config/AnalysisFlag$Delegates$ApiModeDisabledByDefault
instanceKlass org/jetbrains/kotlin/config/AnalysisFlag$Delegates$ListOfStrings
instanceKlass org/jetbrains/kotlin/config/AnalysisFlag
instanceKlass org/jetbrains/kotlin/config/AnalysisFlag$Delegate
instanceKlass kotlin/properties/ReadOnlyProperty
instanceKlass org/jetbrains/kotlin/config/AnalysisFlag$Delegates$Boolean
instanceKlass kotlin/reflect/KProperty$Getter
instanceKlass kotlin/reflect/KProperty$Accessor
instanceKlass org/jetbrains/kotlin/config/AnalysisFlags
instanceKlass org/jetbrains/kotlin/config/LanguageVersionSettingsImpl$Companion
instanceKlass org/jetbrains/kotlin/config/LanguageVersionSettings$Companion
instanceKlass org/jetbrains/kotlin/config/LanguageVersionSettingsImpl
instanceKlass java/math/MutableBigInteger
instanceKlass org/jetbrains/kotlin/config/MavenComparableVersion$IntegerItem
instanceKlass org/jetbrains/kotlin/config/MavenComparableVersion$Item
instanceKlass org/jetbrains/kotlin/config/MavenComparableVersion
instanceKlass org/jetbrains/kotlin/config/ApiVersion$Companion
instanceKlass org/jetbrains/kotlin/config/ApiVersion
instanceKlass kotlin/collections/EmptyMap
instanceKlass kotlin/collections/MapsKt__MapWithDefaultKt
instanceKlass org/jetbrains/kotlin/config/LanguageVersion$Companion
instanceKlass org/jetbrains/kotlin/config/IncrementalCompilation
instanceKlass org/jetbrains/kotlin/cli/common/UtilsKt
instanceKlass org/jetbrains/kotlin/config/CommonConfigurationKeys
instanceKlass org/jetbrains/kotlin/cli/common/messages/IrMessageCollector$Companion
instanceKlass org/jetbrains/kotlin/cli/common/messages/IrMessageCollector
instanceKlass org/jetbrains/kotlin/ir/util/IrMessageLogger$Companion
instanceKlass org/jetbrains/kotlin/ir/util/IrMessageLogger
instanceKlass org/jetbrains/kotlin/com/google/common/collect/AbstractMapEntry
instanceKlass org/jetbrains/kotlin/com/google/common/collect/LinkedHashMultimap$ValueSetLink
instanceKlass org/jetbrains/kotlin/com/google/common/collect/CollectPreconditions
instanceKlass org/jetbrains/kotlin/com/google/common/base/Preconditions
instanceKlass org/jetbrains/kotlin/com/google/common/collect/ImmutableMap
instanceKlass org/jetbrains/kotlin/com/google/common/collect/BiMap
instanceKlass org/jetbrains/kotlin/com/google/common/base/Converter
instanceKlass org/jetbrains/kotlin/com/google/common/collect/Maps$EntryTransformer
instanceKlass org/jetbrains/kotlin/com/google/common/collect/UnmodifiableIterator
instanceKlass org/jetbrains/kotlin/com/google/common/base/Function
instanceKlass org/jetbrains/kotlin/com/google/common/collect/SortedMapDifference
instanceKlass org/jetbrains/kotlin/com/google/common/collect/MapDifference
instanceKlass org/jetbrains/kotlin/com/google/common/collect/Maps
instanceKlass jdk/internal/logger/DefaultLoggerFinder$1
instanceKlass java/util/logging/Logger$SystemLoggerHelper$1
instanceKlass java/util/logging/Logger$SystemLoggerHelper
instanceKlass java/util/logging/LogManager$4
instanceKlass jdk/internal/logger/BootstrapLogger$BootstrapExecutors
instanceKlass jdk/internal/logger/BootstrapLogger$RedirectedLoggers
instanceKlass java/util/ServiceLoader$ProviderImpl
instanceKlass java/util/ServiceLoader$Provider
instanceKlass java/util/ServiceLoader$1
instanceKlass java/util/concurrent/CopyOnWriteArrayList$COWIterator
instanceKlass jdk/internal/loader/URLClassPath$1
instanceKlass java/lang/CompoundEnumeration
instanceKlass jdk/internal/loader/BuiltinClassLoader$1
instanceKlass java/util/Collections$EmptyEnumeration
instanceKlass java/util/Collections$EmptyIterator
instanceKlass java/util/ServiceLoader$3
instanceKlass java/util/ServiceLoader$2
instanceKlass java/util/ServiceLoader$LazyClassPathLookupIterator
instanceKlass java/util/Spliterators$1Adapter
instanceKlass java/util/Spliterators$ArraySpliterator
instanceKlass java/util/Spliterator$OfDouble
instanceKlass java/util/Spliterator$OfLong
instanceKlass java/util/Spliterator$OfInt
instanceKlass java/util/Spliterator$OfPrimitive
instanceKlass java/util/Spliterators$EmptySpliterator
instanceKlass java/util/Spliterators
instanceKlass java/util/ServiceLoader$ModuleServicesLookupIterator
instanceKlass java/util/ServiceLoader
instanceKlass jdk/internal/logger/BootstrapLogger$DetectBackend$1
instanceKlass jdk/internal/logger/BootstrapLogger$DetectBackend
instanceKlass jdk/internal/logger/BootstrapLogger
instanceKlass sun/util/logging/PlatformLogger$ConfigurableBridge
instanceKlass sun/util/logging/PlatformLogger$Bridge
instanceKlass java/lang/System$Logger
instanceKlass java/util/stream/Streams
instanceKlass java/util/stream/Stream$Builder
instanceKlass java/util/stream/Streams$AbstractStreamBuilderImpl
instanceKlass java/util/stream/Sink$ChainedReference
instanceKlass java/util/stream/FindOps$FindOp
instanceKlass java/util/stream/TerminalOp
instanceKlass java/util/stream/FindOps$FindSink
instanceKlass java/util/stream/TerminalSink
instanceKlass java/util/stream/Sink
instanceKlass java/util/stream/FindOps
instanceKlass java/util/EnumMap$1
instanceKlass java/util/stream/StreamOpFlag$MaskBuilder
instanceKlass java/util/stream/Stream
instanceKlass java/util/stream/BaseStream
instanceKlass java/util/stream/PipelineHelper
instanceKlass java/util/stream/StreamSupport
instanceKlass java/util/ArrayList$ArrayListSpliterator
instanceKlass java/util/Spliterator
instanceKlass java/util/Hashtable$Enumerator
instanceKlass java/util/Collections$SynchronizedCollection
instanceKlass java/util/Properties$EntrySet
instanceKlass java/util/Collections$3
instanceKlass java/util/logging/LogManager$LoggerContext$1
instanceKlass java/util/logging/LogManager$VisitedLoggers
instanceKlass java/util/function/Predicate
instanceKlass java/util/logging/LogManager$2
instanceKlass java/lang/System$LoggerFinder
instanceKlass java/security/Security$2
instanceKlass jdk/internal/access/JavaSecurityPropertiesAccess
instanceKlass java/util/concurrent/ConcurrentHashMap$MapEntry
instanceKlass java/util/Properties$LineReader
instanceKlass java/security/Security$1
instanceKlass java/security/Security
instanceKlass sun/security/util/SecurityProperties
instanceKlass sun/security/util/FilePermCompat
instanceKlass java/util/logging/LogManager$LoggingProviderAccess
instanceKlass sun/util/logging/internal/LoggingProviderImpl$LogManagerAccess
instanceKlass java/lang/Shutdown$Lock
instanceKlass java/lang/Shutdown
instanceKlass java/lang/ApplicationShutdownHooks$1
instanceKlass java/lang/ApplicationShutdownHooks
instanceKlass java/util/Collections$SynchronizedMap
instanceKlass java/util/logging/LogManager$LogNode
instanceKlass java/util/logging/LogManager$LoggerContext
instanceKlass java/util/logging/LogManager$1
instanceKlass java/util/logging/LogManager
instanceKlass java/util/logging/Logger$ConfigurationData
instanceKlass java/util/logging/Logger$LoggerBundle
instanceKlass java/util/logging/Level
instanceKlass java/util/logging/Handler
instanceKlass java/util/logging/Logger
instanceKlass org/jetbrains/kotlin/com/google/common/collect/Platform
instanceKlass org/jetbrains/kotlin/com/google/common/collect/Multiset
instanceKlass org/jetbrains/kotlin/com/google/common/collect/AbstractMultimap
instanceKlass org/jetbrains/kotlin/com/google/common/collect/SetMultimap
instanceKlass org/jetbrains/kotlin/com/google/common/collect/Multimap
instanceKlass org/jetbrains/kotlin/cli/common/messages/GroupingMessageCollector
instanceKlass java/lang/StrictMath
instanceKlass org/jetbrains/kotlin/it/unimi/dsi/fastutil/HashCommon
instanceKlass org/jetbrains/kotlin/it/unimi/dsi/fastutil/ints/Int2ObjectMap$FastEntrySet
instanceKlass org/jetbrains/kotlin/it/unimi/dsi/fastutil/objects/ObjectSet
instanceKlass org/jetbrains/kotlin/it/unimi/dsi/fastutil/ints/IntSet
instanceKlass org/jetbrains/kotlin/it/unimi/dsi/fastutil/ints/IntCollection
instanceKlass org/jetbrains/kotlin/it/unimi/dsi/fastutil/ints/IntIterable
instanceKlass org/jetbrains/kotlin/it/unimi/dsi/fastutil/objects/ObjectCollection
instanceKlass org/jetbrains/kotlin/it/unimi/dsi/fastutil/objects/ObjectIterable
instanceKlass org/jetbrains/kotlin/it/unimi/dsi/fastutil/ints/AbstractInt2ObjectFunction
instanceKlass org/jetbrains/kotlin/it/unimi/dsi/fastutil/Hash
instanceKlass org/jetbrains/kotlin/it/unimi/dsi/fastutil/ints/Int2ObjectMap
instanceKlass org/jetbrains/kotlin/it/unimi/dsi/fastutil/ints/Int2ObjectFunction
instanceKlass java/util/function/IntFunction
instanceKlass org/jetbrains/kotlin/it/unimi/dsi/fastutil/Function
instanceKlass org/jetbrains/kotlin/com/intellij/util/containers/IntKeyWeakValueHashMap
instanceKlass org/jetbrains/kotlin/com/intellij/util/containers/ConcurrentIntObjectMap
instanceKlass org/jetbrains/kotlin/com/intellij/util/containers/ConcurrentLongObjectMap
instanceKlass org/jetbrains/kotlin/com/intellij/util/containers/IntObjectMap
instanceKlass org/jetbrains/kotlin/com/intellij/util/containers/ConcurrentList
instanceKlass org/jetbrains/kotlin/com/intellij/util/containers/ContainerUtil
instanceKlass org/jetbrains/kotlin/com/intellij/openapi/util/Key
instanceKlass org/jetbrains/kotlin/config/CompilerConfigurationKey
instanceKlass org/jetbrains/kotlin/cli/common/CLIConfigurationKeys
instanceKlass org/jetbrains/kotlin/utils/SmartList$EmptyIterator
instanceKlass org/jetbrains/kotlin/cli/common/ArgumentsKt
instanceKlass java/net/URLConnection
instanceKlass org/jetbrains/kotlin/cli/common/messages/PrintingMessageCollector
instanceKlass kotlin/jvm/internal/CollectionToArray
instanceKlass kotlin/jvm/internal/SpreadBuilder
instanceKlass kotlin/reflect/jvm/internal/pcollections/MapEntry
instanceKlass kotlin/reflect/jvm/internal/ReflectProperties$Val$1
instanceKlass kotlin/reflect/jvm/internal/ReflectProperties$Val
instanceKlass kotlin/reflect/jvm/internal/ReflectProperties
instanceKlass java/util/regex/CharPredicates
instanceKlass kotlin/text/Regex$Companion
instanceKlass kotlin/text/Regex
instanceKlass kotlin/jvm/internal/DefaultConstructorMarker
instanceKlass kotlin/reflect/jvm/internal/KDeclarationContainerImpl$Companion
instanceKlass kotlin/reflect/jvm/internal/KTypeParameterOwnerImpl
instanceKlass kotlin/reflect/jvm/internal/KClassifierImpl
instanceKlass kotlin/reflect/jvm/internal/pcollections/ConsPStack
instanceKlass kotlin/reflect/jvm/internal/pcollections/IntTree
instanceKlass kotlin/reflect/jvm/internal/pcollections/IntTreePMap
instanceKlass kotlin/reflect/jvm/internal/pcollections/HashPMap
instanceKlass kotlin/reflect/jvm/internal/KClassCacheKt
instanceKlass kotlin/reflect/jvm/internal/KDeclarationContainerImpl
instanceKlass kotlin/jvm/internal/ClassBasedDeclarationContainer
instanceKlass kotlin/reflect/KMutableProperty1
instanceKlass kotlin/reflect/KMutableProperty0
instanceKlass kotlin/reflect/KProperty0
instanceKlass kotlin/reflect/KTypeParameter
instanceKlass kotlin/reflect/KMutableProperty2
instanceKlass kotlin/reflect/KMutableProperty
instanceKlass kotlin/reflect/KType
instanceKlass kotlin/reflect/KProperty1
instanceKlass kotlin/reflect/KProperty2
instanceKlass kotlin/reflect/KProperty
instanceKlass kotlin/reflect/KClass
instanceKlass kotlin/jvm/internal/ReflectionFactory
instanceKlass kotlin/reflect/KClassifier
instanceKlass kotlin/jvm/internal/Reflection
instanceKlass kotlin/jvm/JvmClassMappingKt
instanceKlass org/jetbrains/kotlin/config/LanguageVersionSettings
instanceKlass jdk/internal/reflect/ClassDefiner$1
instanceKlass jdk/internal/reflect/ClassDefiner
instanceKlass jdk/internal/reflect/MethodAccessorGenerator$1
instanceKlass jdk/internal/reflect/Label$PatchInfo
instanceKlass jdk/internal/reflect/Label
instanceKlass jdk/internal/reflect/UTF8
instanceKlass jdk/internal/reflect/ClassFileAssembler
instanceKlass jdk/internal/reflect/ByteVectorImpl
instanceKlass jdk/internal/reflect/ByteVector
instanceKlass jdk/internal/reflect/ByteVectorFactory
instanceKlass jdk/internal/reflect/AccessorGenerator
instanceKlass jdk/internal/reflect/ClassFileConstants
instanceKlass org/jetbrains/kotlin/cli/common/arguments/ParseCommandLineArgumentsKt$parsePreprocessedCommandLineArguments$ArgumentField
instanceKlass org/jetbrains/kotlin/config/LanguageOrApiVersion
instanceKlass org/jetbrains/kotlin/utils/DescriptionAware
instanceKlass org/jetbrains/kotlin/cli/common/messages/MessageCollector
instanceKlass org/jetbrains/kotlin/util/capitalizeDecapitalize/CapitalizeDecapitalizeKt
instanceKlass org/jetbrains/kotlin/name/ClassId
instanceKlass org/jetbrains/kotlin/name/FqNameUnsafe$1
instanceKlass java/util/regex/Pattern$TreeInfo
instanceKlass java/util/regex/Pattern$BmpCharPredicate
instanceKlass java/util/regex/Pattern$CharPredicate
instanceKlass java/util/regex/Pattern$Node
instanceKlass java/util/regex/Pattern
instanceKlass org/jetbrains/kotlin/name/Name
instanceKlass org/jetbrains/kotlin/name/FqNameUnsafe
instanceKlass org/jetbrains/kotlin/name/FqName
instanceKlass org/jetbrains/kotlin/load/java/JvmAbi
instanceKlass kotlin/Metadata
instanceKlass java/lang/annotation/Target
instanceKlass java/lang/reflect/Proxy$ProxyBuilder$1
instanceKlass jdk/internal/org/objectweb/asm/Edge
instanceKlass java/lang/reflect/ProxyGenerator$PrimitiveTypeInfo
instanceKlass java/util/StringJoiner
instanceKlass java/lang/reflect/ProxyGenerator$ProxyMethod
instanceKlass java/lang/WeakPairMap$Pair$Lookup
instanceKlass java/lang/WeakPairMap$Pair
instanceKlass java/lang/WeakPairMap
instanceKlass java/lang/Module$ReflectionData
instanceKlass java/util/function/Consumer
instanceKlass jdk/internal/module/Checks
instanceKlass java/lang/module/ModuleDescriptor$Builder
instanceKlass java/util/LinkedHashMap$LinkedHashIterator
instanceKlass java/lang/PublicMethods
instanceKlass java/util/Collections$1
instanceKlass java/lang/reflect/Proxy$ProxyBuilder
instanceKlass java/lang/ClassValue$Version
instanceKlass java/lang/ClassValue$Identity
instanceKlass java/lang/ClassValue
instanceKlass java/lang/reflect/Proxy
instanceKlass sun/reflect/annotation/AnnotationInvocationHandler
instanceKlass java/lang/reflect/InvocationHandler
instanceKlass sun/reflect/annotation/AnnotationParser$1
instanceKlass kotlin/annotation/Target
instanceKlass java/lang/annotation/Inherited
instanceKlass java/lang/annotation/Retention
instanceKlass sun/reflect/annotation/ExceptionProxy
instanceKlass sun/reflect/annotation/AnnotationType$1
instanceKlass sun/reflect/annotation/AnnotationType
instanceKlass java/lang/reflect/GenericArrayType
instanceKlass sun/reflect/generics/visitor/Reifier
instanceKlass sun/reflect/generics/visitor/TypeTreeVisitor
instanceKlass sun/reflect/generics/factory/CoreReflectionFactory
instanceKlass sun/reflect/generics/factory/GenericsFactory
instanceKlass sun/reflect/generics/scope/AbstractScope
instanceKlass sun/reflect/generics/scope/Scope
instanceKlass sun/reflect/generics/tree/ClassTypeSignature
instanceKlass sun/reflect/generics/tree/SimpleClassTypeSignature
instanceKlass sun/reflect/generics/tree/FieldTypeSignature
instanceKlass sun/reflect/generics/tree/BaseType
instanceKlass sun/reflect/generics/tree/TypeSignature
instanceKlass sun/reflect/generics/tree/ReturnType
instanceKlass sun/reflect/generics/tree/TypeArgument
instanceKlass sun/reflect/generics/tree/TypeTree
instanceKlass sun/reflect/generics/tree/Tree
instanceKlass sun/reflect/generics/parser/SignatureParser
instanceKlass sun/reflect/annotation/AnnotationParser
instanceKlass org/jetbrains/kotlin/cli/common/arguments/Argument
instanceKlass kotlin/collections/ArrayAsCollection
instanceKlass java/io/FileInputStream$1
instanceKlass kotlin/io/CloseableKt
instanceKlass kotlin/text/CharsKt__CharJVMKt
instanceKlass java/lang/Character$CharacterCache
instanceKlass java/nio/charset/CoderResult
instanceKlass kotlin/sequences/GeneratorSequence$iterator$1
instanceKlass java/lang/invoke/VarHandle$AccessDescriptor
instanceKlass java/lang/invoke/VarForm
instanceKlass java/lang/invoke/VarHandleGuards
instanceKlass jdk/internal/util/Preconditions$1
instanceKlass java/util/function/BiFunction
instanceKlass java/lang/invoke/VarHandle$1
instanceKlass java/lang/invoke/VarHandles
instanceKlass java/util/concurrent/atomic/AtomicReference
instanceKlass kotlin/sequences/ConstrainedOnceSequence
instanceKlass kotlin/sequences/GeneratorSequence
instanceKlass kotlin/sequences/Sequence
instanceKlass kotlin/sequences/SequencesKt__SequenceBuilderKt
instanceKlass java/io/Reader
instanceKlass java/lang/Readable
instanceKlass kotlin/text/Charsets
instanceKlass org/jetbrains/kotlin/cli/common/arguments/ArgumentParseErrors
instanceKlass org/jetbrains/kotlin/cli/common/arguments/PreprocessCommandLineArgumentsKt
instanceKlass kotlin/UNINITIALIZED_VALUE
instanceKlass kotlin/SynchronizedLazyImpl
instanceKlass kotlin/Lazy
instanceKlass kotlin/LazyKt__LazyJVMKt
instanceKlass kotlin/jvm/internal/Lambda
instanceKlass kotlin/jvm/functions/Function0
instanceKlass org/jetbrains/kotlin/cli/common/arguments/ParseCommandLineArgumentsKt
instanceKlass kotlin/collections/ArraysUtilJVM
instanceKlass kotlin/collections/ArraysKt__ArraysJVMKt
instanceKlass java/lang/ProcessEnvironment$CheckedEntry
instanceKlass java/lang/ProcessEnvironment$CheckedEntrySet$1
instanceKlass java/lang/ProcessEnvironment$EntryComparator
instanceKlass java/lang/ProcessEnvironment$NameComparator
instanceKlass org/jetbrains/kotlin/config/JvmDefaultMode$Companion
instanceKlass org/jetbrains/kotlin/config/JVMAssertionsMode$Companion
instanceKlass org/jetbrains/kotlin/config/ExplicitApiMode$Companion
instanceKlass kotlin/collections/EmptyList
instanceKlass kotlin/collections/CollectionsKt__CollectionsJVMKt
instanceKlass org/jetbrains/kotlin/cli/common/arguments/K2JVMCompilerArguments$Companion
instanceKlass org/jetbrains/kotlin/cli/common/arguments/CommonCompilerArguments$Companion
instanceKlass org/jetbrains/kotlin/cli/common/arguments/CommonToolArguments$Companion
instanceKlass org/jetbrains/kotlin/config/Services$Builder
instanceKlass org/jetbrains/kotlin/config/Services$Companion
instanceKlass org/jetbrains/kotlin/cli/common/messages/XcodeStyleMessageRenderer
instanceKlass org/jetbrains/kotlin/cli/common/messages/GradleStyleMessageRenderer
instanceKlass java/lang/Class$3
instanceKlass kotlin/text/StringsKt__AppendableKt
instanceKlass org/jetbrains/kotlin/cli/common/PropertiesKt
instanceKlass org/jetbrains/kotlin/cli/common/messages/PlainTextMessageRenderer
instanceKlass org/jetbrains/kotlin/cli/common/messages/XmlMessageRenderer
instanceKlass org/jetbrains/kotlin/cli/common/messages/MessageRenderer
instanceKlass org/jetbrains/kotlin/com/intellij/openapi/application/ApplicationManager
instanceKlass jdk/internal/org/objectweb/asm/FieldVisitor
instanceKlass java/util/ArrayList$Itr
instanceKlass java/lang/invoke/InvokerBytecodeGenerator$ClassData
instanceKlass jdk/internal/org/objectweb/asm/Frame
instanceKlass java/lang/invoke/LambdaFormBuffer
instanceKlass java/lang/invoke/LambdaFormEditor$TransformKey
instanceKlass java/lang/invoke/LambdaFormEditor
instanceKlass sun/invoke/util/Wrapper$1
instanceKlass java/lang/invoke/DelegatingMethodHandle$Holder
instanceKlass java/lang/invoke/DirectMethodHandle$2
instanceKlass sun/invoke/empty/Empty
instanceKlass sun/invoke/util/VerifyType
instanceKlass java/lang/invoke/ClassSpecializer$Factory
instanceKlass java/lang/invoke/ClassSpecializer$SpeciesData
instanceKlass java/lang/invoke/ClassSpecializer$1
instanceKlass java/lang/invoke/ClassSpecializer
instanceKlass java/lang/invoke/InnerClassLambdaMetafactory$1
instanceKlass java/lang/invoke/MethodHandles$Lookup$ClassDefiner
instanceKlass jdk/internal/org/objectweb/asm/ClassReader
instanceKlass java/lang/invoke/MethodHandles$Lookup$ClassFile
instanceKlass jdk/internal/org/objectweb/asm/AnnotationVisitor
instanceKlass jdk/internal/org/objectweb/asm/Attribute
instanceKlass jdk/internal/org/objectweb/asm/Handler
instanceKlass jdk/internal/org/objectweb/asm/Label
instanceKlass jdk/internal/org/objectweb/asm/MethodVisitor
instanceKlass java/lang/invoke/LambdaProxyClassArchive
instanceKlass jdk/internal/org/objectweb/asm/ByteVector
instanceKlass jdk/internal/org/objectweb/asm/Symbol
instanceKlass jdk/internal/org/objectweb/asm/SymbolTable
instanceKlass jdk/internal/org/objectweb/asm/ClassVisitor
instanceKlass java/lang/invoke/InfoFromMemberName
instanceKlass java/lang/invoke/MethodHandleInfo
instanceKlass jdk/internal/org/objectweb/asm/ConstantDynamic
instanceKlass sun/invoke/util/BytecodeDescriptor
instanceKlass jdk/internal/org/objectweb/asm/Handle
instanceKlass sun/security/action/GetBooleanAction
instanceKlass jdk/internal/org/objectweb/asm/Type
instanceKlass java/lang/invoke/AbstractValidatingLambdaMetafactory
instanceKlass java/lang/invoke/MethodHandleImpl$1
instanceKlass jdk/internal/access/JavaLangInvokeAccess
instanceKlass java/lang/invoke/Invokers$Holder
instanceKlass java/lang/invoke/BootstrapMethodInvoker
instanceKlass org/jetbrains/kotlin/com/intellij/openapi/diagnostic/Attachment
instanceKlass java/lang/invoke/InvokerBytecodeGenerator$2
instanceKlass java/lang/invoke/InvokerBytecodeGenerator
instanceKlass java/lang/invoke/LambdaForm$Holder
instanceKlass java/lang/invoke/LambdaForm$Name
instanceKlass java/lang/invoke/Invokers
instanceKlass java/lang/invoke/MethodHandleImpl
instanceKlass sun/invoke/util/ValueConversions
instanceKlass java/lang/invoke/DirectMethodHandle$Holder
instanceKlass java/lang/invoke/LambdaForm$NamedFunction
instanceKlass sun/invoke/util/Wrapper$Format
instanceKlass java/lang/invoke/MethodTypeForm
instanceKlass java/lang/invoke/MethodType$ConcurrentWeakInternSet
instanceKlass java/lang/invoke/LambdaMetafactory
instanceKlass org/jetbrains/kotlin/com/intellij/openapi/diagnostic/Logger$DefaultFactory
instanceKlass org/jetbrains/kotlin/com/intellij/openapi/diagnostic/Logger$Factory
instanceKlass org/jetbrains/kotlin/com/intellij/openapi/diagnostic/Logger
instanceKlass org/jetbrains/kotlin/cli/jvm/compiler/IdeaStandaloneExecutionSetup
instanceKlass org/jetbrains/kotlin/cli/jvm/compiler/CompatKt
instanceKlass kotlin/jvm/functions/Function2
instanceKlass kotlin/jvm/internal/CallableReference$NoReceiver
instanceKlass kotlin/reflect/KDeclarationContainer
instanceKlass kotlin/jvm/internal/CallableReference
instanceKlass kotlin/reflect/KFunction
instanceKlass kotlin/reflect/KCallable
instanceKlass kotlin/reflect/KAnnotatedElement
instanceKlass kotlin/jvm/internal/FunctionBase
instanceKlass kotlin/jvm/functions/Function1
instanceKlass kotlin/Function
instanceKlass org/jetbrains/kotlin/cli/common/CompilerSystemProperties$Companion
instanceKlass kotlin/collections/AbstractList$Companion
instanceKlass kotlin/collections/AbstractCollection
instanceKlass kotlin/enums/EnumEntries
instanceKlass kotlin/jvm/internal/markers/KMappedMarker
instanceKlass kotlin/enums/EnumEntriesKt
instanceKlass org/jetbrains/kotlin/util/PerformanceCounter$Companion
instanceKlass org/jetbrains/kotlin/util/PerformanceCounter
instanceKlass jdk/internal/jimage/ImageLocation
instanceKlass jdk/internal/jimage/decompressor/Decompressor
instanceKlass jdk/internal/jimage/ImageStringsReader
instanceKlass jdk/internal/jimage/ImageStrings
instanceKlass jdk/internal/jimage/ImageHeader
instanceKlass jdk/internal/jimage/NativeImageBuffer$1
instanceKlass jdk/internal/jimage/NativeImageBuffer
instanceKlass jdk/internal/jimage/BasicImageReader$1
instanceKlass jdk/internal/jimage/BasicImageReader
instanceKlass jdk/internal/jimage/ImageReader
instanceKlass jdk/internal/jimage/ImageReaderFactory$1
instanceKlass java/net/URI$Parser
instanceKlass java/nio/file/FileSystems$DefaultFileSystemHolder$1
instanceKlass java/nio/file/FileSystems$DefaultFileSystemHolder
instanceKlass java/nio/file/FileSystems
instanceKlass java/nio/file/Paths
instanceKlass jdk/internal/jimage/ImageReaderFactory
instanceKlass jdk/internal/module/SystemModuleFinders$SystemImage
instanceKlass jdk/internal/module/SystemModuleFinders$SystemModuleReader
instanceKlass java/lang/module/ModuleReader
instanceKlass jdk/internal/loader/BuiltinClassLoader$5
instanceKlass jdk/internal/loader/BuiltinClassLoader$2
instanceKlass jdk/internal/module/Resources
instanceKlass kotlin/jvm/internal/Intrinsics
instanceKlass java/util/TreeMap$PrivateEntryIterator
instanceKlass java/util/TreeMap$Entry
instanceKlass java/util/NavigableMap
instanceKlass java/util/SortedMap
instanceKlass java/util/NavigableSet
instanceKlass java/util/SortedSet
instanceKlass org/jetbrains/kotlin/cli/jvm/K2JVMCompiler$Companion
instanceKlass org/jetbrains/kotlin/cli/common/CLICompiler$Companion
instanceKlass org/jetbrains/kotlin/cli/common/CLITool$Companion
instanceKlass java/lang/Void
instanceKlass java/lang/PublicMethods$Key
instanceKlass java/lang/PublicMethods$MethodList
instanceKlass org/jetbrains/kotlin/cli/common/CommonCompilerPerformanceManager
instanceKlass org/jetbrains/kotlin/utils/KotlinPaths
instanceKlass org/jetbrains/kotlin/com/intellij/openapi/Disposable
instanceKlass org/jetbrains/kotlin/config/Services
instanceKlass org/jetbrains/kotlin/cli/common/arguments/Freezable
instanceKlass org/jetbrains/kotlin/config/CompilerConfiguration
instanceKlass org/jetbrains/kotlin/utils/exceptions/KotlinExceptionWithAttachments
instanceKlass org/jetbrains/kotlin/com/intellij/openapi/diagnostic/ExceptionWithAttachments
instanceKlass org/jetbrains/kotlin/com/intellij/openapi/diagnostic/ControlFlowException
instanceKlass org/jetbrains/kotlin/cli/common/CLITool
instanceKlass java/security/SecureClassLoader$DebugHolder
instanceKlass java/security/PermissionCollection
instanceKlass java/security/SecureClassLoader$1
instanceKlass java/security/SecureClassLoader$CodeSourceKey
instanceKlass java/util/zip/Checksum$1
instanceKlass java/util/zip/CRC32
instanceKlass java/util/zip/Checksum
instanceKlass sun/nio/ByteBuffered
instanceKlass java/lang/Package$VersionInfo
instanceKlass java/lang/NamedPackage
instanceKlass java/util/jar/Attributes$Name
instanceKlass java/util/jar/Attributes
instanceKlass jdk/internal/loader/Resource
instanceKlass sun/security/action/GetIntegerAction
instanceKlass sun/security/util/Debug
instanceKlass sun/security/util/SignatureFileVerifier
instanceKlass java/util/zip/ZipFile$InflaterCleanupAction
instanceKlass java/util/zip/Inflater$InflaterZStreamRef
instanceKlass java/util/zip/Inflater
instanceKlass java/util/zip/ZipEntry
instanceKlass jdk/internal/util/jar/JarIndex
instanceKlass java/nio/Bits$1
instanceKlass jdk/internal/misc/VM$BufferPool
instanceKlass java/nio/Bits
instanceKlass sun/nio/ch/DirectBuffer
instanceKlass jdk/internal/perf/PerfCounter$CoreCounters
instanceKlass jdk/internal/perf/Perf
instanceKlass jdk/internal/perf/Perf$GetPerfAction
instanceKlass jdk/internal/perf/PerfCounter
instanceKlass java/nio/file/attribute/FileTime
instanceKlass java/util/zip/ZipUtils
instanceKlass java/util/zip/ZipFile$Source$End
instanceKlass java/io/RandomAccessFile$2
instanceKlass jdk/internal/access/JavaIORandomAccessFileAccess
instanceKlass java/io/RandomAccessFile
instanceKlass java/io/DataInput
instanceKlass java/io/DataOutput
instanceKlass sun/nio/fs/WindowsNativeDispatcher$CompletionStatus
instanceKlass sun/nio/fs/WindowsNativeDispatcher$AclInformation
instanceKlass sun/nio/fs/WindowsNativeDispatcher$Account
instanceKlass sun/nio/fs/WindowsNativeDispatcher$DiskFreeSpace
instanceKlass sun/nio/fs/WindowsNativeDispatcher$VolumeInformation
instanceKlass sun/nio/fs/WindowsNativeDispatcher$FirstStream
instanceKlass sun/nio/fs/WindowsNativeDispatcher$FirstFile
instanceKlass java/util/Enumeration
instanceKlass java/util/concurrent/ConcurrentHashMap$Traverser
instanceKlass java/util/concurrent/ConcurrentHashMap$CollectionView
instanceKlass jdk/internal/loader/NativeLibraries$NativeLibraryImpl
instanceKlass jdk/internal/loader/NativeLibrary
instanceKlass java/util/ArrayDeque$DeqIterator
instanceKlass jdk/internal/loader/NativeLibraries$1
instanceKlass jdk/internal/loader/NativeLibraries$LibraryPaths
instanceKlass sun/nio/fs/WindowsNativeDispatcher
instanceKlass sun/nio/fs/NativeBuffer$Deallocator
instanceKlass sun/nio/fs/NativeBuffer
instanceKlass java/lang/ThreadLocal$ThreadLocalMap
instanceKlass sun/nio/fs/NativeBuffers
instanceKlass sun/nio/fs/WindowsFileAttributes
instanceKlass java/nio/file/attribute/DosFileAttributes
instanceKlass sun/nio/fs/AbstractBasicFileAttributeView
instanceKlass sun/nio/fs/DynamicFileAttributeView
instanceKlass sun/nio/fs/WindowsFileAttributeViews
instanceKlass sun/nio/fs/Util
instanceKlass java/nio/file/attribute/BasicFileAttributeView
instanceKlass java/nio/file/attribute/FileAttributeView
instanceKlass java/nio/file/attribute/AttributeView
instanceKlass java/nio/file/Files
instanceKlass java/nio/file/CopyOption
instanceKlass java/nio/file/attribute/BasicFileAttributes
instanceKlass sun/nio/fs/WindowsPath
instanceKlass java/nio/file/Path
instanceKlass java/nio/file/Watchable
instanceKlass java/util/zip/ZipFile$Source$Key
instanceKlass sun/nio/fs/WindowsPathParser$Result
instanceKlass sun/nio/fs/WindowsPathParser
instanceKlass java/util/Collections$UnmodifiableCollection
instanceKlass java/util/Arrays$ArrayItr
instanceKlass java/nio/file/FileSystem
instanceKlass java/nio/file/OpenOption
instanceKlass java/nio/file/spi/FileSystemProvider
instanceKlass sun/nio/fs/DefaultFileSystemProvider
instanceKlass java/util/zip/ZipFile$Source
instanceKlass java/lang/ref/Cleaner$Cleanable
instanceKlass jdk/internal/ref/CleanerImpl
instanceKlass java/lang/ref/Cleaner$1
instanceKlass java/lang/ref/Cleaner
instanceKlass jdk/internal/ref/CleanerFactory$1
instanceKlass java/util/concurrent/ThreadFactory
instanceKlass jdk/internal/ref/CleanerFactory
instanceKlass java/util/zip/ZipCoder
instanceKlass java/util/zip/ZipFile$CleanableResource
instanceKlass java/lang/Runtime$Version
instanceKlass java/util/jar/JavaUtilJarAccessImpl
instanceKlass jdk/internal/access/JavaUtilJarAccess
instanceKlass jdk/internal/loader/FileURLMapper
instanceKlass jdk/internal/loader/URLClassPath$JarLoader$1
instanceKlass java/util/zip/ZipFile$1
instanceKlass jdk/internal/access/JavaUtilZipFileAccess
instanceKlass java/util/zip/ZipFile
instanceKlass java/util/zip/ZipConstants
instanceKlass jdk/internal/loader/URLClassPath$Loader
instanceKlass jdk/internal/loader/URLClassPath$3
instanceKlass java/security/PrivilegedExceptionAction
instanceKlass sun/util/locale/LocaleUtils
instanceKlass sun/util/locale/BaseLocale
instanceKlass java/util/Locale
instanceKlass sun/net/util/URLUtil
instanceKlass java/lang/StringCoding
instanceKlass sun/nio/cs/ArrayDecoder
instanceKlass java/nio/charset/CharsetDecoder
instanceKlass sun/launcher/LauncherHelper
instanceKlass java/lang/reflect/Array
instanceKlass java/lang/invoke/StringConcatFactory$3
instanceKlass java/lang/invoke/StringConcatFactory$2
instanceKlass java/lang/invoke/StringConcatFactory$1
instanceKlass java/lang/invoke/StringConcatFactory
instanceKlass java/lang/ModuleLayer$Controller
instanceKlass java/util/concurrent/CopyOnWriteArrayList
instanceKlass jdk/internal/module/ServicesCatalog$ServiceProvider
instanceKlass jdk/internal/loader/AbstractClassLoaderValue$Memoizer
instanceKlass java/util/ImmutableCollections$ListItr
instanceKlass java/util/ListIterator
instanceKlass java/lang/ModuleLayer
instanceKlass jdk/internal/module/ModuleLoaderMap$Modules
instanceKlass jdk/internal/module/ModuleLoaderMap$Mapper
instanceKlass java/util/function/Function
instanceKlass jdk/internal/module/ModuleLoaderMap
instanceKlass java/util/AbstractMap$1$1
instanceKlass java/lang/module/ResolvedModule
instanceKlass java/lang/module/Configuration
instanceKlass jdk/internal/loader/BuiltinClassLoader$LoadedModule
instanceKlass jdk/internal/loader/AbstractClassLoaderValue
instanceKlass jdk/internal/module/ServicesCatalog
instanceKlass jdk/internal/util/Preconditions
instanceKlass sun/net/util/IPAddressUtil
instanceKlass java/net/URLStreamHandler
instanceKlass java/util/HexFormat
instanceKlass sun/net/www/ParseUtil
instanceKlass java/net/URL$3
instanceKlass jdk/internal/access/JavaNetURLAccess
instanceKlass java/net/URL$DefaultFactory
instanceKlass java/net/URLStreamHandlerFactory
instanceKlass jdk/internal/loader/URLClassPath
instanceKlass java/security/Principal
instanceKlass java/security/ProtectionDomain$Key
instanceKlass java/security/ProtectionDomain$JavaSecurityAccessImpl
instanceKlass jdk/internal/access/JavaSecurityAccess
instanceKlass java/lang/ClassLoader$ParallelLoaders
instanceKlass java/security/cert/Certificate
instanceKlass jdk/internal/loader/ArchivedClassLoaders
instanceKlass java/util/Deque
instanceKlass java/util/Queue
instanceKlass jdk/internal/loader/ClassLoaderHelper
instanceKlass jdk/internal/loader/NativeLibraries
instanceKlass jdk/internal/loader/BootLoader
instanceKlass java/util/Optional
instanceKlass jdk/internal/module/SystemModuleFinders$SystemModuleFinder
instanceKlass java/lang/module/ModuleFinder
instanceKlass jdk/internal/module/SystemModuleFinders$3
instanceKlass jdk/internal/module/ModuleHashes$HashSupplier
instanceKlass jdk/internal/module/SystemModuleFinders$2
instanceKlass java/util/function/Supplier
instanceKlass java/lang/module/ModuleReference
instanceKlass jdk/internal/module/ModuleResolution
instanceKlass java/util/Collections$UnmodifiableMap
instanceKlass jdk/internal/module/ModuleHashes$Builder
instanceKlass jdk/internal/module/ModuleHashes
instanceKlass jdk/internal/module/ModuleTarget
instanceKlass java/util/ImmutableCollections$Set12$1
instanceKlass java/lang/Enum
instanceKlass java/lang/module/ModuleDescriptor$Version
instanceKlass java/lang/module/ModuleDescriptor$Provides
instanceKlass java/lang/module/ModuleDescriptor$Opens
instanceKlass java/util/ImmutableCollections$SetN$SetNIterator
instanceKlass java/lang/module/ModuleDescriptor$Exports
instanceKlass java/lang/module/ModuleDescriptor$Requires
instanceKlass jdk/internal/module/Builder
instanceKlass jdk/internal/module/SystemModules$default
instanceKlass jdk/internal/module/SystemModules
instanceKlass jdk/internal/module/SystemModulesMap
instanceKlass java/net/URI$1
instanceKlass jdk/internal/access/JavaNetUriAccess
instanceKlass java/net/URI
instanceKlass jdk/internal/module/SystemModuleFinders
instanceKlass jdk/internal/module/ArchivedModuleGraph
instanceKlass jdk/internal/module/ArchivedBootLayer
instanceKlass jdk/internal/module/ModuleBootstrap$Counters
instanceKlass jdk/internal/module/ModulePatcher
instanceKlass java/io/FileSystem
instanceKlass java/io/DefaultFileSystem
instanceKlass java/io/File
instanceKlass java/lang/module/ModuleDescriptor$1
instanceKlass jdk/internal/access/JavaLangModuleAccess
instanceKlass sun/invoke/util/VerifyAccess
instanceKlass java/lang/module/ModuleDescriptor
instanceKlass jdk/internal/module/ModuleBootstrap
instanceKlass java/lang/invoke/MethodHandleStatics
instanceKlass java/util/Collections
instanceKlass sun/io/Win32ErrorMode
instanceKlass jdk/internal/misc/OSEnvironment
instanceKlass jdk/internal/misc/Signal$NativeHandler
instanceKlass java/util/Hashtable$Entry
instanceKlass jdk/internal/misc/Signal
instanceKlass java/lang/Terminator$1
instanceKlass jdk/internal/misc/Signal$Handler
instanceKlass java/lang/Terminator
instanceKlass java/nio/ByteOrder
instanceKlass java/nio/Buffer$1
instanceKlass jdk/internal/access/JavaNioAccess
instanceKlass jdk/internal/misc/ScopedMemoryAccess
instanceKlass java/nio/charset/CodingErrorAction
instanceKlass sun/nio/cs/SingleByte
instanceKlass java/lang/StringUTF16
instanceKlass sun/nio/cs/MS1252$Holder
instanceKlass sun/nio/cs/ArrayEncoder
instanceKlass java/nio/charset/CharsetEncoder
instanceKlass java/lang/reflect/Modifier
instanceKlass java/lang/Class$1
instanceKlass java/lang/Class$Atomic
instanceKlass java/lang/Class$ReflectionData
instanceKlass jdk/internal/util/ArraysSupport
instanceKlass java/nio/charset/StandardCharsets
instanceKlass sun/nio/cs/HistoricallyNamedCharset
instanceKlass sun/security/action/GetPropertyAction
instanceKlass java/lang/ThreadLocal
instanceKlass java/nio/charset/spi/CharsetProvider
instanceKlass java/nio/charset/Charset
instanceKlass java/io/Writer
instanceKlass java/io/OutputStream
instanceKlass java/io/Flushable
instanceKlass java/io/FileDescriptor$1
instanceKlass jdk/internal/access/JavaIOFileDescriptorAccess
instanceKlass java/io/FileDescriptor
instanceKlass jdk/internal/util/StaticProperty
instanceKlass java/util/HashMap$HashIterator
instanceKlass java/lang/Integer$IntegerCache
instanceKlass java/lang/CharacterData
instanceKlass java/util/Arrays
instanceKlass java/lang/VersionProps
instanceKlass java/lang/StringConcatHelper
instanceKlass jdk/internal/misc/VM
instanceKlass jdk/internal/util/SystemProps$Raw
instanceKlass jdk/internal/util/SystemProps
instanceKlass java/lang/System$2
instanceKlass jdk/internal/access/JavaLangAccess
instanceKlass java/lang/ref/Reference$1
instanceKlass jdk/internal/access/JavaLangRefAccess
instanceKlass java/lang/ref/ReferenceQueue$Lock
instanceKlass java/lang/ref/ReferenceQueue
instanceKlass jdk/internal/reflect/ReflectionFactory
instanceKlass jdk/internal/reflect/ReflectionFactory$GetReflectionFactoryAction
instanceKlass java/security/PrivilegedAction
instanceKlass java/util/concurrent/locks/LockSupport
instanceKlass java/util/concurrent/ConcurrentHashMap$Node
instanceKlass java/util/concurrent/ConcurrentHashMap$CounterCell
instanceKlass java/util/concurrent/locks/ReentrantLock
instanceKlass java/util/concurrent/locks/Lock
instanceKlass java/lang/Runtime
instanceKlass java/util/HashMap$Node
instanceKlass java/util/KeyValueHolder
instanceKlass java/util/Map$Entry
instanceKlass java/util/ImmutableCollections$MapN$MapNIterator
instanceKlass java/lang/Math
instanceKlass jdk/internal/reflect/Reflection
instanceKlass java/lang/invoke/MethodHandles$Lookup
instanceKlass java/lang/StringLatin1
instanceKlass java/security/Permission
instanceKlass java/security/Guard
instanceKlass java/lang/invoke/MemberName$Factory
instanceKlass java/lang/invoke/MethodHandles
instanceKlass jdk/internal/access/SharedSecrets
instanceKlass java/lang/reflect/ReflectAccess
instanceKlass jdk/internal/access/JavaLangReflectAccess
instanceKlass java/util/ImmutableCollections
instanceKlass java/util/Objects
instanceKlass java/util/Set
instanceKlass jdk/internal/misc/CDS
instanceKlass java/lang/Module$ArchivedData
instanceKlass java/lang/String$CaseInsensitiveComparator
instanceKlass java/util/Comparator
instanceKlass java/io/ObjectStreamField
instanceKlass jdk/internal/vm/vector/VectorSupport$VectorPayload
instanceKlass jdk/internal/vm/vector/VectorSupport
instanceKlass java/lang/reflect/RecordComponent
instanceKlass java/util/Iterator
instanceKlass java/lang/Number
instanceKlass java/lang/Character
instanceKlass java/lang/Boolean
instanceKlass java/util/concurrent/locks/AbstractOwnableSynchronizer
instanceKlass java/lang/LiveStackFrame
instanceKlass java/lang/StackFrameInfo
instanceKlass java/lang/StackWalker$StackFrame
instanceKlass java/lang/StackStreamFactory$AbstractStackWalker
instanceKlass java/lang/StackWalker
instanceKlass java/nio/Buffer
instanceKlass java/lang/StackTraceElement
instanceKlass java/util/RandomAccess
instanceKlass java/util/List
instanceKlass java/util/AbstractCollection
instanceKlass java/util/Collection
instanceKlass java/lang/Iterable
instanceKlass java/util/concurrent/ConcurrentMap
instanceKlass java/util/AbstractMap
instanceKlass java/security/CodeSource
instanceKlass jdk/internal/loader/ClassLoaders
instanceKlass java/util/jar/Manifest
instanceKlass java/net/URL
instanceKlass java/io/InputStream
instanceKlass java/io/Closeable
instanceKlass java/lang/AutoCloseable
instanceKlass jdk/internal/module/Modules
instanceKlass jdk/internal/misc/Unsafe
instanceKlass jdk/internal/misc/UnsafeConstants
instanceKlass java/lang/AbstractStringBuilder
instanceKlass java/lang/Appendable
instanceKlass java/lang/AssertionStatusDirectives
instanceKlass java/lang/invoke/MethodHandleNatives$CallSiteContext
instanceKlass jdk/internal/invoke/NativeEntryPoint
instanceKlass java/lang/invoke/CallSite
instanceKlass java/lang/invoke/MethodType
instanceKlass java/lang/invoke/TypeDescriptor$OfMethod
instanceKlass java/lang/invoke/LambdaForm
instanceKlass java/lang/invoke/MethodHandleNatives
instanceKlass java/lang/invoke/ResolvedMethodName
instanceKlass java/lang/invoke/MemberName
instanceKlass java/lang/invoke/VarHandle
instanceKlass java/lang/invoke/MethodHandle
instanceKlass jdk/internal/reflect/CallerSensitive
instanceKlass java/lang/annotation/Annotation
instanceKlass jdk/internal/reflect/FieldAccessor
instanceKlass jdk/internal/reflect/ConstantPool
instanceKlass jdk/internal/reflect/ConstructorAccessor
instanceKlass jdk/internal/reflect/MethodAccessor
instanceKlass jdk/internal/reflect/MagicAccessorImpl
instanceKlass java/lang/reflect/Parameter
instanceKlass java/lang/reflect/Member
instanceKlass java/lang/reflect/AccessibleObject
instanceKlass java/lang/Module
instanceKlass java/util/Map
instanceKlass java/util/Dictionary
instanceKlass java/lang/ThreadGroup
instanceKlass java/lang/Thread$UncaughtExceptionHandler
instanceKlass java/lang/Thread
instanceKlass java/lang/Runnable
instanceKlass java/lang/ref/Reference
instanceKlass java/lang/Record
instanceKlass java/security/AccessController
instanceKlass java/security/AccessControlContext
instanceKlass java/security/ProtectionDomain
instanceKlass java/lang/SecurityManager
instanceKlass java/lang/Throwable
instanceKlass java/lang/System
instanceKlass java/lang/ClassLoader
instanceKlass java/lang/Cloneable
instanceKlass java/lang/Class
instanceKlass java/lang/invoke/TypeDescriptor$OfField
instanceKlass java/lang/invoke/TypeDescriptor
instanceKlass java/lang/reflect/Type
instanceKlass java/lang/reflect/GenericDeclaration
instanceKlass java/lang/reflect/AnnotatedElement
instanceKlass java/lang/String
instanceKlass java/lang/constant/ConstantDesc
instanceKlass java/lang/constant/Constable
instanceKlass java/lang/CharSequence
instanceKlass java/lang/Comparable
instanceKlass java/io/Serializable
ciInstanceKlass java/lang/Object 1 1 92 7 1 10 12 1 1 10 7 12 1 1 1 10 7 12 1 1 1 10 12 1 1 8 1 10 12 1 1 10 7 12 1 1 1 10 12 1 10 12 1 1 100 1 8 1 10 12 1 3 8 1 100 1 5 0 1 1 1 1 1 1 1 1 1 1 1 1 1 1 1 1 100 1 1 1 7 1 1 1 1 1 1 1 100 1 1 1 1 1 1 1
ciMethod java/lang/Object equals (Ljava/lang/Object;)Z 1030 0 1802 0 -1
ciMethod java/lang/Object toString ()Ljava/lang/String; 2 0 1 0 -1
ciMethod java/lang/Object hashCode ()I 256 0 128 0 -1
ciMethod java/lang/Object clone ()Ljava/lang/Object; 256 0 128 0 -1
ciInstanceKlass java/lang/Class 1 1 1611 10 7 12 1 1 1 9 7 12 1 1 1 9 12 1 1 7 1 10 10 12 1 1 8 1 10 12 1 8 1 8 1 10 12 1 1 10 12 1 1 10 12 1 10 10 12 1 10 12 1 1 10 12 1 1 10 7 12 1 1 10 12 1 10 12 1 10 12 1 8 1 10 12 1 8 1 10 12 1 8 1 8 1 10 12 1 1 10 100 12 1 1 1 18 12 1 1 11 100 12 1 1 1 8 1 8 1 8 1 10 100 12 1 1 1 11 12 1 1 7 1 8 1 10 12 1 11 100 12 1 1 1 10 12 1 1 11 8 1 18 8 1 10 12 1 10 7 12 1 1 10 7 12 1 1 1 10 12 1 1 10 7 12 1 1 1 9 100 12 1 1 1 10 100 12 1 1 1 10 7 12 1 1 1 10 12 1 1 18 12 1 1 10 7 12 1 1 1 10 7 12 1 1 10 12 1 1 10 7 1 100 1 10 12 1 1 9 12 1 1 100 1 8 1 10 12 1 10 12 1 1 10 12 1 1 10 7 12 1 1 1 7 1 10 12 1 100 1 100 1 10 10 12 1 1 10 12 1 1 100 1 10 100 12 1 1 1 10 12 1 1 10 12 1 1 9 12 1 1 10 12 1 10 12 1 10 12 1 1 9 12 1 1 9 12 1 1 10 12 1 1 10 7 1 10 12 1 10 12 1 10 12 1 1 10 9 12 1 10 12 1 8 1 10 12 1 1 10 12 1 1 10 12 1 10 12 1 1 10 12 1 1 10 12 1 1 9 7 12 1 1 1 10 7 12 1 1 10 12 10 12 1 10 12 1 1 10 100 12 1 1 10 12 1 10 12 1 1 10 100 12 1 1 1 10 12 1 10 12 1 1 10 12 1 10 12 1 10 12 1 1 10 7 1 10 10 10 12 1 1 10 12 1 1 10 12 10 12 1 1 100 1 8 1 10 10 12 1 1 10 12 1 100 1 11 12 1 10 100 12 1 1 10 12 1 10 12 1 10 100 12 1 1 10 10 12 1 1 8 1 10 12 1 10 12 1 1 8 1 9 12 1 10 12 1 10 12 1 10 12 1 10 12 100 1 9 12 1 10 12 1 9 12 1 10 12 1 10 12 1 10 12 1 10 10 12 1 10 12 1 10 12 1 10 12 1 10 12 1 10 12 1 100 1 10 12 1 10 12 1 1 10 12 1 1 10 12 1 1 10 12 1 1 10 12 1 1 10 12 1 1 100 1 10 10 12 1 1 10 12 1 1 10 12 1 1 10 10 12 1 10 12 1 1 10 12 1 1 10 12 1 1 10 12 1 1 7 1 10 10 12 11 100 12 1 1 10 12 1 1 10 12 1 10 100 12 1 1 1 10 12 1 1 10 10 12 1 1 100 1 10 10 12 1 1 10 100 12 1 1 1 100 1 100 1 10 12 1 1 10 12 1 10 10 12 1 1 10 12 1 10 12 1 10 12 1 10 100 12 1 1 1 11 7 12 1 1 10 12 1 10 12 1 9 12 1 10 12 1 1 10 12 1 9 12 1 1 100 1 10 9 12 1 1 10 12 100 1 10 12 1 9 12 1 10 100 12 1 1 1 10 12 1 10 12 1 10 100 12 1 1 1 10 12 1 10 12 10 12 1 1 100 1 10 8 1 10 12 1 11 11 12 1 1 11 7 12 1 1 11 12 1 8 1 10 12 1 10 12 1 1 9 12 1 9 12 1 1 10 7 12 1 1 9 12 1 10 12 1 1 10 10 12 1 10 7 12 1 1 1 10 100 12 1 1 10 100 12 1 1 9 12 1 1 10 12 1 9 12 1 10 12 1 10 12 1 1 9 12 1 1 9 12 1 10 12 1 10 12 1 1 9 12 1 7 1 10 10 12 1 1 7 1 10 12 1 1 7 11 7 1 9 12 1 1 9 12 1 100 1 10 12 1 9 12 1 1 9 12 1 10 12 1 10 12 1 1 9 12 1 7 1 10 10 12 1 1 10 10 12 1 1 10 12 10 10 12 1 9 12 1 10 12 1 1 10 7 12 1 1 1 10 12 1 1 10 12 1 8 10 7 8 1 18 8 1 8 1 10 12 1 9 12 1 9 12 1 1 10 12 1 7 1 7 1 10 12 1 9 12 1 1 7 1 10 10 12 1 10 7 1 9 12 1 8 1 10 12 1 7 1 10 12 1 10 12 1 1 9 12 1 100 1 8 1 10 7 1 4 10 10 12 11 7 12 1 1 1 10 12 1 100 1 10 12 1 1 10 8 1 8 1 10 12 1 1 9 7 12 1 1 11 12 7 1 11 7 12 1 1 9 12 1 10 100 12 1 1 1 10 7 12 1 1 10 12 1 1 9 12 1 9 10 12 1 1 10 12 1 1 10 12 1 1 10 12 1 1 10 12 1 1 11 12 1 7 1 11 12 1 10 7 12 1 1 1 10 12 1 100 1 11 12 1 10 100 12 1 1 1 10 12 1 10 11 12 1 11 12 1 1 10 12 1 10 12 1 1 9 12 1 1 9 100 12 1 1 10 12 1 10 100 12 1 1 1 10 12 1 1 10 12 1 10 12 1 10 12 1 10 7 12 1 1 1 10 12 1 8 1 10 12 1 10 12 1 10 12 1 10 100 12 1 1 1 11 100 12 1 1 1 10 12 1 1 10 12 1 18 12 1 1 11 12 1 1 18 11 12 1 18 12 1 11 12 1 10 12 1 1 10 12 1 10 12 1 10 12 10 12 1 8 1 10 12 1 7 1 9 12 1 1 100 1 100 1 100 1 100 1 100 1 1 1 3 1 3 1 3 1 1 1 1 1 1 1 5 0 1 1 1 1 1 1 1 1 1 1 1 1 1 1 1 1 1 1 1 1 1 1 1 100 1 1 1 1 1 1 1 100 1 1 1 1 1 1 100 1 1 1 1 1 1 1 1 1 1 1 1 1 1 1 1 1 1 1 1 1 1 1 1 1 1 1 1 1 1 1 1 1 1 1 1 1 1 100 1 1 1 1 1 1 1 1 1 1 1 1 1 1 1 1 1 1 1 1 1 1 1 1 1 1 1 1 100 1 1 1 1 1 1 1 1 1 1 1 1 1 1 1 1 1 1 1 1 1 1 1 1 1 1 1 1 1 1 1 1 1 1 1 1 1 1 1 1 1 1 1 1 1 1 1 1 1 1 1 1 1 100 1 100 1 1 1 1 1 1 1 1 1 1 1 1 1 1 1 1 1 1 1 1 1 1 1 1 1 1 1 1 1 1 1 1 1 1 1 1 1 1 1 1 1 1 1 1 1 1 1 1 1 1 1 1 1 1 1 1 1 1 1 1 1 1 1 100 1 1 1 1 1 1 1 1 1 1 1 1 1 1 1 1 1 1 1 1 1 1 1 1 1 1 1 1 1 1 1 1 1 1 1 1 1 1 1 1 1 1 1 1 1 1 1 1 1 1 1 1 1 1 1 1 1 1 1 1 1 1 1 1 1 1 1 1 15 10 100 12 1 1 1 16 15 10 12 16 15 11 12 16 1 16 15 16 15 10 12 16 16 15 10 12 16 15 16 1 15 10 12 16 1 1 1 1 1 1 1 1 100 1 1 100 1 100 1 1 100 1 100 1 1
staticfield java/lang/Class EMPTY_CLASS_ARRAY [Ljava/lang/Class; 0 [Ljava/lang/Class;
staticfield java/lang/Class serialPersistentFields [Ljava/io/ObjectStreamField; 0 [Ljava/io/ObjectStreamField;
ciMethod java/lang/Class isPrimitive ()Z 256 0 128 0 -1
ciInstanceKlass java/io/Serializable 1 0 7 100 1 100 1 1 1
instanceKlass jdk/internal/vm/vector/VectorSupport$VectorShuffle
instanceKlass jdk/internal/vm/vector/VectorSupport$VectorMask
instanceKlass jdk/internal/vm/vector/VectorSupport$Vector
ciInstanceKlass jdk/internal/vm/vector/VectorSupport$VectorPayload 0 0 32 10 100 12 1 1 1 9 100 12 1 1 1 10 100 12 1 1 1 1 1 1 1 1 1 1 1 1 1 1 1 1
ciInstanceKlass jdk/internal/vm/vector/VectorSupport$VectorShuffle 0 0 28 10 100 12 1 1 1 100 1 1 1 1 1 1 1 1 1 1 1 1 1 1 1 100 1 1 1 1
ciInstanceKlass jdk/internal/vm/vector/VectorSupport$VectorMask 0 0 28 10 100 12 1 1 1 100 1 1 1 1 1 1 1 1 1 1 1 1 1 1 1 100 1 1 1 1
ciInstanceKlass jdk/internal/vm/vector/VectorSupport$Vector 0 0 28 10 100 12 1 1 1 100 1 1 1 1 1 1 1 1 1 1 1 1 1 1 1 100 1 1 1 1
ciInstanceKlass jdk/internal/vm/vector/VectorSupport 0 0 487 100 1 10 100 12 1 1 1 9 12 1 1 10 12 1 1 100 1 10 12 1 11 100 12 1 1 1 11 100 12 1 1 1 11 100 12 1 1 11 100 12 1 1 1 11 100 1 100 1 10 12 1 1 11 100 12 1 1 11 100 12 1 1 100 1 11 100 12 1 1 11 100 12 1 1 11 100 12 1 1 1 11 100 12 1 1 1 11 100 12 1 1 1 11 100 12 1 1 1 100 1 10 12 1 1 11 100 12 1 1 100 1 11 100 12 1 1 11 100 12 1 1 11 100 12 1 1 11 100 1 100 1 9 12 1 1 10 100 12 1 1 11 100 12 1 1 10 12 1 1 10 100 12 1 1 1 10 12 1 10 12 1 1 10 12 1 1 1 1 1 3 1 3 1 3 1 3 1 3 1 3 1 3 1 3 1 3 1 3 1 3 1 3 1 3 1 3 1 3 1 3 1 3 1 3 1 3 1 3 1 3 1 3 1 3 1 3 1 3 1 3 1 3 1 3 1 3 1 3 1 3 1 3 1 3 1 3 1 3 1 3 1 3 1 3 1 3 1 1 1 1 1 3 1 1 1 1 1 1 3 1 1 1 1 1 1 1 1 1 1 1 1 1 1 1 1 1 1 1 1 1 1 1 1 1 1 1 1 1 1 1 1 1 1 1 1 1 1 1 1 1 1 1 1 1 1 1 1 1 1 1 1 1 1 1 1 1 1 1 1 1 1 1 1 1 1 1 1 1 1 1 1 1 1 1 1 1 1 1 1 1 1 1 1 1 1 1 1 1 1 1 1 1 1 1 1 1 1 1 1 1 1 1 1 1 1 1 1 1 1 1 1 1 1 1 1 1 1 1 1 1 1 1 1 1 1 1 1 1 1 1 1 1 1 1 1 1 1 1 1 1 1 1 1 1 1 1 1 1 1 1 1 1 1 1 1 1 1 1 1 1 1 1 1 1 1 1 1 1 1 1 1 1 1 1 1 1 1 1 1 1 1 1 1 1 1 1 1 1 1 1 1 1 1 1 1 1 1 1 100 1 100 1 1 1 1 1 1 1 1 1 1 1 1 1 1 1 1 1 1 1 1 1 1 1 1
ciInstanceKlass java/lang/reflect/RecordComponent 0 0 196 10 100 12 1 1 1 9 100 12 1 1 1 9 12 1 1 9 12 1 10 12 1 1 10 12 1 1 10 100 12 1 1 1 10 12 1 1 9 12 1 1 10 12 1 1 10 12 1 1 10 12 1 10 100 12 1 1 10 100 12 1 1 9 12 1 1 10 100 12 1 1 1 11 100 12 1 1 1 10 9 100 12 1 1 1 10 100 12 1 1 1 9 12 1 1 10 100 12 1 1 1 10 12 1 1 11 100 12 1 1 10 100 12 1 1 100 1 9 12 1 9 12 1 1 9 12 1 10 100 12 1 1 1 10 12 1 1 10 12 1 1 100 1 10 10 12 1 10 12 1 1 8 1 10 12 1 10 12 1 9 12 1 100 1 1 1 1 1 1 1 1 1 1 1 1 1 1 1 1 1 1 1 1 1 1 100 1 1 1 1 1 1 100 1 1
ciInstanceKlass java/util/Iterator 1 1 53 100 1 8 1 10 12 1 1 10 100 12 1 1 1 11 100 12 1 1 1 11 12 1 1 11 100 12 1 1 1 100 1 1 1 1 1 1 1 1 1 1 1 1 1 1 1 1 1 1 1 1 1
ciInstanceKlass java/lang/System 1 1 803 10 100 12 1 1 1 9 7 12 1 1 1 10 12 1 10 12 1 1 10 12 1 1 10 12 1 9 12 1 1 10 7 12 1 1 1 11 100 12 1 1 1 10 100 12 1 1 1 10 12 1 1 10 12 1 1 100 1 8 1 10 12 1 10 100 12 1 1 1 10 100 12 1 1 1 18 12 1 1 10 100 12 1 1 1 100 1 10 12 1 1 10 100 12 1 1 1 10 12 1 10 7 12 1 1 1 9 100 12 1 1 1 10 100 12 1 1 1 11 7 12 1 1 1 10 12 1 1 10 100 12 1 1 1 100 1 10 10 12 1 1 8 1 10 12 1 8 1 10 12 1 9 12 1 1 8 1 10 7 12 1 1 1 10 12 1 1 100 1 8 1 10 9 12 1 1 8 1 10 12 1 1 10 100 12 1 1 1 8 1 10 12 1 100 1 10 12 1 8 1 10 12 1 10 12 1 1 100 1 10 12 10 12 1 9 12 1 1 9 12 1 1 10 7 12 1 1 1 10 7 12 1 1 1 10 12 1 1 10 12 1 10 12 1 10 7 12 1 1 1 10 12 1 100 1 100 1 8 1 10 12 1 10 12 1 1 7 1 10 12 1 100 1 8 1 10 10 12 1 100 1 8 1 10 8 1 10 7 12 1 1 8 1 10 12 100 1 8 1 10 10 12 1 1 10 100 12 1 1 1 100 1 18 12 1 100 1 9 100 12 1 1 1 10 12 1 100 1 10 12 1 1 10 12 1 1 10 7 12 1 1 1 10 12 1 1 10 12 1 10 12 1 10 12 1 1 10 12 1 7 1 10 12 1 10 12 1 100 1 10 12 1 10 7 12 1 1 1 100 1 8 1 10 9 12 1 9 12 1 10 12 1 10 100 12 1 1 10 12 1 10 12 1 1 8 1 10 12 1 1 8 1 11 12 1 10 12 11 12 1 1 11 7 12 1 1 1 11 7 12 1 1 11 12 1 1 7 1 11 12 1 10 12 1 8 1 10 12 1 1 8 1 8 1 8 1 8 1 11 12 1 10 12 1 10 12 1 10 12 1 10 7 12 1 1 8 1 7 1 9 7 12 1 1 1 10 12 1 7 1 9 12 10 9 12 7 1 10 12 8 1 10 12 1 1 8 1 10 7 12 1 1 10 12 1 10 7 12 1 1 1 10 12 1 1 10 7 12 1 1 1 10 12 10 7 12 1 1 1 9 12 1 1 100 1 8 1 10 12 1 1 10 7 12 1 1 1 7 1 10 12 1 1 8 1 10 8 1 8 1 8 1 8 1 10 10 7 12 1 1 10 12 1 1 10 12 1 1 10 12 1 1 10 12 1 10 100 12 1 1 1 10 100 1 8 1 10 10 10 12 1 1 10 12 1 1 8 1 10 12 1 8 1 10 12 1 10 12 1 1 7 1 10 10 12 1 10 12 1 9 12 1 1 1 3 1 3 1 1 1 1 1 1 1 1 1 1 1 1 100 1 1 100 1 1 1 1 1 1 1 1 1 1 1 100 1 100 1 1 1 1 1 1 1 1 1 1 1 1 1 1 1 1 1 1 1 1 1 1 1 1 1 1 1 1 1 1 1 1 1 1 1 1 1 1 1 1 1 1 1 1 1 1 1 1 1 1 1 1 1 1 1 1 1 1 100 1 1 1 1 1 1 1 1 1 1 1 1 1 1 1 1 1 1 1 1 1 1 1 1 1 1 1 1 1 1 1 1 1 100 1 1 15 10 100 12 1 1 1 16 15 10 12 1 1 16 15 10 12 16 1 1 1 1 1 1 1 100 1 100 1 1
staticfield java/lang/System in Ljava/io/InputStream; java/io/BufferedInputStream
staticfield java/lang/System out Ljava/io/PrintStream; java/io/PrintStream
staticfield java/lang/System err Ljava/io/PrintStream; java/io/PrintStream
instanceKlass jdk/internal/reflect/DelegatingClassLoader
instanceKlass java/security/SecureClassLoader
ciInstanceKlass java/lang/ClassLoader 1 1 1098 9 7 12 1 1 1 10 7 12 1 1 1 9 12 1 1 10 7 12 1 1 1 7 1 10 12 1 1 10 12 1 1 9 12 1 1 10 12 1 1 100 1 10 12 1 10 12 1 1 10 7 12 1 1 1 100 1 8 1 10 12 1 10 7 12 1 1 1 10 100 12 1 10 7 1 10 7 1 7 1 7 1 10 12 1 10 12 1 9 12 1 1 10 10 7 12 1 1 1 9 12 1 1 9 12 1 9 12 1 1 9 12 1 9 12 1 1 9 12 1 1 7 1 10 12 1 9 12 1 1 10 12 1 1 10 7 12 1 1 1 9 12 1 9 12 1 1 9 12 1 10 12 1 1 9 12 10 12 1 1 7 1 10 8 1 10 12 1 1 10 12 1 10 7 1 7 1 10 12 1 1 10 7 12 1 1 1 8 1 10 12 1 10 12 1 10 12 1 1 10 12 1 1 10 12 1 1 10 12 1 1 10 12 1 1 10 12 1 7 1 10 12 1 10 7 12 1 1 1 10 12 1 1 10 12 1 10 12 1 10 12 1 10 12 1 10 12 1 1 10 10 12 1 10 12 1 10 100 12 1 1 10 12 1 1 10 12 1 1 10 12 1 100 1 10 12 1 100 1 10 12 1 10 100 12 1 1 1 10 10 12 1 1 10 12 1 1 100 1 8 1 10 8 1 10 12 1 10 12 1 100 1 8 1 10 12 1 1 10 12 1 1 10 10 12 1 1 10 12 1 1 10 12 1 1 10 7 1 10 12 1 1 10 12 1 1 10 12 1 1 10 12 1 1 10 12 1 1 10 12 1 1 10 12 1 10 100 12 1 1 1 10 12 1 10 12 1 10 12 1 1 10 12 1 10 12 1 10 12 1 10 12 1 1 10 12 1 10 12 1 1 8 1 9 12 1 10 12 1 1 8 1 8 1 10 7 12 1 1 100 1 10 10 12 10 12 1 10 12 1 10 12 1 10 12 1 1 10 7 12 1 1 10 12 1 10 7 1 7 1 10 12 1 1 10 12 1 10 7 1 10 12 1 100 1 18 12 1 10 100 12 1 1 1 10 100 12 1 1 1 10 7 12 1 1 10 12 1 1 10 12 1 10 12 1 1 100 1 10 12 1 10 12 1 1 10 7 12 1 1 10 12 1 8 1 100 1 10 10 12 1 9 12 1 10 7 12 1 1 10 12 1 100 1 8 1 10 12 1 10 8 1 8 1 10 12 1 1 10 12 1 1 10 12 1 1 10 100 12 1 1 1 100 1 100 1 10 12 1 1 100 1 100 1 10 100 12 1 1 10 12 1 10 12 1 1 10 12 1 10 12 1 1 10 12 1 1 9 100 12 1 1 1 10 12 1 1 10 12 1 10 12 1 10 12 1 1 10 12 1 8 1 10 12 1 7 1 18 12 1 1 10 12 1 1 10 12 1 10 12 1 10 12 1 8 1 10 12 1 10 12 1 18 12 1 11 100 12 1 1 1 100 1 10 12 1 1 10 12 1 10 11 12 1 1 10 18 10 12 1 1 11 100 12 1 18 12 1 11 12 1 1 10 12 10 12 1 1 10 12 1 1 100 1 8 1 10 10 12 1 8 1 8 1 10 100 12 1 1 10 12 1 100 1 10 10 12 1 8 1 8 1 8 1 10 12 1 10 12 1 1 10 12 1 10 100 12 1 1 1 11 100 12 1 1 100 1 10 11 10 12 1 10 12 1 10 12 1 1 9 100 12 1 1 9 12 1 1 9 12 9 12 1 9 12 1 9 12 1 8 10 12 1 1 10 7 12 1 1 1 10 12 1 1 10 12 1 1 10 12 1 10 10 12 1 11 12 1 1 10 100 12 1 1 1 100 1 10 12 1 10 12 1 10 12 1 1 1 1 1 1 1 1 1 1 1 1 1 1 1 1 1 1 1 1 1 1 1 1 1 1 1 1 100 1 1 1 1 1 1 1 1 1 1 1 1 1 1 1 1 1 1 1 1 1 100 1 1 1 1 1 1 1 1 1 1 100 1 1 1 1 1 1 1 1 1 1 1 1 1 1 1 1 1 1 1 1 1 1 1 1 1 1 1 1 1 1 1 1 1 1 1 1 1 1 1 1 1 100 1 1 1 1 1 1 1 1 1 1 1 1 1 1 1 1 1 1 100 1 1 1 1 1 1 1 1 1 1 1 1 1 1 1 1 1 1 1 1 1 1 1 1 1 1 1 1 1 1 1 1 1 1 1 1 1 1 1 1 1 1 1 1 1 1 1 1 1 1 1 100 1 1 1 1 1 1 1 1 1 1 1 1 1 1 1 1 1 1 1 1 1 1 1 1 1 1 1 1 1 1 1 1 1 1 1 1 1 1 1 1 1 1 1 1 1 1 15 10 100 12 1 1 1 16 1 15 10 12 16 1 16 15 10 12 16 1 16 1 15 10 12 16 15 10 12 16 15 10 12 16 1 1 100 1 100 1 1
staticfield java/lang/ClassLoader nocerts [Ljava/security/cert/Certificate; 0 [Ljava/security/cert/Certificate;
staticfield java/lang/ClassLoader $assertionsDisabled Z 1
ciInstanceKlass jdk/internal/reflect/DelegatingClassLoader 1 1 18 10 7 12 1 1 1 100 1 1 1 1 1 1 1 1 1 1
instanceKlass java/net/URLClassLoader
instanceKlass jdk/internal/loader/BuiltinClassLoader
ciInstanceKlass java/security/SecureClassLoader 1 1 102 10 7 12 1 1 1 7 1 10 12 1 9 7 12 1 1 1 10 12 1 10 12 1 10 12 1 1 10 12 1 1 10 12 1 7 1 10 7 1 10 12 1 7 1 10 12 1 11 7 12 1 1 1 7 1 11 12 1 10 12 1 1 1 1 1 1 1 1 1 1 1 1 1 1 1 1 1 1 1 1 1 1 1 1 1 1 1 1 1 1 1 1 1 1 1 1 100 1 1 1 1
instanceKlass jdk/internal/loader/ClassLoaders$BootClassLoader
instanceKlass jdk/internal/loader/ClassLoaders$PlatformClassLoader
instanceKlass jdk/internal/loader/ClassLoaders$AppClassLoader
ciInstanceKlass jdk/internal/loader/BuiltinClassLoader 1 1 737 9 7 12 1 1 1 10 7 12 1 1 1 10 7 12 1 1 1 9 12 1 1 9 12 1 1 7 1 10 12 1 9 12 1 10 12 1 9 12 1 10 7 12 1 1 1 10 7 12 1 1 1 10 7 12 1 1 1 11 7 12 1 1 1 100 1 100 1 10 10 12 1 1 8 1 10 12 1 10 12 7 1 10 12 1 10 12 1 1 11 7 12 1 1 1 11 7 12 1 1 1 11 12 1 1 7 1 8 1 8 1 10 9 12 1 1 10 7 12 1 1 11 12 1 1 10 12 1 1 10 12 1 1 10 12 1 1 10 7 12 1 1 1 10 12 1 10 100 12 1 1 1 10 12 1 1 11 7 12 1 1 1 10 100 12 1 1 100 1 10 7 12 1 1 1 10 12 1 100 1 8 1 10 12 1 1 10 8 1 10 12 1 1 10 12 1 1 10 12 1 1 11 7 12 1 1 11 12 1 7 1 10 11 12 1 1 11 10 12 1 1 7 1 10 12 1 10 7 12 1 10 12 1 7 1 10 12 1 10 7 12 1 1 1 100 1 10 12 1 1 11 12 1 100 1 100 1 10 12 1 10 12 1 1 100 1 100 1 10 12 1 10 12 1 18 12 1 1 10 12 1 10 12 1 1 18 100 1 10 7 12 1 1 1 7 1 10 10 12 1 1 10 12 1 1 10 12 1 1 10 12 1 9 12 1 1 100 1 10 10 12 1 1 10 12 1 1 10 12 1 10 12 10 12 1 1 10 12 1 1 10 12 1 1 10 12 1 10 12 1 1 18 12 1 7 1 10 12 1 1 10 12 1 10 12 1 1 10 12 1 100 1 10 12 1 100 1 10 12 1 10 7 12 1 1 1 10 12 1 11 12 1 100 1 10 12 1 7 1 100 1 10 12 1 10 12 1 11 12 1 1 10 12 1 1 10 12 1 1 10 12 1 1 10 12 1 1 10 12 1 10 12 1 10 12 1 10 12 1 8 1 10 12 1 1 10 7 12 1 1 10 12 1 100 1 8 1 8 1 10 10 12 1 8 1 8 1 10 7 12 1 1 1 11 7 12 1 1 1 9 7 12 1 1 1 10 7 12 1 1 1 9 12 1 9 12 1 9 12 1 9 12 1 9 12 1 9 12 1 10 7 12 1 1 1 8 1 10 12 1 7 1 10 12 1 1 10 12 1 7 1 10 11 12 1 1 10 12 10 12 1 10 12 1 100 1 10 12 1 10 12 1 10 10 12 1 10 7 12 1 1 8 1 10 7 12 1 1 10 12 1 1 1 1 1 1 1 1 1 1 1 1 1 1 1 1 1 1 1 1 1 1 1 1 1 1 1 1 1 1 1 1 1 1 1 1 1 1 1 1 1 1 1 1 1 1 1 1 1 1 1 1 1 1 1 1 100 1 1 1 1 1 1 1 1 1 1 1 1 1 1 1 1 1 1 100 1 100 1 1 1 1 1 1 1 1 1 1 1 1 1 1 1 1 1 1 1 1 1 1 1 1 1 1 1 1 1 1 1 1 1 1 1 1 1 1 1 1 1 1 1 1 1 1 1 1 1 1 1 100 1 1 15 10 100 12 1 1 1 16 15 10 12 16 15 10 12 16 15 10 12 16 1 1 1 100 1 1 1 1 1 100 1 100 1 1
staticfield jdk/internal/loader/BuiltinClassLoader packageToModule Ljava/util/Map; java/util/concurrent/ConcurrentHashMap
staticfield jdk/internal/loader/BuiltinClassLoader $assertionsDisabled Z 1
ciInstanceKlass java/security/AccessController 1 1 295 10 100 12 1 1 1 10 7 12 1 1 1 10 7 12 1 1 1 10 12 1 1 10 12 1 1 10 7 12 1 1 1 10 12 1 1 10 12 1 10 12 1 1 10 12 1 100 1 8 1 10 12 1 10 12 1 10 12 1 1 10 12 1 100 1 100 1 10 12 1 1 10 12 1 10 12 1 10 12 1 1 10 7 12 1 1 1 10 12 1 1 9 100 12 1 1 1 10 100 12 1 1 1 10 12 1 10 12 1 9 100 12 1 1 1 10 12 1 10 12 1 1 9 12 1 1 10 100 1 10 11 7 12 1 1 1 10 7 12 1 1 11 7 1 100 1 10 12 1 10 12 1 10 12 1 8 1 10 12 1 1 8 1 10 100 12 1 1 1 8 1 100 1 10 10 12 1 1 10 12 1 10 7 12 1 1 1 10 12 1 8 1 10 100 12 1 1 8 1 8 1 10 12 1 8 1 10 12 1 10 12 1 1 10 12 1 1 1 1 1 1 1 1 1 1 1 1 1 1 1 1 1 1 1 1 1 1 1 1 1 1 1 1 100 1 1 1 1 1 1 1 1 1 1 1 1 1 1 1 1 1 1 1 1 1 1 1 1 1 1 1 1 1 1 1 1 1 1 100 1 100 1 1 1 1 1 1 1 1 1 3 1 1 1
staticfield java/security/AccessController $assertionsDisabled Z 1
ciMethod java/lang/ClassLoader getClassLoadingLock (Ljava/lang/String;)Ljava/lang/Object; 514 0 5383 0 256
instanceKlass jdk/internal/reflect/GeneratedConstructorAccessor2
instanceKlass jdk/internal/reflect/BootstrapConstructorAccessorImpl
instanceKlass jdk/internal/reflect/GeneratedConstructorAccessor1
instanceKlass jdk/internal/reflect/DelegatingConstructorAccessorImpl
instanceKlass jdk/internal/reflect/NativeConstructorAccessorImpl
ciInstanceKlass jdk/internal/reflect/ConstructorAccessorImpl 1 1 27 10 7 12 1 1 1 100 1 100 1 1 1 1 1 1 1 1 1 100 1 100 1 100 1 1 1
instanceKlass jdk/internal/reflect/FieldAccessorImpl
instanceKlass jdk/internal/reflect/ConstructorAccessorImpl
instanceKlass jdk/internal/reflect/MethodAccessorImpl
ciInstanceKlass jdk/internal/reflect/MagicAccessorImpl 1 1 16 10 7 12 1 1 1 100 1 1 1 1 1 1 1 1
instanceKlass jdk/internal/reflect/DelegatingMethodAccessorImpl
instanceKlass jdk/internal/reflect/NativeMethodAccessorImpl
ciInstanceKlass jdk/internal/reflect/MethodAccessorImpl 1 1 25 10 7 12 1 1 1 100 1 100 1 1 1 1 1 1 1 1 1 100 1 100 1 1 1
ciInstanceKlass java/lang/Module 1 1 959 10 7 12 1 1 1 9 7 12 1 1 1 10 7 12 1 1 1 9 12 1 9 12 1 1 9 12 1 1 10 12 1 1 10 12 1 10 12 1 1 10 7 12 1 1 1 7 1 10 7 12 1 1 1 10 12 1 1 11 7 12 1 1 1 10 12 1 1 10 7 12 1 1 1 10 12 1 1 10 7 12 1 1 1 9 100 12 1 1 1 10 100 12 1 1 1 10 12 1 8 1 10 7 12 1 1 1 10 7 12 1 1 1 9 12 1 1 9 12 1 1 10 12 1 9 12 1 1 11 12 1 9 7 12 1 1 10 7 12 1 1 1 10 100 12 1 1 1 10 12 1 1 100 1 100 1 10 10 12 1 1 8 1 10 12 1 10 12 10 12 1 10 12 1 1 10 12 1 1 10 12 1 1 9 7 12 1 1 1 10 12 1 1 10 12 1 1 9 12 1 10 12 1 10 12 1 9 12 1 1 11 7 12 1 1 10 12 1 1 9 12 1 9 12 1 10 12 1 10 12 1 100 1 8 1 10 10 12 1 1 10 12 1 8 1 10 12 1 1 8 1 8 1 10 12 1 1 10 12 1 10 12 1 1 18 12 1 1 10 12 1 1 11 12 1 9 12 1 11 12 10 100 12 1 1 100 1 8 1 10 7 1 11 12 1 1 10 12 1 10 12 1 10 12 1 1 11 12 1 1 11 7 12 1 1 11 12 1 1 9 12 1 11 12 1 10 12 1 1 10 12 1 1 9 12 1 10 12 10 7 12 1 1 10 7 12 1 1 10 7 1 18 12 1 1 11 100 12 1 1 1 18 12 1 11 12 1 1 10 100 12 1 1 1 11 12 1 1 10 7 12 1 1 4 7 1 11 12 1 7 1 7 1 10 10 7 12 1 1 1 10 11 7 12 1 8 1 10 10 12 1 1 10 7 12 1 1 10 12 1 10 12 1 7 1 10 12 1 10 11 12 1 1 10 12 10 12 1 1 9 12 1 100 1 10 10 12 1 1 11 7 1 10 12 1 1 11 12 1 10 10 12 1 11 10 12 1 1 10 12 1 1 10 12 1 1 10 7 12 1 1 10 12 1 10 12 1 1 10 10 12 1 1 10 12 1 18 12 1 11 12 1 18 12 1 10 12 1 10 12 1 10 12 7 1 10 12 1 10 12 1 10 12 1 9 12 1 7 1 10 10 10 10 12 1 10 12 1 10 12 1 10 12 1 1 10 12 1 1 10 12 1 9 12 1 18 12 1 1 10 100 12 1 1 1 100 1 8 1 10 12 1 1 10 12 1 1 10 100 12 1 1 100 1 10 12 1 1 100 1 8 1 100 1 10 100 1 100 1 3 10 12 1 100 1 10 12 1 10 12 1 1 10 12 1 1 100 1 10 12 1 10 12 1 1 100 1 100 1 10 12 8 1 10 12 1 1 10 12 1 1 10 100 12 1 1 10 12 1 1 10 12 1 10 12 10 12 1 1 100 1 10 10 12 1 1 10 100 12 1 1 1 100 1 8 1 10 12 1 1 10 100 12 1 1 8 1 10 12 1 8 1 10 12 1 10 12 10 12 1 8 1 10 10 100 12 1 1 7 1 10 10 12 1 10 7 12 1 1 9 12 1 9 12 1 9 12 1 9 12 1 10 12 11 12 1 10 12 1 100 1 1 1 1 1 1 1 1 1 1 1 1 1 1 1 1 100 1 1 1 1 1 1 1 1 1 1 1 1 1 1 1 1 1 1 1 1 1 1 1 1 1 1 1 1 1 1 1 1 1 1 1 1 1 1 1 1 1 1 1 1 1 1 1 1 1 1 1 1 1 1 1 1 1 1 1 1 1 1 1 1 1 1 1 1 1 1 1 1 1 1 1 1 1 1 1 1 1 1 1 100 100 1 1 1 1 1 1 1 1 1 1 1 1 1 1 1 1 1 1 1 1 1 1 1 1 1 1 1 1 1 1 1 1 1 1 100 1 100 1 100 1 1 1 1 1 1 1 1 1 1 1 1 1 1 1 1 1 1 1 1 1 1 1 1 1 1 1 1 15 10 7 12 1 1 1 16 15 10 12 16 16 15 10 12 16 16 15 10 16 1 15 10 12 16 1 15 10 12 16 1 16 15 10 12 16 1 1 1 1 1 1 1 100 1 100 1 1
staticfield java/lang/Module ALL_UNNAMED_MODULE Ljava/lang/Module; java/lang/Module
staticfield java/lang/Module ALL_UNNAMED_MODULE_SET Ljava/util/Set; java/util/ImmutableCollections$Set12
staticfield java/lang/Module EVERYONE_MODULE Ljava/lang/Module; java/lang/Module
staticfield java/lang/Module EVERYONE_SET Ljava/util/Set; java/util/ImmutableCollections$Set12
staticfield java/lang/Module $assertionsDisabled Z 1
instanceKlass org/jetbrains/kotlin/com/intellij/util/containers/Stack
instanceKlass org/jetbrains/kotlin/config/MavenComparableVersion$ListItem
ciInstanceKlass java/util/ArrayList 1 1 492 10 7 12 1 1 1 7 1 9 7 12 1 1 1 9 12 1 100 1 100 1 10 8 1 10 12 1 1 10 12 1 10 12 1 1 10 12 1 9 12 1 11 7 12 1 1 1 9 12 1 1 10 12 1 1 7 10 7 12 1 1 1 9 12 1 10 12 1 10 12 1 1 10 7 12 1 1 1 10 7 12 1 1 1 10 12 1 1 10 12 1 1 10 12 1 1 10 12 1 10 12 1 1 100 1 100 1 10 12 1 10 7 12 1 1 1 10 7 12 1 1 10 12 1 10 12 10 12 1 1 10 12 1 1 10 12 1 1 100 1 10 12 1 1 10 12 1 1 10 12 1 100 1 10 11 12 1 1 11 100 12 1 1 1 11 12 1 10 12 1 10 12 1 10 12 1 1 100 1 10 12 1 1 10 10 12 1 1 10 12 1 8 1 8 1 8 1 8 1 10 12 1 1 10 12 1 1 11 12 1 100 1 10 100 12 1 1 10 12 1 10 12 1 1 10 100 12 1 1 10 12 1 10 100 12 1 1 1 11 100 12 1 1 1 10 12 1 100 1 8 1 10 100 1 10 12 1 7 1 10 12 1 10 12 1 1 7 1 10 12 1 10 12 1 1 11 100 12 1 1 7 1 10 12 1 10 12 1 1 11 100 12 1 1 10 12 1 1 10 12 1 1 10 12 1 1 10 12 1 1 11 100 12 1 1 10 12 1 1 100 1 100 1 100 1 1 1 1 5 0 1 3 1 1 1 1 1 1 1 1 1 1 1 1 1 1 1 1 1 1 1 1 1 1 1 1 1 1 1 1 1 1 1 1 1 1 1 1 1 1 1 1 1 1 1 1 1 1 1 1 1 1 1 1 1 1 1 1 1 1 1 1 1 1 1 1 1 1 1 1 1 1 1 1 1 1 1 1 1 1 1 1 1 1 1 1 1 1 1 1 1 1 1 1 1 1 1 1 100 1 1 1 1 100 1 1 1 1 1 1 1 1 1 1 1 1 1 1 1 1 1 1 1 1 1 1 1 1 1 1 1 1 1 100 1 1 1 1 1 1 1 1 1 1 1 1 1 1 1 1 1 1 100 1 100 1 1 1 1 1 1
staticfield java/util/ArrayList EMPTY_ELEMENTDATA [Ljava/lang/Object; 0 [Ljava/lang/Object;
staticfield java/util/ArrayList DEFAULTCAPACITY_EMPTY_ELEMENTDATA [Ljava/lang/Object; 0 [Ljava/lang/Object;
ciInstanceKlass java/util/concurrent/ConcurrentHashMap 1 1 1210 7 1 7 1 3 10 12 1 1 3 100 1 10 7 12 1 1 1 100 1 10 100 12 1 1 1 100 1 11 12 1 1 11 12 1 11 12 1 1 9 12 1 1 9 12 1 1 9 12 1 10 7 12 1 1 1 7 1 10 12 1 1 10 12 1 1 10 7 12 1 1 1 4 10 12 1 9 12 1 10 12 1 1 100 1 10 5 0 10 12 1 10 12 1 1 5 0 10 12 1 1 10 12 1 9 12 1 1 10 12 1 1 9 12 1 9 12 1 1 10 12 1 1 9 12 1 10 12 1 1 9 12 1 1 10 12 1 1 100 1 10 100 1 10 12 1 10 12 1 1 10 12 1 1 10 12 1 1 10 12 1 10 12 1 1 10 12 1 1 100 1 10 12 1 1 7 1 100 1 8 1 10 12 1 10 12 1 1 10 12 1 1 11 7 12 1 1 10 12 1 1 11 12 1 1 11 7 12 1 1 1 11 7 12 1 1 1 11 12 1 7 1 11 12 1 11 12 1 10 12 1 1 10 12 1 1 9 12 1 1 10 100 12 1 1 1 9 10 12 1 1 9 12 1 10 12 1 1 5 0 9 12 1 1 7 1 10 12 1 9 12 1 1 7 1 10 12 1 9 12 1 7 1 10 100 1 10 10 12 1 1 8 1 10 12 1 10 12 1 1 11 100 1 10 12 1 10 100 12 1 1 1 8 1 10 100 12 1 1 1 8 1 10 12 1 8 1 10 12 1 10 12 1 1 10 100 12 1 1 10 12 1 10 12 1 10 12 1 9 12 1 9 10 12 1 9 12 1 1 11 100 12 1 1 1 11 100 12 1 1 1 100 1 10 12 11 100 12 1 1 10 11 7 12 1 10 12 1 100 1 10 12 1 100 1 10 10 9 100 12 1 1 1 10 12 3 10 100 12 1 1 9 12 1 10 12 1 1 9 12 1 1 9 12 1 10 12 1 1 10 100 12 1 1 9 12 1 9 7 12 1 1 10 12 1 1 10 12 1 3 9 12 1 9 12 1 10 12 1 1 7 1 9 3 9 12 1 100 1 10 12 1 9 12 1 10 12 1 9 12 1 10 12 1 9 12 1 10 100 12 1 1 1 100 10 12 1 100 1 5 0 10 100 12 1 1 100 1 10 12 1 1 10 12 1 10 12 1 100 1 10 12 1 10 100 1 100 1 10 10 12 1 10 100 1 10 12 1 10 100 1 10 12 1 10 100 1 10 12 1 1 100 1 10 12 1 10 10 12 1 100 1 10 12 1 10 10 12 1 100 1 10 12 1 10 100 1 10 12 1 10 100 1 10 12 1 10 100 1 10 12 1 10 100 1 10 12 1 10 100 1 10 12 1 10 100 1 10 12 1 10 100 1 10 12 1 10 100 1 10 10 100 1 10 10 100 1 10 10 100 1 10 12 1 10 100 1 10 12 1 10 100 1 10 12 1 10 100 1 10 12 1 10 100 1 10 12 1 10 100 1 10 10 100 1 10 10 100 1 10 10 100 1 10 12 1 10 100 1 10 12 1 10 100 1 10 12 1 10 100 1 10 12 1 10 100 1 10 12 1 10 10 12 1 10 7 12 1 1 1 10 12 1 7 1 7 1 10 12 1 9 12 1 1 9 12 1 1 10 12 1 1 8 10 12 1 1 8 8 8 8 7 10 12 1 1 10 12 1 100 1 8 1 10 7 1 100 1 100 1 1 1 5 0 1 1 3 1 3 1 1 1 1 3 1 3 1 3 1 1 1 1 1 3 1 3 1 3 1 1 1 1 1 1 1 1 1 1 1 1 1 1 1 1 1 1 1 1 1 1 1 1 1 100 1 1 1 1 1 1 1 1 1 1 1 1 1 1 1 1 1 1 1 1 1 1 1 1 1 1 1 1 1 1 1 1 1 1 1 1 1 1 1 1 1 1 1 1 1 1 1 1 1 1 1 1 1 1 1 1 1 1 1 1 1 1 1 1 1 1 1 1 1 1 1 1 1 1 1 1 1 1 1 1 1 1 1 1 100 1 1 1 1 1 1 1 1 1 1 1 100 1 1 1 1 1 1 1 1 1 1 1 1 1 1 1 1 1 1 1 1 1 1 1 1 1 1 1 1 1 1 1 1 1 1 1 1 1 1 1 1 1 1 1 1 1 1 1 1 1 1 1 1 1 1 1 1 1 1 1 1 1 1 1 1 1 1 1 1 1 1 1 1 1 1 1 1 1 1 1 1 1 1 1 1 1 1 1 1 1 1 1 1 1 1 1 1 1 1 1 1 1 1 1 1 1 1 1 1 1 1 1 1 1 1 1 1 1 1 1 1 1 1 1 1 1 1 1 1 1 1 1 1 1 1 1 1 1 1 1 1 1 1 1 1 1 1 1 1 1 1 1 1 1 1 1 1 1 1 1 1 1 1 1 1 1 1 1 1 1 1 1 1 1 1 1 1 1 1 1 1 1 1 1 1 1 1 1 1 1 1 1 1 1 1 1 1 1 1 1 1 1 1 1 1 1 1 1 1 1 1 1 1 1 1 1 1 1 1 1 1 1 1 1 100 1 100 1 100 1 100 1 100 1 100 1 100 1 100 1 100 1 1 1 1 1 1 1 1 1 1 1 1 1 1 1 1 1 1 1 1 1 1 1 1 1 1 1 1 1 1 1 1 1 1 1 1 1 1 1 1 1 1 1 1 1 1 1 1 1 1 1 1 1 1 1 1 1 1
staticfield java/util/concurrent/ConcurrentHashMap NCPU I 12
staticfield java/util/concurrent/ConcurrentHashMap serialPersistentFields [Ljava/io/ObjectStreamField; 3 [Ljava/io/ObjectStreamField;
staticfield java/util/concurrent/ConcurrentHashMap U Ljdk/internal/misc/Unsafe; jdk/internal/misc/Unsafe
staticfield java/util/concurrent/ConcurrentHashMap SIZECTL J 20
staticfield java/util/concurrent/ConcurrentHashMap TRANSFERINDEX J 32
staticfield java/util/concurrent/ConcurrentHashMap BASECOUNT J 24
staticfield java/util/concurrent/ConcurrentHashMap CELLSBUSY J 36
staticfield java/util/concurrent/ConcurrentHashMap CELLVALUE J 144
staticfield java/util/concurrent/ConcurrentHashMap ABASE I 16
staticfield java/util/concurrent/ConcurrentHashMap ASHIFT I 2
ciInstanceKlass java/lang/String 1 1 1396 10 7 12 1 1 1 8 1 9 7 12 1 1 1 9 12 1 1 9 12 1 1 10 12 1 10 12 1 1 10 12 1 1 9 12 1 1 10 7 12 1 1 1 10 7 1 10 7 12 1 1 1 10 12 1 1 10 12 1 1 10 12 1 10 12 1 1 10 12 1 10 7 12 1 1 1 9 7 12 1 1 1 10 7 12 1 1 1 10 12 1 1 10 12 1 1 10 12 1 1 10 12 1 1 10 12 1 1 9 7 12 1 1 10 12 9 7 12 1 1 3 10 7 12 1 1 1 7 1 11 12 1 1 11 12 1 11 12 1 1 10 100 12 1 1 1 10 12 1 1 9 100 12 1 1 1 10 12 1 1 10 12 1 11 12 1 1 10 12 1 1 10 12 10 12 1 1 10 100 12 1 1 1 10 7 12 1 1 1 10 12 1 1 100 1 100 1 10 12 1 10 12 1 10 12 1 1 100 1 10 12 1 1 100 1 10 12 1 1 10 12 1 1 10 10 12 1 100 1 100 1 100 1 10 12 1 10 12 1 1 10 12 1 1 10 12 1 10 12 1 1 10 12 1 1 10 100 12 1 1 100 1 11 11 12 1 11 12 1 10 12 1 1 10 12 1 10 12 10 12 1 1 10 10 100 12 1 1 1 10 100 12 1 1 10 12 1 1 10 100 12 1 1 10 12 1 10 12 1 1 10 12 1 1 10 12 1 10 12 1 10 12 1 1 100 1 10 12 1 1 10 12 10 12 1 10 12 1 1 10 100 12 1 1 1 10 12 1 10 12 1 1 10 12 1 10 12 1 3 3 10 12 1 10 12 1 1 10 12 1 1 10 12 1 1 10 12 1 10 12 1 1 10 12 1 1 10 12 1 10 12 1 10 12 1 10 12 1 1 10 12 1 10 12 1 10 12 1 10 12 1 10 12 1 10 12 1 10 100 1 10 8 1 10 12 1 1 10 12 1 8 1 10 12 1 1 10 12 10 12 1 8 1 10 10 12 1 1 10 12 1 1 10 12 1 10 12 1 1 10 12 10 100 1 10 10 12 1 10 12 1 10 12 1 10 10 12 1 10 12 1 1 10 12 1 100 1 10 10 12 1 100 1 10 10 12 1 10 12 1 1 10 12 1 10 12 1 1 10 10 12 1 1 10 100 1 10 10 12 1 10 12 1 1 10 12 1 1 10 100 1 10 12 1 10 12 1 10 12 1 10 12 1 1 10 12 1 11 7 1 11 12 10 12 1 10 12 1 1 10 12 1 1 10 10 12 1 10 12 1 9 12 1 1 11 7 12 1 1 1 10 10 12 1 10 12 1 1 10 10 12 1 10 12 1 10 12 1 1 9 12 1 10 12 1 1 10 10 12 1 1 10 12 10 10 12 1 10 12 10 10 12 10 10 12 1 10 12 1 10 12 10 10 12 10 12 1 10 12 10 12 10 10 12 1 10 12 1 1 10 12 1 10 10 12 1 10 7 12 1 1 1 10 12 1 1 10 10 100 12 1 1 1 11 10 12 1 10 12 1 1 10 12 1 1 10 100 12 1 1 1 10 12 1 10 10 12 1 10 12 1 10 12 1 10 100 12 1 1 10 12 1 100 1 100 1 8 1 10 10 10 12 1 8 1 10 12 1 3 3 7 1 10 10 12 1 10 12 1 10 12 1 1 10 12 1 1 11 7 12 1 1 1 7 1 10 12 1 1 10 12 1 10 12 1 1 10 12 1 1 8 1 10 12 1 1 10 12 1 11 100 12 1 1 1 11 100 12 1 1 11 12 1 1 10 12 1 10 12 1 1 10 10 7 12 1 1 1 10 12 1 10 12 1 10 10 12 10 12 1 1 10 10 12 1 10 10 12 1 10 10 12 1 10 10 12 1 10 12 1 1 10 10 12 1 8 1 10 12 1 1 18 12 1 1 11 100 12 1 1 1 7 1 3 18 12 1 18 12 1 8 1 10 100 12 1 1 1 11 12 1 1 10 12 10 10 12 1 10 11 12 1 1 10 12 1 1 11 12 1 18 3 11 10 12 1 11 11 10 12 1 10 12 1 1 8 1 10 12 1 10 12 1 10 12 1 1 10 10 12 1 11 100 12 1 100 1 100 1 10 12 1 100 1 10 10 100 12 1 1 1 100 1 10 7 1 10 10 12 1 10 10 12 1 8 1 10 10 12 1 8 1 8 1 10 12 1 10 12 1 10 10 12 10 100 12 1 1 10 100 12 1 1 10 100 12 1 1 8 1 10 12 1 10 12 1 1 10 10 12 8 1 8 1 10 8 1 8 1 8 1 8 1 10 12 1 10 12 1 8 1 10 100 12 1 1 1 10 12 10 12 1 1 10 12 10 10 12 10 12 7 1 9 12 1 1 7 1 10 100 1 100 1 100 1 100 1 1 1 1 1 1 5 0 1 1 1 1 1 3 1 3 1 1 1 1 1 1 1 1 1 1 1 1 1 1 1 100 1 1 1 100 1 1 1 1 1 1 1 1 1 1 1 1 1 1 1 1 1 1 1 1 1 1 1 1 1 1 1 100 1 1 1 1 1 1 1 1 1 100 1 1 1 1 1 1 1 1 1 1 1 1 1 1 1 1 1 1 1 1 1 1 1 1 1 1 1 1 1 1 1 1 1 1 1 1 1 1 1 1 1 1 1 1 1 1 1 1 1 1 1 1 1 1 1 1 1 1 1 1 1 1 1 1 1 1 1 1 1 1 1 1 1 1 1 1 1 1 1 1 1 1 1 1 1 1 1 1 1 1 1 1 1 1 1 1 1 1 1 1 1 1 1 1 1 1 1 1 1 1 1 1 1 1 1 1 1 1 1 1 1 1 1 1 1 1 1 1 1 1 1 1 1 1 1 1 1 1 1 1 1 1 1 1 1 1 1 1 1 1 1 1 1 1 1 1 1 1 1 1 1 1 1 1 1 1 1 1 1 100 1 1 1 1 1 1 1 1 1 1 1 1 1 1 1 1 1 1 1 1 1 1 1 1 100 1 1 1 1 1 1 1 1 1 1 1 1 1 100 1 1 1 1 1 1 1 1 1 1 1 1 1 1 1 15 10 100 12 1 1 1 16 15 10 12 16 15 10 12 15 10 12 15 10 12 1 1 1 1 100 1 100 1 1 1
staticfield java/lang/String COMPACT_STRINGS Z 1
staticfield java/lang/String serialPersistentFields [Ljava/io/ObjectStreamField; 0 [Ljava/io/ObjectStreamField;
staticfield java/lang/String CASE_INSENSITIVE_ORDER Ljava/util/Comparator; java/lang/String$CaseInsensitiveComparator
ciInstanceKlass java/security/ProtectionDomain 1 1 324 10 7 12 1 1 1 9 7 12 1 1 1 7 1 10 9 12 1 1 9 12 1 1 9 12 1 1 10 7 12 1 1 7 1 9 12 1 9 12 1 1 7 1 9 12 1 1 9 12 1 10 100 12 1 1 10 100 12 1 1 1 10 12 1 1 10 12 1 9 12 1 9 100 12 1 1 10 12 1 1 10 100 1 10 12 1 1 8 1 100 1 8 1 10 12 1 10 10 100 12 1 1 1 10 12 1 1 8 1 11 8 1 10 12 1 8 1 8 1 10 12 1 1 10 12 1 10 12 1 1 10 12 1 8 1 10 12 1 8 1 8 1 10 100 12 1 1 1 9 100 12 1 1 1 10 12 1 1 9 100 12 1 1 1 10 100 12 1 1 1 100 1 100 1 10 12 1 10 100 12 1 1 1 10 100 1 10 12 1 10 12 1 1 11 100 12 1 1 11 12 1 100 1 11 100 12 1 1 1 10 12 1 10 11 12 1 1 11 12 1 1 10 12 1 10 7 12 1 1 10 100 12 1 1 11 12 1 10 12 8 1 8 1 10 7 12 1 1 1 7 1 10 10 7 12 1 1 1 1 1 1 1 1 1 1 100 1 1 100 1 1 1 1 1 1 1 1 1 1 1 1 1 1 1 1 1 1 1 1 1 1 1 1 1 1 1 1 1 1 1 1 1 1 1 1 1 1 1 1 1 1 100 1 1 1 1 1 100 1 1 1 1 1
staticfield java/security/ProtectionDomain filePermCompatInPD Z 0
ciInstanceKlass java/security/CodeSource 1 1 395 10 7 12 1 1 1 9 7 12 1 1 1 9 12 1 1 9 12 1 1 9 12 1 1 10 7 12 1 1 1 9 12 1 1 10 100 12 1 1 10 100 10 100 12 1 1 1 10 100 12 1 1 1 10 12 1 1 100 1 10 10 100 12 1 1 1 10 100 12 1 1 1 10 12 1 1 10 12 1 100 1 10 12 1 1 10 12 1 1 10 12 1 1 10 12 1 10 10 10 12 1 1 10 100 12 1 1 1 10 12 1 10 12 1 10 12 1 8 1 10 12 1 10 12 1 10 12 1 1 10 12 1 8 1 10 12 1 1 10 100 1 10 10 12 1 1 8 1 10 12 1 10 12 1 10 12 1 8 1 8 1 9 12 1 1 100 1 8 1 10 12 1 10 12 1 1 8 1 10 12 1 8 1 8 1 8 1 10 100 12 1 1 10 12 1 1 10 12 1 10 12 1 1 10 12 1 1 10 12 1 1 100 1 100 1 10 12 1 10 12 10 12 1 1 10 100 12 1 1 10 12 1 100 1 10 12 10 8 1 10 12 1 10 12 1 10 12 1 1 100 1 10 12 1 1 100 1 100 1 8 1 8 1 10 10 12 1 1 10 100 12 1 1 1 100 1 10 12 10 12 1 1 11 100 12 1 1 10 10 12 1 11 10 12 1 8 1 100 1 10 12 1 10 12 1 1 10 12 1 11 12 1 1 11 100 1 1 1 1 5 0 1 1 1 1 1 1 1 1 1 1 1 1 1 1 1 1 1 1 1 1 1 1 1 1 1 1 1 1 1 1 1 1 1 1 1 1 1 1 1 1 1 1 1 1 1 1 1 1 1 1 1 1 1 1 1 1 1 1 1 1 1 1 1 1 1 100 1 1 1 1 1 1 1
ciInstanceKlass java/lang/StringBuilder 1 1 409 10 7 12 1 1 1 10 12 1 10 12 1 10 12 1 1 10 7 12 1 1 1 10 7 12 1 1 1 10 12 1 10 12 1 10 12 1 10 12 1 10 12 1 10 12 1 10 12 1 10 12 1 10 12 1 10 12 1 10 12 1 10 12 1 10 12 1 10 12 1 1 10 12 1 10 12 1 1 10 12 1 1 10 12 1 10 12 1 10 12 1 10 12 1 10 12 1 10 12 1 10 12 1 10 12 10 12 1 10 12 1 10 12 1 10 12 1 1 10 12 1 10 12 1 10 12 10 12 1 1 10 12 1 1 9 12 1 1 9 12 1 1 10 7 12 1 1 1 10 100 1 10 100 12 1 1 1 10 12 1 10 12 1 1 10 12 1 1 10 10 12 1 1 10 100 12 1 1 10 12 1 10 12 1 1 100 1 100 1 8 1 10 10 12 1 1 10 12 1 1 10 12 1 10 12 1 10 12 1 10 12 1 10 12 1 10 12 1 10 12 1 10 12 1 10 12 1 10 12 1 10 12 1 10 12 1 10 12 1 10 12 1 10 12 1 1 10 12 1 1 10 12 1 10 12 1 10 12 1 10 12 10 12 10 12 1 10 12 1 10 12 1 10 12 10 12 1 10 12 1 10 12 1 10 12 1 10 12 1 10 12 1 10 12 1 10 12 1 10 12 1 1 10 12 1 10 12 1 1 10 12 1 10 12 1 1 10 12 1 10 12 1 1 10 12 1 10 12 1 10 12 1 10 10 12 1 10 12 1 100 1 100 1 100 1 1 1 1 5 0 1 1 1 1 1 1 1 1 1 1 1 1 1 1 1 1 1 1 1 1 1 1 1 1 1 1 1 1 1 1 1 1 1 1 1 1 1 1 1 1 1 1 1 100 1 1 1 100 1 1 1 1 1 1 1 1 1 1
ciInstanceKlass java/security/cert/Certificate 0 0 124 10 100 12 1 1 1 9 100 12 1 1 1 9 12 1 1 10 100 12 1 1 1 10 100 12 1 1 1 100 1 10 12 1 1 100 1 10 100 1 10 12 1 1 10 12 1 100 1 100 1 10 8 1 10 12 1 1 8 1 10 12 1 1 10 12 1 10 12 1 100 1 1 1 1 5 0 1 1 1 1 1 1 1 1 1 1 1 1 1 1 1 1 1 1 100 1 1 1 100 1 100 1 100 1 100 1 1 1 1 1 1 1 1 1 1 1 100 1 1 1 1 1 1
ciInstanceKlass jdk/internal/reflect/Reflection 1 1 376 10 100 12 1 1 1 10 7 12 1 1 1 10 12 1 1 10 7 12 1 1 1 10 100 12 1 1 1 11 100 12 1 1 1 100 1 100 1 10 8 1 10 12 1 1 10 12 1 10 12 1 1 10 12 1 10 7 12 1 1 1 10 12 1 1 10 12 1 1 10 7 12 1 1 1 10 12 1 1 10 12 1 10 12 1 10 12 1 10 12 1 10 12 1 10 7 12 1 1 1 10 12 1 10 12 1 1 10 12 1 1 10 12 1 1 9 12 1 1 10 12 1 1 9 12 1 11 7 12 1 1 100 1 8 1 10 7 1 10 12 1 11 7 12 1 1 1 11 12 1 1 10 12 1 1 7 1 7 1 10 12 1 8 1 11 12 1 1 10 100 12 1 1 1 100 1 11 100 12 1 1 10 7 12 1 1 10 7 12 1 1 1 7 1 10 12 1 1 10 12 1 1 11 100 12 1 1 1 10 12 1 8 1 10 12 1 1 8 1 8 1 8 1 8 1 8 1 10 12 1 8 1 8 1 8 1 8 1 100 1 10 8 1 11 12 1 1 9 12 1 1 7 1 8 1 8 1 11 12 1 7 1 7 1 7 1 7 1 8 1 11 12 1 11 12 1 1 1 1 1 1 1 1 1 1 1 1 1 1 1 1 1 1 1 1 1 1 1 1 1 1 1 1 1 1 1 1 1 1 1 1 1 1 1 1 1 1 1 1 1 1 1 1 1 1 1 1 1 1 1 1 1 1 1 1 1 1 1 1 1 1 1 1 1 1 1 1 1 1 1 1 1 1 1 1 1 1 1 1 1 1 1 1 1 1 1 1 1 100 1 1 1 1 1 1
staticfield jdk/internal/reflect/Reflection ALL_MEMBERS Ljava/util/Set; java/util/ImmutableCollections$Set12
ciInstanceKlass jdk/internal/misc/VM 1 1 314 10 7 12 1 1 1 9 7 12 1 1 1 9 12 1 1 100 1 100 1 10 8 1 10 12 1 1 10 12 1 10 12 1 1 10 12 1 10 12 1 10 12 1 10 12 1 10 12 1 9 12 1 1 9 12 1 1 9 12 1 3 10 7 12 1 1 1 9 12 1 1 100 1 8 1 10 11 7 12 1 1 1 7 1 10 100 12 1 1 1 8 1 8 1 10 12 1 1 8 1 10 12 1 1 10 7 12 1 1 1 10 12 1 1 10 100 12 1 1 1 5 0 8 1 8 1 8 1 10 12 1 1 10 12 1 1 10 7 12 1 1 1 10 12 1 10 12 1 9 12 1 100 1 10 12 1 10 7 12 1 1 9 12 1 9 12 1 9 100 12 1 1 1 9 12 1 9 12 1 9 12 1 9 12 1 9 12 1 10 12 1 10 12 1 10 12 1 10 12 1 10 12 1 9 100 12 1 1 1 5 0 10 1 1 3 1 3 1 3 1 3 1 3 1 1 1 1 1 1 1 3 1 3 1 3 1 1 1 1 1 1 1 100 1 1 1 100 1 1 1 1 1 1 1 1 1 1 1 1 1 1 1 1 1 1 1 1 1 1 1 1 1 1 1 1 1 1 1 1 1 1 1 1 1 1 1 1 1 1 1 1 1 1 1 1 1 1 1 1 1 1 1 1 1 1 100 1 1 100 1 1 1 1
staticfield jdk/internal/misc/VM lock Ljava/lang/Object; java/lang/Object
ciInstanceKlass jdk/internal/loader/ClassLoaders 1 1 183 10 100 12 1 1 1 10 7 12 1 1 1 10 12 1 1 10 100 12 1 1 1 9 7 12 1 1 1 9 12 1 1 9 12 1 1 7 1 11 100 12 1 1 1 100 1 11 12 1 1 11 12 1 1 10 100 12 1 1 1 10 100 12 1 1 1 100 1 100 1 10 7 12 1 1 1 9 12 1 1 10 12 1 1 7 1 10 12 1 1 10 12 1 7 1 8 1 10 7 12 1 1 1 10 12 1 1 7 1 10 12 1 10 12 1 10 12 1 8 1 10 7 12 1 1 8 1 8 1 10 12 1 7 1 10 12 1 10 12 1 10 12 1 1 1 1 1 1 1 1 1 1 1 1 1 1 1 1 1 1 1 1 100 1 1 1 1 1 1 1 1 1 1 1 1 1 1 1 1 1 1 1
staticfield jdk/internal/loader/ClassLoaders JLA Ljdk/internal/access/JavaLangAccess; java/lang/System$2
staticfield jdk/internal/loader/ClassLoaders BOOT_LOADER Ljdk/internal/loader/ClassLoaders$BootClassLoader; jdk/internal/loader/ClassLoaders$BootClassLoader
staticfield jdk/internal/loader/ClassLoaders PLATFORM_LOADER Ljdk/internal/loader/ClassLoaders$PlatformClassLoader; jdk/internal/loader/ClassLoaders$PlatformClassLoader
staticfield jdk/internal/loader/ClassLoaders APP_LOADER Ljdk/internal/loader/ClassLoaders$AppClassLoader; jdk/internal/loader/ClassLoaders$AppClassLoader
ciInstanceKlass jdk/internal/misc/Unsafe 1 1 1285 10 7 12 1 1 1 9 7 12 1 1 1 9 12 1 1 10 12 1 1 10 7 12 1 1 1 10 12 1 1 10 12 1 1 10 12 1 1 10 12 1 1 10 12 1 1 10 12 1 1 10 12 1 1 10 12 1 1 10 12 1 1 10 12 1 1 10 12 1 1 10 12 1 1 10 12 1 1 10 12 1 10 12 1 100 1 10 10 12 1 1 10 12 1 1 5 0 10 12 1 1 10 12 1 1 10 7 12 1 1 1 10 12 1 1 10 12 1 10 12 1 10 12 1 1 10 12 1 1 10 12 1 10 12 1 100 1 100 1 10 8 1 10 12 1 1 10 12 1 8 1 10 12 1 1 10 12 1 10 12 1 10 12 1 1 10 12 1 10 12 1 1 10 12 1 1 10 12 1 10 12 1 10 12 1 10 12 1 1 10 12 1 10 12 1 10 12 1 1 10 12 1 5 0 5 0 5 0 10 12 1 10 12 1 10 12 1 10 12 1 10 12 1 10 12 1 10 12 1 10 12 1 10 12 1 1 10 12 1 10 12 1 100 1 8 1 10 100 1 10 10 12 1 1 10 12 1 1 10 12 1 10 12 1 1 10 12 1 1 10 12 1 10 12 1 1 10 12 1 9 7 12 1 1 9 12 1 100 1 10 10 12 1 1 8 1 10 8 1 8 1 10 12 1 1 9 7 12 1 1 1 9 100 1 9 7 1 9 100 1 9 9 100 1 9 100 1 9 100 1 10 12 1 1 10 12 1 1 10 12 1 1 10 12 1 1 5 0 5 0 9 12 1 1 10 12 1 10 12 1 10 12 1 1 10 12 1 1 10 12 1 8 1 3 10 12 1 1 10 12 1 1 10 12 1 10 12 1 1 10 12 1 1 10 12 1 10 12 1 10 12 1 10 12 1 10 12 1 10 12 1 1 10 12 1 1 10 12 1 10 12 1 10 12 1 10 12 1 10 12 1 10 12 1 1 10 12 1 1 10 12 1 10 12 1 10 12 1 10 12 1 10 12 1 10 12 1 1 10 12 1 1 10 12 1 1 10 12 1 1 10 12 1 10 12 1 10 12 1 10 12 1 10 12 1 10 12 1 10 12 1 1 10 12 1 1 10 12 1 10 12 1 10 12 1 10 12 1 10 12 1 10 12 1 10 12 1 1 10 12 1 1 10 12 1 10 12 1 10 12 1 10 12 1 10 12 1 10 12 1 10 12 1 10 12 1 1 10 12 1 10 12 1 10 12 1 10 12 1 10 12 1 1 10 12 1 10 12 1 10 12 1 10 12 1 10 12 1 10 12 1 10 12 1 10 12 1 1 10 12 1 10 12 1 10 12 1 10 12 1 10 12 1 10 12 1 1 10 12 1 10 12 1 10 12 1 1 10 12 1 10 12 1 10 12 1 10 12 1 10 12 1 10 12 1 10 12 1 10 12 1 10 12 1 10 12 1 10 12 1 10 12 1 10 12 1 10 12 1 10 12 1 10 12 1 10 12 1 10 12 1 10 12 1 10 12 1 10 12 1 10 12 1 100 1 10 100 1 10 9 12 1 5 0 10 12 1 1 5 0 10 12 1 5 0 10 12 1 10 12 1 10 12 1 1 10 12 1 1 10 12 1 10 12 1 10 12 1 10 12 1 1 10 12 1 10 12 1 10 12 1 10 12 1 10 12 1 1 10 12 1 10 12 1 10 12 1 10 12 1 1 10 12 1 10 12 1 10 12 1 1 10 12 1 10 12 1 10 12 1 10 12 1 1 10 12 1 10 10 12 1 1 10 12 1 10 12 1 1 10 12 1 10 12 5 0 5 0 5 0 10 12 1 1 10 12 1 10 12 1 10 12 10 100 12 1 1 8 1 100 1 11 12 1 1 8 1 11 12 1 1 10 100 12 1 1 10 12 1 10 12 1 10 12 1 10 12 1 10 12 1 1 10 12 1 10 12 1 10 12 1 10 12 1 10 12 1 10 12 1 10 7 1 10 12 1 9 12 1 7 1 9 12 1 7 1 9 12 1 7 1 9 12 1 7 1 9 12 1 7 1 9 12 1 7 1 9 12 1 7 1 9 12 1 7 1 9 12 1 10 12 1 9 12 1 9 12 1 9 12 1 9 12 1 9 12 1 9 12 1 9 12 1 9 12 1 9 12 1 9 12 1 1 1 3 1 1 1 1 1 1 1 1 1 1 1 1 1 1 1 1 1 1 1 1 1 1 1 1 1 1 1 1 1 1 1 1 1 1 1 1 1 1 1 1 1 1 1 1 1 1 1 1 1 1 1 1 1 1 1 1 1 1 1 1 1 1 1 1 1 1 1 1 1 1 1 1 1 1 1 1 1 1 1 1 1 1 1 1 1 1 1 1 1 100 1 1 1 1 1 1 1 1 1 1 1 1 1 1 1 1 1 1 1 1 1 1 1 1 1 1 1 1 1 1 1 1 1 1 1 1 1 1 1 1 1 1 1 1 1 1 1 1 1 1 1 1 1 1 1 1 1 1 1 1 1 1 1 1 1 1 1 1 1 1 1 1 1 1 1 1 1 1 1 1 1 1 1 1 1 1 1 1 1 1 1 1 1 1 1 1 1 1 1 1 1 1 1 1 1 1 1 1 1 1 1 1 1 1 1 1 1 1 1 1 1 1 1 1 1 1 1 1 1 1 1 1 1 1 1 1 1 1 1 1 1 1 1 1 1 1 1 1 1 1 1 1 1 1 1 1 1 1 1 1 1 1 1 1 1 1 1 1 1 1 1 1 1 1 1 1 1 1 1 1 1 1 1 1 1 1 1 1 1 1 1 1 1 1 1 1 1 1 1 1 1 1 1 1 1 1 1 3 1 1 1 1 1 1 1 1 1 1 1 1 1 1 1 1 1 1 1 1 1
staticfield jdk/internal/misc/Unsafe theUnsafe Ljdk/internal/misc/Unsafe; jdk/internal/misc/Unsafe
staticfield jdk/internal/misc/Unsafe ARRAY_BOOLEAN_BASE_OFFSET I 16
staticfield jdk/internal/misc/Unsafe ARRAY_BYTE_BASE_OFFSET I 16
staticfield jdk/internal/misc/Unsafe ARRAY_SHORT_BASE_OFFSET I 16
staticfield jdk/internal/misc/Unsafe ARRAY_CHAR_BASE_OFFSET I 16
staticfield jdk/internal/misc/Unsafe ARRAY_INT_BASE_OFFSET I 16
staticfield jdk/internal/misc/Unsafe ARRAY_LONG_BASE_OFFSET I 16
staticfield jdk/internal/misc/Unsafe ARRAY_FLOAT_BASE_OFFSET I 16
staticfield jdk/internal/misc/Unsafe ARRAY_DOUBLE_BASE_OFFSET I 16
staticfield jdk/internal/misc/Unsafe ARRAY_OBJECT_BASE_OFFSET I 16
staticfield jdk/internal/misc/Unsafe ARRAY_BOOLEAN_INDEX_SCALE I 1
staticfield jdk/internal/misc/Unsafe ARRAY_BYTE_INDEX_SCALE I 1
staticfield jdk/internal/misc/Unsafe ARRAY_SHORT_INDEX_SCALE I 2
staticfield jdk/internal/misc/Unsafe ARRAY_CHAR_INDEX_SCALE I 2
staticfield jdk/internal/misc/Unsafe ARRAY_INT_INDEX_SCALE I 4
staticfield jdk/internal/misc/Unsafe ARRAY_LONG_INDEX_SCALE I 8
staticfield jdk/internal/misc/Unsafe ARRAY_FLOAT_INDEX_SCALE I 4
staticfield jdk/internal/misc/Unsafe ARRAY_DOUBLE_INDEX_SCALE I 8
staticfield jdk/internal/misc/Unsafe ARRAY_OBJECT_INDEX_SCALE I 4
staticfield jdk/internal/misc/Unsafe ADDRESS_SIZE I 8
ciMethod java/lang/ClassLoader findLoadedClass (Ljava/lang/String;)Ljava/lang/Class; 514 0 5455 0 0
ciMethod java/lang/ClassLoader findBootstrapClassOrNull (Ljava/lang/String;)Ljava/lang/Class; 514 0 2785 0 0
ciMethod java/lang/ClassLoader resolveClass (Ljava/lang/Class;)V 0 0 1 0 -1
ciMethod java/lang/ClassLoader defineClass (Ljava/lang/String;[BIILjava/security/ProtectionDomain;)Ljava/lang/Class; 992 0 2646 0 -1
ciMethod java/lang/ClassLoader checkName (Ljava/lang/String;)Z 522 0 5395 0 416
ciMethod java/lang/ClassLoader getBuiltinPlatformClassLoader ()Ljava/lang/ClassLoader; 32 0 128 0 -1
ciMethod java/lang/ClassLoader checkCerts (Ljava/lang/String;Ljava/security/CodeSource;)V 1280 0 2646 0 -1
ciMethod java/lang/ClassLoader preDefineClass (Ljava/lang/String;Ljava/security/ProtectionDomain;)Ljava/security/ProtectionDomain; 1252 0 2646 0 -1
ciMethod java/lang/ClassLoader defineClassSourceLocation (Ljava/security/ProtectionDomain;)Ljava/lang/String; 1252 0 2646 0 -1
ciMethod java/lang/ClassLoader defineClass1 (Ljava/lang/ClassLoader;Ljava/lang/String;[BIILjava/security/ProtectionDomain;Ljava/lang/String;)Ljava/lang/Class; 256 0 128 0 -1
ciMethod java/lang/ClassLoader postDefineClass (Ljava/lang/Class;Ljava/security/ProtectionDomain;)V 1056 0 2646 0 -1
ciMethod java/lang/ClassLoader compareCerts ([Ljava/security/cert/Certificate;[Ljava/security/cert/Certificate;)Z 512 0 2396 0 -1
ciMethod java/lang/ClassLoader findBootstrapClass (Ljava/lang/String;)Ljava/lang/Class; 256 0 128 0 -1
ciMethod java/lang/ClassLoader findLoadedClass0 (Ljava/lang/String;)Ljava/lang/Class; 256 0 128 0 -1
ciInstanceKlass jdk/internal/access/SharedSecrets 1 1 407 10 100 12 1 1 1 9 7 12 1 1 1 8 1 10 100 12 1 1 1 100 1 9 12 1 1 100 1 10 12 1 1 9 12 1 1 9 12 1 1 8 1 9 12 1 1 7 1 9 12 1 1 9 12 1 1 9 12 1 1 7 1 9 12 1 1 7 1 9 12 1 1 100 1 9 12 1 1 100 1 9 12 1 1 100 1 9 12 1 1 100 1 9 12 1 1 9 12 1 1 100 1 100 1 9 12 1 1 100 1 9 12 1 1 100 1 9 12 1 1 7 1 9 12 1 1 9 12 1 1 9 12 1 1 9 12 1 1 100 1 9 12 1 1 100 1 9 12 1 1 9 12 1 1 100 1 9 12 1 1 100 1 9 12 1 1 100 1 9 12 1 1 100 1 9 12 1 1 100 1 9 12 1 1 100 1 10 7 12 1 1 1 10 7 12 1 1 1 100 1 9 12 1 1 1 1 1 1 1 1 1 1 1 1 1 100 1 1 100 1 1 1 1 1 1 1 1 1 1 1 1 1 100 1 1 1 1 1 1 100 1 1 1 1 1 1 1 1 1 1 1 1 1 1 1 100 1 1 1 1 1 100 1 1 1 1 1 1 100 1 1 1 1 1 1 100 1 1 1 1 1 100 1 1 1 1 1 1 100 1 1 1 1 1 1 100 1 1 1 1 1 1 100 1 1 1 1 1 1 100 1 1 1 1 1 1 100 1 1 1 100 1 1 1 1 1 1 1 1 1 1 1 1 1 1 1 1 1 1 1 100 1 1 1 1 1 100 1 1 1 1 1 100 1 1 1 1 1 100 1 1 1 1 1 1 1 1 100 1 1 1 1 1 1 100 1 1 1 1 1 1 1 1 1 1 1 1 1 1 1 100 1 1 1 1 1 1 1 1 1 1 1 100 1 1 1
staticfield jdk/internal/access/SharedSecrets lookup Ljava/lang/invoke/MethodHandles$Lookup; java/lang/invoke/MethodHandles$Lookup
ciInstanceKlass java/util/Map 1 1 259 11 7 12 1 1 1 11 12 1 1 10 100 12 1 1 11 12 1 1 11 7 12 1 1 1 11 100 12 1 1 1 11 12 1 1 7 1 11 12 1 11 12 1 100 1 100 1 10 12 1 1 11 100 12 1 1 1 11 100 12 1 1 1 11 12 1 11 12 1 10 12 1 1 11 12 1 11 100 12 1 9 7 12 1 1 1 100 1 10 12 7 1 7 1 10 12 1 7 1 10 7 1 11 12 1 1 7 1 11 12 1 1 1 1 1 1 1 1 1 1 1 1 1 1 1 1 1 1 1 1 1 1 1 1 1 1 1 1 1 1 1 1 1 1 1 1 1 1 1 1 1 1 1 1 1 1 1 1 1 1 1 1 1 1 1 1 1 1 1 1 1 1 1 1 1 1 1 1 1 1 1 1 1 1 1 1 1 1 1 1 1 1 1 1 1 1 1 1 1 1 1 1 1 1 1 1 1 1 1 1 1 1 1 1 1 1 1 1 1 1 1 1 1 1 1 1 1 1 1 1 1 1 1 1 1 1 1 1 1 100 1 1 1 1 1 1 1 1 1 1 1 1 1 1 1 1 1 1
ciInstanceKlass java/lang/ThreadGroup 1 1 293 10 7 12 1 1 1 9 7 12 1 1 1 8 1 9 12 1 1 7 1 9 12 1 9 12 1 1 10 12 1 1 10 12 1 1 10 12 1 10 12 1 1 10 12 1 9 12 1 1 10 12 1 1 10 12 1 9 12 1 10 100 12 1 1 1 9 12 1 9 12 1 1 10 7 12 1 1 1 100 10 12 1 1 10 7 12 1 1 1 10 100 12 1 9 12 1 10 12 1 1 10 12 1 1 9 12 1 1 10 12 1 1 10 12 1 10 12 1 10 12 1 1 10 12 1 1 10 12 1 10 12 1 10 10 12 1 10 12 1 10 100 1 10 10 12 1 10 12 1 10 12 1 7 10 12 1 9 12 1 1 10 12 1 1 8 1 10 100 12 1 1 1 10 12 1 1 10 12 1 1 10 12 1 1 11 100 1 100 1 9 12 1 100 1 10 8 1 10 12 1 1 10 12 1 1 8 1 10 12 1 10 100 12 1 1 1 10 12 1 1 10 100 1 8 1 10 8 1 10 12 1 8 1 1 1 1 1 1 1 1 1 1 1 1 1 1 1 1 1 3 1 1 1 1 1 1 1 1 1 1 1 1 1 1 1 1 1 1 1 1 1 1 1 1 1 1 1 1 1 1 1 1 1 1 1 1 1 1 1 1 1 1
ciInstanceKlass java/io/PrintStream 1 1 346 100 1 10 12 1 1 8 1 10 7 12 1 1 1 10 100 12 1 1 1 100 1 100 1 100 1 10 10 7 12 1 1 9 12 1 1 9 12 1 9 12 1 7 1 10 9 12 1 1 7 1 10 12 1 9 12 1 1 10 12 1 10 12 1 8 1 7 1 10 12 1 10 12 1 10 12 1 100 1 10 10 12 1 8 1 10 12 1 9 12 1 1 100 1 8 1 10 10 12 1 1 10 12 1 10 12 1 10 10 10 12 1 1 10 12 1 1 100 1 10 100 12 1 1 1 10 12 1 10 12 1 10 10 12 1 10 12 1 10 10 12 1 10 12 10 7 12 1 1 1 10 12 1 1 10 10 12 1 10 12 1 10 12 1 10 12 1 10 12 1 10 10 12 1 10 10 100 12 1 1 1 10 12 1 10 12 1 1 10 12 1 10 12 10 12 1 10 12 1 10 12 1 10 12 10 12 10 12 10 12 1 1 10 12 1 9 12 1 1 10 100 12 1 1 1 9 100 12 1 1 1 10 100 12 1 1 1 10 12 1 10 12 1 10 12 1 8 1 11 100 12 1 1 1 10 12 1 1 10 12 1 10 12 1 100 1 100 1 1 1 1 1 1 1 1 1 1 1 1 1 1 1 1 100 1 1 1 1 1 1 1 1 100 1 1 1 1 1 1 1 1 1 100 1 1 1 1 1 1 1 1 1 1 1 1 1 1 1 1 1 1 1 1 1 1 1 1 1 1 100 1 1 1 1 1 1 1 1 1 1 1 1 1 1 1
ciInstanceKlass java/lang/System$2 1 1 435 10 7 12 1 1 1 10 7 12 1 1 1 10 12 1 1 10 12 1 1 10 12 1 1 10 12 1 1 10 12 1 1 10 12 1 10 12 1 1 10 12 1 1 7 1 10 100 12 1 1 1 10 100 12 1 1 1 10 12 1 10 12 1 10 7 12 1 1 1 10 12 1 1 10 12 1 1 10 12 1 1 10 12 1 1 10 100 12 1 1 1 10 100 12 1 1 1 10 12 1 7 1 10 12 1 10 12 1 10 12 1 1 10 12 1 10 12 1 1 10 12 1 10 12 1 10 12 1 10 12 1 10 12 1 10 12 1 1 10 12 1 1 10 12 1 10 12 1 1 10 12 1 10 12 1 1 10 7 12 1 1 1 10 12 1 10 12 1 1 10 12 1 10 7 12 1 1 1 10 12 1 1 10 12 1 1 10 12 1 1 10 100 12 1 1 1 10 12 1 1 10 100 12 1 1 1 10 100 12 1 1 1 10 12 1 1 10 7 12 1 1 1 10 12 1 1 10 12 1 1 10 12 1 1 10 12 1 1 10 12 1 1 10 12 1 1 10 12 1 1 8 1 100 1 100 1 1 1 1 1 1 1 1 1 1 1 1 1 1 1 1 1 1 1 1 1 1 1 1 1 1 1 1 1 1 1 1 1 1 1 1 1 1 1 1 1 1 1 1 1 1 1 1 1 1 1 1 1 1 1 1 1 1 1 1 1 1 1 1 1 1 1 1 1 1 1 1 1 1 1 1 1 1 1 1 1 1 1 1 1 1 1 1 1 1 1 1 1 1 1 1 1 1 1 1 1 1 1 1 1 1 1 1 1 1 1 1 1 1 1 1 1 1 1 1 1 1 1 1 1 1 1 1 1 1 1 100 1 1 1 1 1 1 1 1 1 1 1 1 1 1 1 1 1 1 1 1 1 1 1 1 1 1 1 1 1 1 1 1 1 1 1 1 1 1 1 1 1 100 1 12 1 1 1
ciInstanceKlass java/lang/StringConcatHelper 1 1 250 7 1 10 7 12 1 1 1 100 1 8 1 10 12 1 10 7 12 1 1 1 10 12 1 1 10 100 12 1 1 1 5 0 10 100 12 1 1 1 10 100 12 1 1 10 12 1 1 10 12 1 1 10 100 12 1 1 1 10 12 1 1 10 12 1 10 12 1 10 12 1 10 12 1 1 10 10 12 1 10 10 12 1 10 12 1 1 10 12 1 100 1 100 1 10 8 1 10 12 1 1 10 12 1 8 1 10 12 1 1 10 10 12 1 1 10 12 1 1 10 10 12 1 1 10 12 1 10 12 1 1 10 12 1 1 10 8 1 9 12 1 1 9 7 12 1 1 1 10 7 12 1 1 1 7 1 9 12 1 1 10 7 12 1 1 1 10 7 12 1 1 1 100 1 100 1 100 1 10 12 1 10 12 1 1 1 1 1 5 0 1 1 1 1 1 1 1 1 1 1 1 1 1 1 1 1 1 1 1 1 1 1 1 1 1 1 1 1 1 1 1 1 1 1 1 1 1 1 1 1 1 1 1 1 1 1 1 1 1 1 1 1 100 1 1 1 1 1 1
staticfield java/lang/StringConcatHelper UNSAFE Ljdk/internal/misc/Unsafe; jdk/internal/misc/Unsafe
ciInstanceKlass java/util/Properties 1 1 690 10 7 12 1 1 1 100 1 10 7 12 1 1 7 1 10 12 1 9 12 1 1 9 12 1 1 9 12 1 1 10 7 12 1 1 1 10 12 1 1 8 1 10 7 12 1 1 1 7 1 10 12 1 10 12 1 1 8 1 10 12 1 7 1 10 12 10 12 1 1 9 12 1 1 10 12 1 1 7 1 10 12 1 10 12 1 10 12 1 1 100 1 8 1 10 12 1 10 12 1 10 12 1 1 10 12 1 100 1 3 10 10 100 12 1 1 1 10 12 1 10 12 1 1 8 1 10 12 1 10 12 1 1 8 1 10 100 12 1 1 10 12 1 1 10 12 1 10 12 1 1 100 1 10 12 1 10 12 1 1 100 1 9 100 12 1 1 1 10 12 1 10 12 1 1 10 12 1 1 10 12 1 1 100 1 9 12 1 1 7 1 100 1 10 12 1 100 1 11 7 12 1 1 1 11 12 1 1 11 100 12 1 1 1 11 7 12 1 1 1 11 12 1 1 11 12 1 11 12 1 10 12 1 1 8 1 10 12 1 10 100 12 1 1 10 12 1 100 1 10 10 12 1 10 12 1 100 1 10 10 12 1 1 10 100 12 1 1 9 100 12 1 1 10 12 1 1 10 100 12 1 1 1 100 1 100 1 100 1 10 8 1 8 1 10 12 1 10 12 1 10 12 1 1 10 10 12 1 1 10 12 1 1 100 1 10 10 12 1 11 7 12 1 1 10 7 12 1 1 1 8 1 10 100 12 1 1 11 11 7 1 8 1 10 100 1 11 10 12 1 10 10 12 1 10 12 1 1 10 12 1 1 10 12 1 1 10 12 1 10 12 1 10 10 12 1 10 12 1 10 12 1 10 10 12 1 1 10 12 1 1 10 10 12 1 10 12 1 10 12 1 10 12 1 10 12 1 1 10 12 1 1 10 12 1 10 12 1 10 12 1 1 10 12 10 12 1 1 10 12 1 1 10 12 1 10 12 1 1 10 12 1 1 10 12 10 11 12 1 4 11 10 12 1 1 10 100 12 1 1 11 12 1 10 12 1 1 10 100 12 1 1 10 12 1 100 1 8 1 10 12 1 10 10 100 12 1 1 1 100 1 6 0 10 12 1 1 11 100 12 1 1 1 10 12 1 10 12 1 1 1 1 1 5 0 1 1 1 1 1 1 1 1 1 1 1 1 1 1 1 1 1 1 1 1 1 1 1 1 1 1 1 1 1 1 1 1 1 1 1 1 1 1 1 100 1 1 1 1 1 1 1 1 1 1 1 1 1 1 1 1 1 1 1 1 100 1 1 1 1 1 1 1 1 1 1 1 1 100 1 100 1 1 1 1 1 100 1 1 1 1 1 1 1 1 1 1 1 1 1 1 1 1 1 1 1 1 1 1 1 1 1 1 1 1 1 1 1 1 1 1 1 1 1 1 1 1 1 1 1 1 1 1 1 1 1 1 1 1 1 1 1 1 1 1 1 1 1 1 1 1 1 1 1 1 1 1 1 1 1 1 1 1 1 100 1 1 1 1 1 1 1 1 1 1 1 100 1 1
staticfield java/util/Properties UNSAFE Ljdk/internal/misc/Unsafe; jdk/internal/misc/Unsafe
instanceKlass java/util/Hashtable
ciInstanceKlass java/util/Dictionary 1 1 36 10 7 12 1 1 1 100 1 1 1 1 1 1 1 1 1 1 1 1 1 1 1 1 1 1 1 1 1 1 1 1 1 1 1 1
instanceKlass java/util/Properties
ciInstanceKlass java/util/Hashtable 1 1 512 100 1 10 7 12 1 1 1 9 7 12 1 1 1 100 1 100 1 10 8 1 10 12 1 1 10 12 1 10 12 1 1 10 12 1 10 7 12 1 1 1 8 1 10 12 1 9 12 1 1 7 1 9 12 1 1 4 10 7 12 1 1 1 9 12 1 4 10 12 1 11 100 12 1 1 1 10 12 1 1 10 12 1 1 9 12 1 10 12 1 1 100 1 10 9 12 1 1 10 7 12 1 1 1 9 12 1 1 10 12 1 10 12 1 3 9 12 1 9 12 1 3 10 12 1 10 12 1 10 12 1 1 11 12 1 1 11 100 12 1 1 1 11 100 12 1 1 1 11 12 1 100 1 11 12 1 11 12 1 10 12 1 1 10 12 1 1 10 12 1 9 12 1 1 9 12 9 12 1 1 10 100 1 100 1 10 12 1 10 8 1 10 10 12 1 8 1 10 8 1 10 100 12 1 1 1 7 1 10 12 1 10 12 1 100 1 10 12 1 10 12 1 1 100 1 10 100 1 10 10 12 1 1 11 12 1 1 11 12 1 100 1 10 10 10 100 12 1 1 11 100 12 1 1 1 100 1 10 11 100 12 1 1 11 100 12 1 10 12 1 10 12 1 1 10 100 12 1 1 10 12 1 1 10 12 1 1 10 12 1 1 10 100 12 1 1 1 8 10 100 12 1 1 100 1 8 1 10 4 10 12 4 10 12 1 8 1 10 12 10 100 12 1 1 1 100 1 11 100 12 1 1 1 10 100 12 1 1 1 10 12 1 10 12 1 1 10 100 1 100 1 1 1 1 1 1 5 0 1 1 1 1 1 3 1 3 1 3 1 1 1 1 1 1 1 1 1 1 1 1 1 1 1 1 1 1 1 1 1 1 1 1 1 100 1 1 1 1 1 1 1 1 1 1 1 1 1 1 1 1 1 1 1 1 1 1 1 1 1 1 1 1 1 100 1 1 1 1 1 1 1 1 1 1 1 1 1 1 1 1 1 1 1 1 1 1 1 1 1 1 1 1 1 1 1 1 1 1 1 1 1 1 1 1 1 1 1 1 1 1 1 1 1 1 1 1 1 1 1 1 1 1 100 1 1 1 100 1 1 1 1 1 100 1 1 1 1 1 1 1 1 1 1 1 1 1 1 1 1 1 1
instanceKlass org/jetbrains/kotlin/protobuf/RopeByteString$RopeInputStream
instanceKlass org/jetbrains/kotlin/com/intellij/util/io/UnsyncByteArrayInputStream
instanceKlass org/jetbrains/kotlin/com/fasterxml/aalto/in/MergedStream
instanceKlass java/util/zip/ZipFile$ZipFileInputStream
instanceKlass java/io/FilterInputStream
instanceKlass java/io/FileInputStream
instanceKlass java/io/ByteArrayInputStream
ciInstanceKlass java/io/InputStream 1 1 184 100 1 10 7 12 1 1 1 100 1 10 10 7 12 1 1 1 10 7 12 1 1 1 10 12 1 100 1 3 10 12 1 1 100 1 8 1 10 12 1 10 100 12 1 1 1 3 100 1 8 1 10 10 100 12 1 1 1 100 1 10 11 100 12 1 1 1 10 12 1 1 11 12 1 1 11 100 12 1 1 1 11 12 1 1 100 1 10 100 12 1 1 1 5 0 10 12 1 10 12 1 1 100 1 10 8 1 10 8 1 8 1 10 12 1 1 10 100 12 1 1 1 100 1 1 1 1 3 1 3 1 1 1 1 1 1 1 1 1 1 1 1 1 1 1 1 1 1 1 1 1 1 1 1 1 1 1 1 1 1 1 1 1 1 1 1 1 1 1 1 1 1 1 1 1 1 1 1 1 1 1 1 1
ciInstanceKlass java/io/ByteArrayInputStream 1 1 96 10 7 12 1 1 1 9 7 12 1 1 1 9 12 1 1 9 12 1 9 12 1 10 100 12 1 1 1 10 7 12 1 1 1 10 7 12 1 1 1 10 100 12 1 1 1 10 12 1 1 10 100 12 1 1 1 1 1 1 1 1 1 1 1 1 1 1 1 1 1 1 1 1 1 1 1 1 1 1 1 100 1 1 1 1 1 1 1 1 1 1 1 1 1 1
ciMethod java/io/InputStream readNBytes ([BII)I 40 40 11 0 -1
instanceKlass org/jetbrains/kotlin/protobuf/AbstractMessageLite$Builder$LimitedInputStream
instanceKlass sun/net/www/protocol/jar/JarURLConnection$JarURLInputStream
instanceKlass java/io/DataInputStream
instanceKlass java/util/jar/Manifest$FastInputStream
instanceKlass java/util/zip/InflaterInputStream
instanceKlass java/io/BufferedInputStream
ciInstanceKlass java/io/FilterInputStream 1 1 62 10 7 12 1 1 1 9 7 12 1 1 1 10 12 1 1 10 12 1 10 10 12 1 1 10 12 1 10 12 1 10 12 1 1 10 12 1 10 12 1 1 1 1 1 1 1 1 1 100 1 1 1 1 1 1 1 1 1 1 1 1
ciMethod java/io/InputStream readAllBytes ()[B 0 0 1 0 -1
instanceKlass java/util/logging/LogManager$Cleaner
instanceKlass jdk/internal/misc/InnocuousThread
instanceKlass java/lang/ref/Finalizer$FinalizerThread
instanceKlass java/lang/ref/Reference$ReferenceHandler
ciInstanceKlass java/lang/Thread 1 1 612 9 7 12 1 1 1 9 12 1 1 10 12 1 1 9 12 1 1 9 12 1 1 100 1 8 1 10 12 1 1 3 8 1 100 1 5 0 10 12 1 1 10 7 12 1 1 9 12 1 1 9 12 1 9 12 1 1 9 12 1 100 1 8 1 10 9 12 1 1 10 7 12 1 1 1 10 100 12 1 1 1 10 10 7 12 1 1 10 12 1 1 10 12 1 1 9 100 12 1 1 1 10 12 1 1 10 12 1 9 12 1 1 10 12 1 1 10 12 1 1 9 12 1 10 12 1 1 9 12 1 1 10 7 12 1 1 1 9 12 1 1 9 12 1 1 10 12 1 1 10 100 12 1 1 1 9 12 1 10 12 1 1 9 12 1 100 1 10 100 1 10 8 1 10 12 1 1 10 12 1 10 12 1 10 12 1 1 10 12 1 10 12 1 9 12 1 100 1 10 10 12 1 1 10 12 1 10 12 1 100 1 11 7 12 1 1 9 100 12 1 1 1 10 12 1 10 12 1 10 12 9 12 1 1 10 9 12 1 10 12 1 100 1 10 10 12 1 1 9 12 1 10 12 1 11 100 12 1 1 10 12 1 9 12 1 10 12 1 10 12 1 10 10 12 1 10 12 1 10 12 1 10 12 1 10 12 1 1 100 1 10 10 12 1 10 12 1 10 12 1 9 100 12 1 1 1 10 12 1 1 10 12 1 100 1 8 1 10 10 12 1 10 12 8 1 10 12 1 8 1 10 8 1 8 1 10 100 12 1 1 10 100 12 1 1 1 100 1 8 1 10 9 12 1 9 12 1 1 10 12 1 1 10 10 12 1 1 9 12 1 10 12 1 1 100 1 10 12 11 100 12 1 1 1 9 100 12 1 1 1 9 12 1 1 10 12 1 1 100 1 10 12 1 11 100 12 1 1 1 100 1 10 12 1 10 12 1 1 11 12 1 10 12 1 100 1 10 12 1 10 12 1 1 10 100 12 1 1 1 8 1 9 12 1 10 12 1 1 11 100 12 1 1 1 10 100 12 1 1 1 11 12 1 10 12 1 7 1 1 1 1 3 1 3 1 3 1 1 1 1 1 1 1 1 1 1 1 1 1 1 1 1 1 1 1 100 1 1 1 1 1 1 1 1 1 1 1 1 100 1 100 1 1 1 1 1 1 1 1 1 1 1 1 1 1 1 1 1 1 1 1 1 1 1 1 1 1 1 1 1 1 1 1 1 1 1 1 1 1 1 1 1 1 1 100 100 1 1 1 1 1 1 1 1 1 100 1 1 1 1 1 1 1 1 1 1 1 1 1 1 1 1 1 1 1 1 1 1 1 1 1 1 1 1 100 1 1 1 1 1 1 100 1 1 100 1 1 1 1 1 1
staticfield java/lang/Thread EMPTY_STACK_TRACE [Ljava/lang/StackTraceElement; 0 [Ljava/lang/StackTraceElement;
ciMethod java/lang/System arraycopy (Ljava/lang/Object;ILjava/lang/Object;II)V 256 0 128 0 -1
ciMethod java/lang/System getSecurityManager ()Ljava/lang/SecurityManager; 526 0 9599 0 0
ciMethod java/lang/System allowSecurityManager ()Z 526 0 9609 0 0
ciInstanceKlass java/lang/Package 1 1 356 10 7 12 1 1 1 9 12 1 1 9 7 12 1 1 1 9 12 1 9 12 1 9 12 1 9 12 1 9 12 1 10 12 1 1 10 7 12 1 1 1 9 12 1 1 10 7 12 1 1 1 9 12 1 10 12 1 1 10 100 12 1 1 1 100 1 10 100 12 1 1 1 10 7 12 1 1 1 100 1 8 1 10 12 1 1 8 1 10 12 1 1 10 100 12 1 1 1 100 1 10 12 1 8 1 10 12 1 1 10 12 1 10 12 1 10 12 1 1 10 100 12 1 1 1 10 100 12 1 1 1 10 7 12 1 1 1 10 12 1 1 10 100 12 1 1 10 12 1 1 10 12 1 1 18 12 1 1 11 100 12 1 1 1 100 1 10 12 1 10 12 1 8 1 8 1 8 1 9 12 1 1 8 1 18 12 1 1 10 100 12 1 1 1 10 12 1 1 10 100 1 10 12 1 10 100 12 1 1 1 11 100 12 1 1 1 10 12 1 1 10 12 1 1 10 12 1 10 12 1 10 12 1 10 12 1 10 10 7 12 1 1 10 12 1 1 1 1 1 1 1 1 1 1 1 1 1 1 1 1 1 1 1 1 1 1 1 1 1 1 1 1 1 1 1 1 1 1 1 1 100 100 1 1 1 1 1 1 1 1 1 1 1 1 1 1 1 1 1 1 1 1 1 100 1 1 1 1 1 1 1 1 1 1 1 1 1 1 1 1 1 1 1 1 1 1 1 15 10 100 12 1 1 1 16 1 15 10 12 16 16 1 15 10 12 1 16 1 1 1 100 1 100 1 1
instanceKlass org/jetbrains/kotlin/load/java/structure/impl/classFiles/BinaryClassSignatureParser$ClsFormatException
instanceKlass java/lang/Exception
instanceKlass java/lang/Error
ciInstanceKlass java/lang/Throwable 1 1 417 10 7 12 1 1 1 9 7 12 1 1 1 9 12 1 1 9 12 1 9 12 1 1 9 12 1 10 12 1 1 9 12 1 1 10 12 1 1 10 12 1 100 1 7 1 10 8 1 10 12 1 1 8 1 10 100 12 1 1 10 10 12 1 100 1 8 1 10 10 12 1 1 10 7 12 1 1 10 12 1 8 1 9 100 12 1 1 1 10 12 1 1 100 1 10 12 10 12 1 100 1 10 10 7 12 1 1 1 11 100 12 1 1 1 10 100 12 1 1 1 10 12 1 1 10 12 1 1 8 1 10 12 1 10 12 1 1 8 1 8 1 10 12 1 1 10 12 1 8 1 8 1 9 12 1 1 10 100 12 1 1 100 1 10 11 12 1 8 1 8 1 10 7 12 1 1 8 1 10 12 1 8 1 100 1 10 12 1 9 12 1 1 10 12 1 10 100 12 1 9 12 1 1 10 12 1 1 100 1 8 1 10 12 1 10 100 12 1 1 10 12 1 1 100 1 10 100 12 1 1 1 10 12 1 11 100 12 1 1 1 11 100 12 1 1 1 11 12 1 8 1 10 12 1 1 8 1 10 10 9 100 12 1 1 1 8 1 10 12 1 1 10 100 1 8 1 10 11 12 1 1 8 1 9 12 1 10 100 12 1 1 11 9 12 1 1 11 12 1 1 100 9 12 1 1 11 100 12 1 1 100 1 10 12 1 10 12 1 1 100 1 1 1 1 5 0 1 1 1 1 1 1 1 1 1 1 1 1 1 1 1 1 1 1 1 1 1 1 1 1 1 1 1 1 1 1 1 1 1 1 1 1 1 1 1 1 1 1 1 1 1 1 1 1 1 1 1 1 1 1 1 100 1 100 1 1 1 1 1 1 1 1 1 1 1 1 1 1 1 1 1 1 1 1 1 1 1 1 1 1 1 100 1 100 1 1
staticfield java/lang/Throwable UNASSIGNED_STACK [Ljava/lang/StackTraceElement; 0 [Ljava/lang/StackTraceElement;
staticfield java/lang/Throwable SUPPRESSED_SENTINEL Ljava/util/List; java/util/Collections$EmptyList
staticfield java/lang/Throwable EMPTY_THROWABLE_ARRAY [Ljava/lang/Throwable; 0 [Ljava/lang/Throwable;
staticfield java/lang/Throwable $assertionsDisabled Z 1
instanceKlass org/jetbrains/kotlin/container/InvalidCardinalityException
instanceKlass org/jetbrains/kotlin/container/ContainerConsistencyException
instanceKlass kotlin/reflect/full/IllegalPropertyDelegateAccessException
instanceKlass kotlin/reflect/full/IllegalCallableAccessException
instanceKlass org/jetbrains/kotlin/com/intellij/psi/scope/MethodProcessorSetupFailedException
instanceKlass javax/xml/stream/XMLStreamException
instanceKlass java/text/ParseException
instanceKlass org/jetbrains/kotlin/com/intellij/util/cls/ClsFormatException
instanceKlass java/net/URISyntaxException
instanceKlass java/lang/CloneNotSupportedException
instanceKlass java/lang/InterruptedException
instanceKlass java/io/IOException
instanceKlass java/lang/ReflectiveOperationException
instanceKlass java/lang/RuntimeException
ciInstanceKlass java/lang/Exception 1 1 40 10 7 12 1 1 1 10 12 1 10 12 1 10 12 1 10 12 1 100 1 1 1 1 5 0 1 1 1 1 1 1 1 1 1 1 1 1 1 1
instanceKlass java/lang/reflect/InvocationTargetException
instanceKlass java/lang/InstantiationException
instanceKlass java/lang/IllegalAccessException
instanceKlass java/lang/NoSuchFieldException
instanceKlass java/lang/NoSuchMethodException
instanceKlass java/lang/ClassNotFoundException
ciInstanceKlass java/lang/ReflectiveOperationException 1 1 34 10 7 12 1 1 1 10 12 1 10 12 1 10 12 1 100 1 1 1 1 5 0 1 1 1 1 1 1 1 1 1 1 1
instanceKlass java/io/IOError
instanceKlass kotlin/reflect/jvm/internal/KotlinReflectionInternalError
instanceKlass kotlin/NotImplementedError
instanceKlass kotlin/jvm/KotlinReflectionNotSupportedError
instanceKlass java/lang/AssertionError
instanceKlass java/lang/VirtualMachineError
instanceKlass java/lang/LinkageError
instanceKlass java/lang/ThreadDeath
ciInstanceKlass java/lang/Error 1 1 40 10 7 12 1 1 1 10 12 1 10 12 1 10 12 1 10 12 1 100 1 1 1 1 5 0 1 1 1 1 1 1 1 1 1 1 1 1 1 1
ciInstanceKlass java/lang/ThreadDeath 0 0 21 10 100 12 1 1 1 100 1 1 1 1 5 0 1 1 1 1 1 1 1
ciMethod java/lang/Throwable addSuppressed (Ljava/lang/Throwable;)V 0 0 1 0 -1
ciInstanceKlass java/lang/ClassNotFoundException 1 1 96 7 1 10 7 12 1 1 1 10 12 1 10 12 1 1 10 100 12 1 1 1 8 1 10 100 12 1 1 1 10 7 12 1 1 10 100 12 1 1 1 10 100 12 1 1 1 10 12 1 1 7 1 10 12 1 9 12 1 1 1 1 1 5 0 1 1 1 1 1 1 1 1 1 1 1 1 1 1 1 1 1 1 100 1 1 1 1 1 1 1 1 1 1 1 1
staticfield java/lang/ClassNotFoundException serialPersistentFields [Ljava/io/ObjectStreamField; 1 [Ljava/io/ObjectStreamField;
instanceKlass java/lang/IncompatibleClassChangeError
instanceKlass java/lang/UnsatisfiedLinkError
instanceKlass java/lang/BootstrapMethodError
instanceKlass java/lang/NoClassDefFoundError
ciInstanceKlass java/lang/LinkageError 1 1 31 10 7 12 1 1 1 10 12 1 10 12 1 100 1 1 1 1 5 0 1 1 1 1 1 1 1 1 1 1 1
ciInstanceKlass java/lang/Record 0 0 22 10 100 12 1 1 1 100 1 1 1 1 1 1 1 1 1 1 1 1 1 1
ciInstanceKlass java/lang/StringLatin1 1 1 380 7 1 10 100 12 1 1 1 100 1 10 12 1 10 7 12 1 1 1 10 7 12 1 1 1 10 12 1 10 7 12 1 1 1 10 12 1 1 10 7 12 1 1 1 10 12 1 1 10 12 1 1 10 10 12 1 10 12 1 1 10 9 7 12 1 1 1 10 12 1 1 10 7 12 1 1 1 10 12 10 12 1 1 10 12 1 1 10 12 1 1 10 7 12 1 1 1 10 12 1 10 12 1 1 9 12 1 1 100 1 10 10 100 12 1 1 1 10 7 12 1 1 1 10 12 1 10 12 1 100 1 100 1 8 1 10 12 1 8 1 10 12 100 1 10 10 10 7 12 1 1 1 8 1 8 1 8 1 10 12 1 1 10 100 12 1 1 10 12 1 10 12 1 1 10 12 1 1 10 12 1 1 10 12 1 10 12 10 12 10 12 1 10 12 10 10 12 1 10 12 1 10 12 1 10 100 12 1 1 1 10 100 12 1 1 1 10 12 1 1 10 12 1 1 10 10 7 12 1 1 1 1 1 1 1 1 1 1 1 1 1 1 1 1 1 1 1 1 1 1 1 1 1 1 1 1 1 1 1 1 1 1 1 1 1 1 1 1 1 1 1 1 1 1 1 1 1 1 1 1 100 1 1 1 1 1 1 1 1 1 1 1 1 1 1 1 1 1 1 1 1 1 1 1 1 1 1 1 1 1 1 1 1 1 1 1 1 1 1 1 1 1 1 1 1 100 1 1 1 1 1 1 1 1 1 1 1 1 1 1 1 1 1 1 1 1 1 100 1 1 1 1 1 1 1 1 1 1 1 1 1 1 1 1 1 1 1 1 1 1 1 1 1 1 100 1 1 1 1
staticfield java/lang/StringLatin1 $assertionsDisabled Z 1
instanceKlass java/io/FilePermission
instanceKlass java/security/UnresolvedPermission
instanceKlass java/security/AllPermission
instanceKlass java/security/BasicPermission
ciInstanceKlass java/security/Permission 1 1 96 10 7 12 1 1 1 9 7 12 1 1 1 10 100 12 1 1 1 10 100 12 1 1 1 10 12 1 1 10 100 12 1 1 1 100 1 10 8 1 10 12 1 1 10 12 1 1 10 100 12 1 1 8 1 8 1 10 12 1 100 1 100 1 1 1 1 5 0 1 1 1 1 1 1 1 1 1 1 1 1 1 1 100 1 1 1 1 1 1 1 1 1 1 1 1
ciInstanceKlass java/lang/Math 1 1 395 10 100 12 1 1 1 10 7 12 1 1 1 10 12 1 10 12 1 10 12 1 10 12 1 10 12 1 7 1 6 0 6 0 10 12 1 10 12 1 10 12 1 10 12 1 10 12 1 10 12 1 1 10 12 1 10 12 1 10 12 1 10 12 1 10 12 1 10 7 12 1 1 1 100 1 3 3 3 10 7 12 1 1 1 100 1 5 0 5 0 5 0 5 0 5 0 9 100 12 1 1 1 10 100 12 1 1 1 100 1 8 1 10 12 1 8 1 10 12 1 1 10 12 1 1 100 1 5 0 5 0 100 1 3 5 0 3 5 0 10 12 1 10 12 1 8 1 10 12 1 8 1 9 12 1 1 9 12 1 10 12 1 1 6 0 10 12 1 9 12 1 1 100 1 10 10 12 1 100 1 10 12 1 10 12 1 1 10 12 1 10 12 1 10 12 1 10 12 1 1 10 12 1 1 10 12 1 1 10 12 6 0 10 12 1 1 10 12 1 1 10 12 10 12 1 4 10 12 1 1 10 12 1 10 12 1 10 12 10 12 1 10 12 1 10 12 1 10 12 1 10 12 1 10 12 1 10 12 1 5 0 6 0 4 6 0 4 6 0 4 10 12 1 1 9 12 1 1 10 12 1 9 12 1 10 7 12 1 1 1 4 6 0 1 1 6 0 1 6 0 1 1 1 1 1 1 1 1 1 1 1 1 1 1 1 1 1 1 1 1 1 1 1 1 1 1 1 1 1 1 1 1 1 1 1 1 1 1 1 1 1 1 1 1 1 1 1 1 1 1 1 1 1 1 1 1 1 1 1 1 1 1 1 1 1 1 1 1 1 1 1 1 1 1 1 1 1 1 1 1 1 1 1 1 1 1 1 1 1 1 1 1 1 1
staticfield java/lang/Math negativeZeroFloatBits J -2147483648
staticfield java/lang/Math negativeZeroDoubleBits J -9223372036854775808
staticfield java/lang/Math $assertionsDisabled Z 1
ciInstanceKlass java/util/Arrays 1 1 988 10 7 12 1 1 1 10 7 12 1 1 1 10 7 12 1 1 1 10 12 1 10 12 1 10 12 1 10 12 1 10 12 1 10 12 1 10 100 12 1 1 1 100 1 100 1 10 8 1 10 12 1 1 10 12 1 8 1 8 1 10 12 1 1 10 12 1 100 1 10 12 1 9 100 12 1 1 1 10 7 12 1 1 100 1 10 12 1 1 10 7 12 1 1 10 7 12 1 1 1 100 1 10 12 1 10 12 1 1 7 1 9 7 12 1 1 1 10 12 1 1 10 100 12 1 1 10 12 1 10 12 1 1 10 12 1 10 12 1 1 100 1 11 12 1 1 10 12 1 10 7 12 1 1 1 10 12 10 12 1 10 12 1 10 12 10 12 1 11 100 12 1 1 1 10 7 12 1 1 1 100 1 10 12 1 10 100 1 10 12 1 10 100 1 10 12 1 10 100 1 10 12 1 10 10 12 1 1 10 12 1 10 12 1 10 12 1 10 12 1 10 12 1 10 100 12 1 1 1 10 12 1 10 100 12 1 1 1 10 12 1 10 12 1 10 100 12 1 1 1 10 12 1 10 12 1 10 12 1 10 12 1 10 12 1 10 12 1 10 12 1 10 12 1 10 12 1 10 12 1 10 12 1 10 12 1 10 12 1 10 12 1 10 12 1 10 12 1 1 10 12 1 1 10 7 12 1 1 1 10 12 1 8 1 7 1 10 12 10 12 1 10 12 1 1 10 12 1 1 9 100 12 1 1 1 100 1 10 12 1 9 100 1 100 1 10 12 1 9 100 1 100 1 10 12 1 9 100 1 100 1 10 12 1 9 100 1 100 1 10 12 1 9 100 1 100 1 10 12 1 9 100 1 10 12 1 100 1 10 12 1 10 12 1 9 12 1 100 1 10 10 12 1 1 10 12 1 10 12 1 10 12 1 10 12 1 10 12 1 10 12 1 10 12 1 10 12 1 10 12 1 8 1 8 1 10 12 1 10 12 1 8 1 10 12 1 10 12 1 10 12 1 10 100 12 1 1 1 3 10 100 1 10 10 12 1 1 11 100 12 1 1 10 12 1 1 10 12 1 10 12 1 10 12 1 10 12 1 10 12 1 10 12 1 10 12 1 10 12 1 11 12 1 8 1 10 11 12 1 11 100 12 1 1 1 11 100 12 1 1 1 11 12 1 1 18 12 1 1 11 12 1 1 11 100 12 1 1 1 18 12 1 11 100 12 1 1 1 18 12 1 11 100 12 1 1 1 18 12 1 100 1 10 100 12 1 1 1 10 12 1 10 12 1 10 12 1 10 12 1 10 12 1 10 12 1 10 12 1 10 12 1 1 10 12 1 10 100 12 1 1 10 12 1 10 12 1 10 12 1 1 10 12 1 10 12 1 10 12 1 1 10 12 1 10 12 1 10 12 1 1 10 12 1 10 12 1 10 12 1 10 12 1 10 12 10 12 1 10 12 10 12 10 12 1 10 12 10 12 1 10 12 1 10 12 1 1 1 1 3 1 3 1 1 1 1 1 1 1 1 1 1 1 1 1 1 1 1 1 1 1 1 1 1 1 1 1 1 1 1 1 1 1 1 1 1 1 1 1 1 1 1 1 1 1 1 1 1 1 1 1 1 1 1 1 1 1 1 1 1 1 1 1 1 1 1 1 1 1 1 1 1 1 1 1 1 1 1 1 1 1 1 1 1 1 1 1 1 1 1 1 1 1 1 1 1 1 1 1 1 1 1 1 1 1 1 1 1 1 1 1 1 1 1 1 1 1 1 1 1 1 1 1 1 1 1 1 1 1 1 1 1 1 1 1 1 1 1 1 1 1 1 1 1 1 1 1 1 1 1 1 1 1 1 1 1 1 1 1 1 1 1 1 1 1 1 1 1 1 1 1 1 1 1 1 1 1 1 1 1 1 1 1 1 1 1 1 1 1 1 1 1 1 1 1 1 1 1 1 1 1 1 1 1 1 1 1 1 1 1 1 1 1 1 1 1 1 1 1 1 1 1 1 1 1 1 1 1 1 1 1 1 1 1 1 1 1 1 1 1 1 1 1 1 1 1 1 1 1 1 1 1 1 1 1 1 1 1 1 1 1 1 1 100 1 1 15 10 100 12 1 1 1 16 15 10 12 15 10 12 15 10 12 15 10 12 1 1 100 1 100 1 1 1 1 100 1 1 1 1 1 1 100 1 1 100 1 1 100 1 1 1 100 1 100 1 1
staticfield java/util/Arrays $assertionsDisabled Z 1
ciMethod java/lang/StringLatin1 equals ([B[B)Z 868 602 1484 0 -1
ciMethod java/lang/StringLatin1 hashCode ([B)I 686 14366 1279 0 352
ciMethod java/lang/StringLatin1 inflate ([BI[BII)V 2 0 1 0 -1
ciMethod java/lang/StringLatin1 indexOf ([BII)I 626 0 5915 0 448
ciMethod java/lang/StringLatin1 indexOfChar ([BIII)I 270 10682 2247 0 -1
ciMethod java/lang/StringLatin1 charAt ([BI)C 908 0 393043 0 128
ciMethod java/lang/StringLatin1 regionMatchesCI ([BI[BII)Z 512 24 5432 0 -1
ciMethod java/lang/StringLatin1 regionMatchesCI_UTF16 ([BI[BII)Z 0 0 1 0 -1
ciMethod java/lang/StringLatin1 lastIndexOf ([BII)I 220 12348 879 0 224
ciMethod java/lang/StringLatin1 newString ([BII)Ljava/lang/String; 266 0 7372 0 1152
ciMethod java/lang/StringLatin1 replace ([BCC)Ljava/lang/String; 212 10270 782 0 1344
ciMethod java/lang/StringLatin1 canEncode (I)Z 760 0 39343 0 96
ciInstanceKlass java/lang/StringUTF16 1 1 598 100 1 7 1 10 100 12 1 1 1 100 1 10 7 1 3 100 1 100 1 10 8 1 10 12 1 1 10 12 1 8 1 10 12 1 1 10 12 1 9 12 1 1 10 12 1 1 100 1 8 1 10 12 1 9 12 1 1 9 12 1 10 10 12 1 1 10 12 1 1 10 100 12 1 1 1 10 12 1 10 12 1 1 10 12 1 1 10 12 1 1 10 12 1 1 10 12 1 10 12 1 1 10 12 1 1 10 12 1 1 10 12 1 1 10 12 1 10 12 1 10 12 1 1 10 12 1 100 1 10 12 1 10 10 12 1 1 10 12 1 10 12 1 1 10 12 1 10 100 12 1 1 1 10 100 12 1 1 1 10 12 10 12 1 1 10 12 1 10 12 1 1 10 12 1 1 10 12 1 10 12 1 10 12 1 3 10 12 1 1 10 12 1 10 12 1 10 12 1 10 12 1 10 12 1 10 12 1 1 9 12 1 10 12 1 10 12 1 10 12 1 10 12 1 10 12 1 10 10 12 10 12 10 10 100 12 1 1 1 10 100 12 1 1 1 10 12 1 10 12 1 100 1 8 1 8 1 10 12 1 1 100 1 10 10 100 12 1 1 1 10 100 12 1 1 8 1 8 1 8 1 10 12 1 1 10 12 1 1 10 12 10 12 1 10 100 12 1 1 10 12 1 1 10 12 1 1 10 12 1 10 12 10 12 10 12 1 10 12 10 12 1 10 12 1 10 12 1 10 12 1 10 12 1 10 100 12 1 1 1 10 100 12 1 1 1 10 12 1 1 10 12 1 1 11 100 12 1 1 10 12 1 10 12 1 10 12 1 1 9 12 1 1 9 12 1 5 0 5 0 10 12 1 10 12 10 12 10 7 12 1 1 1 10 12 1 1 1 1 1 1 1 1 1 1 1 1 1 1 1 1 1 1 1 1 1 1 1 1 1 1 1 1 1 1 1 100 1 1 1 1 1 1 1 1 1 1 1 1 1 1 1 1 1 1 1 1 1 1 1 1 1 1 1 1 1 1 1 1 1 1 1 1 1 1 1 1 1 1 1 1 1 1 1 1 1 1 1 1 1 1 1 1 1 1 1 1 1 1 1 1 1 1 1 1 1 1 1 1 1 1 1 1 1 1 1 1 1 1 100 1 1 1 1 1 1 1 1 1 1 1 1 1 1 1 1 1 100 1 1 1 1 1 1 1 1 1 1 1 1 1 1 1 1 1 1 1 1 1 1 1 1 1 1 1 1 1 1 1 1 1 1 1 1 1 1 1 1 1 1 1 1 1 1 1 1 1 1 1 1 1 1 1 1 1 1 1 1 1 100 1 100 1 1 1 1 1
staticfield java/lang/StringUTF16 HI_BYTE_SHIFT I 0
staticfield java/lang/StringUTF16 LO_BYTE_SHIFT I 8
staticfield java/lang/StringUTF16 $assertionsDisabled Z 1
ciMethod java/lang/StringUTF16 hashCode ([B)I 0 0 1 0 0
ciMethod java/lang/StringUTF16 indexOf ([BII)I 0 0 1 0 -1
ciMethod java/lang/StringUTF16 checkIndex (I[B)V 0 0 5 0 -1
ciMethod java/lang/StringUTF16 getChar ([BI)C 550 0 275 0 -1
ciMethod java/lang/StringUTF16 putChar ([BII)V 34 0 17 0 -1
ciMethod java/lang/StringUTF16 newBytesFor (I)[B 2 0 1 0 -1
ciMethod java/lang/StringUTF16 charAt ([BI)C 0 0 5 0 0
ciMethod java/lang/StringUTF16 regionMatchesCI ([BI[BII)Z 0 0 1 0 -1
ciMethod java/lang/StringUTF16 regionMatchesCI_Latin1 ([BI[BII)Z 0 0 1 0 -1
ciMethod java/lang/StringUTF16 lastIndexOf ([BII)I 0 0 1 0 -1
ciMethod java/lang/StringUTF16 newString ([BII)Ljava/lang/String; 0 0 1 0 -1
ciMethod java/lang/StringUTF16 replace ([BCC)Ljava/lang/String; 0 0 1 0 -1
ciInstanceKlass java/lang/Boolean 1 1 151 10 7 12 1 1 1 9 7 12 1 1 1 10 12 1 1 10 12 1 8 1 10 7 12 1 1 9 12 1 1 9 12 1 8 1 10 12 1 1 10 12 1 1 10 7 12 1 1 1 100 1 100 1 10 12 1 1 9 100 12 1 1 9 12 10 100 12 1 1 1 10 12 1 1 8 1 10 7 12 1 1 1 9 12 1 1 100 1 100 1 100 1 1 1 1 1 1 5 0 1 1 1 1 1 1 1 1 1 1 3 1 1 1 1 1 1 1 1 1 1 1 1 1 1 1 1 1 1 1 1 100 1 1 1 1 1 1 1 1 1 1 100 1 1 1 1 1 1 1 1
staticfield java/lang/Boolean TRUE Ljava/lang/Boolean; java/lang/Boolean
staticfield java/lang/Boolean FALSE Ljava/lang/Boolean; java/lang/Boolean
staticfield java/lang/Boolean TYPE Ljava/lang/Class; java/lang/Class
instanceKlass java/util/concurrent/locks/AbstractQueuedSynchronizer
ciInstanceKlass java/util/concurrent/locks/AbstractOwnableSynchronizer 1 1 32 10 7 12 1 1 1 9 7 12 1 1 1 100 1 1 1 1 5 0 1 1 1 1 1 1 1 1 1 1 1 1
instanceKlass java/math/BigInteger
instanceKlass java/util/concurrent/atomic/AtomicLong
instanceKlass java/util/concurrent/atomic/AtomicInteger
instanceKlass java/lang/Long
instanceKlass java/lang/Integer
instanceKlass java/lang/Short
instanceKlass java/lang/Byte
instanceKlass java/lang/Double
instanceKlass java/lang/Float
ciInstanceKlass java/lang/Number 1 1 37 10 7 12 1 1 1 10 100 12 1 1 1 100 1 1 1 1 5 0 1 1 1 1 1 1 1 1 1 1 1 1 1 1 1 1 1
instanceKlass java/lang/LiveStackFrameInfo
ciInstanceKlass java/lang/StackFrameInfo 0 0 132 10 100 12 1 1 1 9 100 12 1 1 1 9 100 1 9 12 1 1 11 100 12 1 1 1 9 12 1 1 11 12 1 1 10 12 1 1 10 100 12 1 1 1 10 12 1 11 12 1 11 12 1 1 11 12 1 10 12 1 1 9 12 1 1 10 12 1 1 10 100 12 1 1 10 12 1 1 11 12 1 1 10 12 1 9 12 1 1 10 12 1 1 100 1 8 1 10 12 1 10 100 12 1 1 1 100 1 1 1 1 1 1 1 1 1 1 1 1 1 1 1 1 1 1 100 1 1 1 1 1 1
ciInstanceKlass java/lang/LiveStackFrameInfo 0 0 97 10 100 12 1 1 1 9 100 12 1 1 1 9 12 1 9 12 1 9 12 1 9 12 1 1 100 1 10 12 1 1 10 12 1 8 1 10 12 1 1 8 1 8 1 8 1 10 100 1 10 12 1 100 1 10 12 1 100 1 100 1 1 1 3 1 3 1 1 1 1 1 1 1 1 1 1 1 1 1 1 1 1 1 1 1 1 1 1 1 1 1 1 1 100 1 1
ciMethod java/lang/Boolean parseBoolean (Ljava/lang/String;)Z 32 0 31 0 0
ciInstanceKlass java/lang/Character 1 1 576 7 1 100 1 100 1 9 12 1 1 8 1 9 12 1 1 100 1 9 12 1 1 10 100 12 1 1 1 10 100 12 1 1 1 10 100 12 1 1 1 10 7 12 1 1 1 9 7 12 1 1 1 10 12 1 10 12 1 1 10 12 1 1 10 100 12 1 1 10 12 1 1 3 3 3 3 3 10 12 1 1 10 12 1 3 11 7 12 1 1 1 11 12 1 1 10 12 1 1 10 12 1 1 100 1 10 10 12 1 3 10 12 1 1 10 12 1 10 12 1 1 100 1 8 1 10 12 1 1 10 12 1 10 12 1 10 12 1 10 12 1 10 12 1 1 10 12 1 10 7 12 1 1 10 10 12 1 10 10 12 1 10 12 1 1 10 12 1 10 10 12 1 10 12 1 10 12 1 10 12 1 10 12 1 10 12 1 10 12 1 10 12 10 10 12 10 10 12 1 10 10 12 1 10 10 12 1 10 10 12 1 10 10 12 1 10 10 12 1 10 10 12 1 1 10 10 12 1 10 5 0 10 12 1 10 12 1 10 10 12 1 10 10 12 1 1 10 10 12 1 10 10 12 1 9 12 1 1 100 1 10 10 12 1 10 12 1 1 3 10 100 12 1 1 1 10 12 1 10 100 12 1 1 100 1 10 10 12 1 1 10 12 1 1 10 12 1 1 8 1 10 12 1 9 100 12 1 1 1 10 12 1 10 10 12 1 10 12 1 1 10 12 1 10 10 12 1 1 10 10 12 1 1 100 1 8 1 10 12 1 1 10 7 12 1 1 1 8 1 10 12 1 1 9 12 1 1 100 1 100 1 100 1 1 1 1 3 1 3 1 3 1 3 1 1 1 1 1 3 1 1 3 1 3 1 3 1 3 1 3 1 3 1 3 1 3 1 3 1 3 1 3 1 3 1 3 1 3 1 3 1 3 1 3 1 3 1 3 1 3 1 3 1 3 1 3 1 3 1 3 1 3 1 3 1 3 1 1 1 1 1 1 1 1 1 1 1 1 1 1 1 1 1 1 1 3 1 1 1 1 1 1 1 3 1 1 3 1 1 1 1 1 3 1 1 5 0 1 1 1 1 1 1 1 1 1 1 1 1 1 1 1 1 1 1 1 1 1 1 1 1 1 1 1 1 1 1 1 1 1 1 1 1 1 1 1 1 1 1 1 1 1 1 1 1 1 1 1 1 1 1 1 1 1 1 1 1 1 1 1 1 1 1 1 1 1 1 1 1 1 1 1 1 1 1 1 1 1 1 1 1 1 1 1 1 1 100 1 100 1 1 1 1 1 1
staticfield java/lang/Character TYPE Ljava/lang/Class; java/lang/Class
staticfield java/lang/Character $assertionsDisabled Z 1
ciInstanceKlass java/lang/Float 1 1 223 7 1 100 1 10 100 12 1 1 1 10 100 12 1 1 1 4 100 1 10 12 1 1 10 12 1 1 8 1 8 1 10 100 12 1 1 1 10 12 1 1 10 12 1 1 10 4 4 4 10 7 12 1 1 9 12 1 1 10 12 1 1 10 12 1 10 12 1 10 12 1 1 10 12 1 10 12 1 3 10 12 1 1 10 12 1 1 10 12 1 10 100 12 1 1 1 10 12 1 1 10 12 1 1 8 1 10 7 12 1 1 1 9 12 1 1 100 1 100 1 100 1 1 1 1 1 4 1 1 1 4 1 1 3 1 3 1 3 1 3 1 1 1 1 5 0 1 1 1 1 1 1 1 1 1 1 100 1 1 1 1 1 1 1 1 1 1 1 1 1 3 1 1 1 1 1 1 1 1 1 1 1 1 1 1 1 1 1 1 1 1 1 1 1 1 1 1 1 1 1 1 1 1 1 1 1 1 1 1 100 1 1 1 1 1 1 1 100 1 100 1 1
staticfield java/lang/Float TYPE Ljava/lang/Class; java/lang/Class
ciInstanceKlass java/lang/Double 1 1 285 7 1 100 1 10 100 12 1 1 1 10 12 1 1 10 12 1 100 1 10 12 1 1 10 100 12 1 1 1 6 0 8 1 10 12 1 1 8 1 10 12 1 1 8 1 6 0 10 12 1 1 100 1 5 0 5 0 8 1 8 1 10 100 12 1 1 1 10 100 12 1 1 1 8 1 10 12 1 1 8 1 8 1 8 1 10 12 1 1 10 12 1 10 12 1 1 10 12 1 10 12 1 10 12 1 1 10 12 1 10 6 0 6 0 6 0 10 7 12 1 1 9 12 1 1 10 12 1 10 12 1 10 12 1 10 12 1 5 0 10 12 1 1 10 12 1 10 12 1 10 100 12 1 1 1 10 12 1 1 10 12 1 1 8 1 10 7 12 1 1 1 9 12 1 1 100 1 100 1 100 1 1 1 1 1 6 0 1 1 1 6 0 1 1 3 1 3 1 3 1 3 1 1 1 1 5 0 1 1 1 1 1 1 1 1 1 1 1 1 1 1 1 1 100 1 1 1 1 1 1 1 1 1 1 1 1 3 1 1 1 1 1 1 1 1 1 1 1 1 1 1 1 1 1 1 1 1 1 1 1 1 1 1 1 1 1 1 1 1 1 1 100 1 1 1 1 1 1 1 100 1 100 1 1
staticfield java/lang/Double TYPE Ljava/lang/Class; java/lang/Class
ciInstanceKlass java/lang/Byte 1 1 215 7 1 100 1 10 100 12 1 1 1 9 12 1 1 8 1 9 12 1 1 100 1 10 12 1 1 10 12 1 1 10 100 12 1 1 1 10 100 12 1 1 1 9 100 12 1 1 1 10 12 1 1 100 1 100 1 10 12 1 1 8 1 10 12 1 1 8 1 10 12 1 10 12 1 10 12 1 10 12 1 1 10 12 1 10 12 1 10 12 1 1 10 8 1 8 1 10 7 1 9 12 1 1 10 12 1 10 12 1 1 10 12 1 1 10 12 1 1 10 12 1 5 0 10 12 1 1 8 1 10 7 12 1 1 1 9 12 1 1 100 1 100 1 1 1 3 1 3 1 1 1 1 3 1 3 1 1 5 0 1 1 1 1 1 1 1 1 1 1 1 1 1 1 1 1 1 1 1 1 1 1 1 1 1 1 1 1 1 1 1 1 1 1 1 1 1 1 1 1 1 1 1 1 1 1 1 1 1 1 1 1 1 1 1
staticfield java/lang/Byte TYPE Ljava/lang/Class; java/lang/Class
ciInstanceKlass java/lang/Short 1 1 224 7 1 100 1 100 1 10 100 12 1 1 1 10 12 1 1 100 1 100 1 10 12 1 1 8 1 10 12 1 1 8 1 10 12 1 10 12 1 10 12 1 10 12 1 1 10 12 1 1 10 12 1 9 12 1 1 8 1 9 12 1 1 100 1 10 12 1 1 10 12 1 10 100 12 1 1 1 10 100 12 1 1 1 9 100 12 1 1 1 10 12 1 10 12 1 1 10 8 1 8 1 10 100 1 9 12 1 1 10 12 1 10 12 1 1 10 12 1 1 10 12 1 1 10 12 1 3 3 5 0 10 12 1 1 8 1 10 7 12 1 1 1 9 12 1 1 100 1 100 1 1 1 3 1 3 1 1 1 1 3 1 3 1 1 5 0 1 1 1 1 1 1 1 1 1 1 1 1 1 1 1 1 1 1 1 1 1 1 1 1 1 1 1 3 1 1 1 1 1 1 1 1 1 1 1 1 1 1 1 1 1 1 1 1 1 1 1 1 1 1 1 1 1
staticfield java/lang/Short TYPE Ljava/lang/Class; java/lang/Class
ciInstanceKlass java/lang/Integer 1 1 445 7 1 100 1 7 1 7 1 10 12 1 1 9 12 1 1 9 12 1 1 10 100 12 1 1 1 10 12 1 1 10 100 12 1 1 1 10 10 12 1 1 10 100 12 1 1 1 10 12 1 10 12 1 1 10 7 12 1 1 1 10 12 1 1 10 12 1 1 10 12 1 10 12 1 10 12 1 1 10 10 12 1 9 12 1 1 9 12 1 100 1 8 1 10 12 1 100 1 10 12 1 8 1 10 12 1 1 10 12 1 8 1 10 12 1 8 1 10 12 1 1 3 10 12 1 1 3 10 12 1 1 10 12 1 1 10 7 12 1 1 1 11 7 1 100 1 10 11 10 12 1 1 8 1 10 12 1 1 8 1 100 1 10 12 1 1 10 12 1 1 5 0 8 1 10 12 1 10 12 1 10 12 1 10 12 1 1 7 1 9 12 1 1 9 12 1 1 10 12 1 10 7 1 9 12 1 10 12 1 10 12 1 10 12 1 1 10 7 12 1 1 1 100 1 100 1 10 12 1 1 10 12 1 1 8 1 8 1 10 12 1 1 8 1 8 1 8 1 8 1 8 1 8 1 10 12 1 10 12 1 10 12 1 5 0 3 3 3 3 10 12 1 3 10 12 1 10 100 12 1 1 1 10 12 1 1 10 12 1 1 8 1 10 7 12 1 1 1 9 12 1 1 3 3 3 3 3 3 9 12 1 1 100 1 100 1 100 1 1 1 1 1 1 1 3 1 3 1 1 5 0 1 1 1 1 1 1 1 1 1 100 1 1 1 1 1 1 1 1 1 1 1 1 1 1 1 1 1 1 1 1 1 1 1 1 1 1 1 1 1 1 1 1 1 1 1 1 1 1 1 3 1 1 1 1 1 1 1 1 1 1 1 1 1 1 1 1 100 1 1 1 1 1 1 1 1 1 1 1 1 1 1 1 1 1 1 1 1 1 1 1 1 1 1 1 1 1 1 1 100 1 1 1 1 1 1 1 1 1 100 1 100 1 1
staticfield java/lang/Integer TYPE Ljava/lang/Class; java/lang/Class
staticfield java/lang/Integer digits [C 36
staticfield java/lang/Integer DigitTens [B 100
staticfield java/lang/Integer DigitOnes [B 100
staticfield java/lang/Integer sizeTable [I 10
ciInstanceKlass java/lang/Long 1 1 506 7 1 100 1 7 1 100 1 10 12 1 1 9 12 1 1 9 100 12 1 1 1 10 100 12 1 1 1 10 12 1 1 10 100 12 1 1 1 10 10 12 10 12 1 10 12 1 10 12 1 5 0 5 0 100 1 10 12 1 1 10 12 1 1 10 12 1 10 12 1 10 12 1 10 12 1 1 10 100 12 1 1 10 12 1 10 12 1 1 10 12 1 1 10 12 1 1 10 12 1 1 10 100 12 1 1 1 10 12 1 1 10 12 1 10 12 1 10 12 1 10 12 1 1 10 10 12 1 5 0 5 0 9 12 1 1 9 12 1 5 0 100 1 8 1 10 12 1 8 1 10 12 1 8 1 8 1 10 12 1 1 5 0 10 12 1 1 5 0 10 12 1 1 10 12 1 1 10 100 12 1 1 1 11 100 1 100 1 10 11 10 12 1 1 8 1 10 12 1 1 8 1 100 1 10 12 1 1 10 12 1 8 1 8 1 11 12 1 1 10 12 1 10 12 1 10 12 1 5 0 5 0 9 7 12 1 1 1 10 12 1 10 12 1 1 8 1 8 1 10 12 1 1 8 1 8 1 8 1 8 1 8 1 8 1 10 12 1 10 12 1 10 12 1 1 10 7 1 9 12 1 1 10 12 1 10 12 1 1 10 100 12 1 1 1 100 1 100 1 10 12 1 1 10 12 1 1 5 0 10 12 1 10 12 1 5 0 5 0 5 0 10 12 1 1 5 0 5 0 10 12 1 10 12 1 10 100 12 1 1 1 10 12 1 1 10 12 1 1 8 1 10 7 12 1 1 1 9 12 1 1 100 1 100 1 100 1 1 1 1 5 0 1 1 1 1 3 1 3 1 5 0 1 1 1 1 1 1 1 1 1 100 1 1 1 1 1 1 1 1 1 1 1 1 1 1 1 1 1 1 1 1 1 1 1 1 1 1 1 1 1 1 1 1 1 1 1 1 1 1 1 1 1 1 1 1 1 1 1 1 1 1 1 1 1 1 3 1 1 1 1 1 1 1 1 1 1 1 1 1 1 1 100 1 1 1 1 1 1 1 1 1 1 1 1 1 1 1 1 1 1 1 1 1 1 1 1 1 1 1 100 1 1 1 1 1 1 1 1 1 100 1 100 1 1
staticfield java/lang/Long TYPE Ljava/lang/Class; java/lang/Class
instanceKlass java/lang/ref/PhantomReference
instanceKlass java/lang/ref/FinalReference
instanceKlass java/lang/ref/WeakReference
instanceKlass java/lang/ref/SoftReference
ciInstanceKlass java/lang/ref/Reference 1 1 195 9 7 12 1 1 1 9 7 12 1 1 10 12 1 1 10 12 1 1 9 12 1 1 10 12 1 1 9 12 1 1 9 12 1 1 7 1 10 12 1 10 7 12 1 1 10 12 1 10 12 1 1 10 12 1 9 12 1 10 12 1 1 10 12 1 10 12 1 9 12 1 100 1 100 1 10 12 1 9 12 1 9 12 1 100 1 10 10 12 1 10 10 7 12 1 1 10 7 12 1 1 1 10 12 1 1 10 7 12 1 1 7 1 8 1 10 12 1 10 12 1 1 10 12 1 1 10 12 1 7 1 10 10 7 12 1 1 1 1 1 1 1 1 1 1 1 1 1 1 1 1 1 1 1 100 1 1 1 100 1 1 1 1 1 1 1 1 1 1 1 1 1 1 1 1 1 1 1 1 1 1 1 1 1 1 1 1 1 1 1 1 1 1 1
staticfield java/lang/ref/Reference processPendingLock Ljava/lang/Object; java/lang/Object
staticfield java/lang/ref/Reference $assertionsDisabled Z 1
instanceKlass org/jetbrains/kotlin/com/intellij/util/containers/ConcurrentWeakKeySoftValueHashMap$SoftValue
instanceKlass org/jetbrains/kotlin/com/intellij/util/containers/SoftKeySoftValueHashMap$ValueReference
instanceKlass org/jetbrains/kotlin/com/intellij/reference/SoftReference
instanceKlass java/lang/invoke/LambdaFormEditor$Transform
ciInstanceKlass java/lang/ref/SoftReference 1 1 47 10 7 12 1 1 1 9 7 12 1 1 1 9 12 1 10 12 1 10 12 1 1 1 1 1 1 1 1 1 1 1 1 1 1 1 1 1 1 1 1 100 1 1 1 1 1
instanceKlass org/jetbrains/kotlin/com/intellij/util/containers/ConcurrentWeakKeySoftValueHashMap$WeakKey
instanceKlass org/jetbrains/kotlin/com/intellij/util/PatchedWeakReference
instanceKlass org/jetbrains/kotlin/com/intellij/util/containers/ConcurrentWeakValueHashMap$MyWeakReference
instanceKlass org/jetbrains/kotlin/com/intellij/util/containers/UnsafeWeakList$MyReference
instanceKlass java/util/logging/LogManager$LoggerWeakRef
instanceKlass java/util/logging/Level$KnownLevel
instanceKlass org/jetbrains/kotlin/com/intellij/util/containers/IntKeyWeakValueHashMap$MyReference
instanceKlass java/lang/WeakPairMap$WeakRefPeer
instanceKlass java/lang/ClassValue$Entry
instanceKlass java/lang/invoke/MethodType$ConcurrentWeakInternSet$WeakEntry
instanceKlass java/lang/ThreadLocal$ThreadLocalMap$Entry
instanceKlass java/util/WeakHashMap$Entry
ciInstanceKlass java/lang/ref/WeakReference 1 1 31 10 7 12 1 1 1 10 12 1 100 1 1 1 1 1 1 1 1 1 1 1 1 1 1 1 1 1 1 1 1
ciInstanceKlass java/security/PrivilegedAction 1 0 14 100 1 100 1 1 1 1 1 1 1 1 1 1
instanceKlass java/lang/ref/Finalizer
ciInstanceKlass java/lang/ref/FinalReference 1 1 47 10 100 12 1 1 1 10 100 12 1 1 1 10 12 1 1 100 1 8 1 10 12 1 1 1 1 1 1 1 1 1 1 1 1 1 1 1 1 1 1 1 1 1 1 1 1
ciInstanceKlass java/lang/ref/Finalizer 1 1 152 9 7 12 1 1 1 10 100 12 1 1 1 9 12 1 1 9 12 1 1 9 12 1 9 12 1 10 12 1 10 12 1 1 9 12 1 1 100 1 10 12 1 100 1 11 100 12 1 1 100 1 10 12 1 100 1 10 12 1 10 100 12 1 1 1 10 100 12 1 1 1 100 1 10 10 12 1 10 7 12 1 1 1 7 1 10 7 1 10 10 7 12 1 1 1 10 12 1 1 10 7 12 1 1 7 1 10 12 1 10 12 1 1 10 12 1 1 10 12 1 1 1 1 1 1 1 1 1 1 1 1 1 1 1 1 1 1 1 1 1 1 1 1 1 1 1 1 1 1 1 1
staticfield java/lang/ref/Finalizer lock Ljava/lang/Object; java/lang/Object
staticfield java/lang/ref/Finalizer $assertionsDisabled Z 1
instanceKlass jdk/internal/ref/PhantomCleanable
instanceKlass jdk/internal/ref/Cleaner
ciInstanceKlass java/lang/ref/PhantomReference 1 1 39 10 100 12 1 1 1 10 7 12 1 1 1 1 1 1 1 1 1 1 1 1 1 1 1 1 1 1 1 1 1 1 1 1 1 1 1 1 1
instanceKlass java/lang/reflect/Executable
instanceKlass java/lang/reflect/Field
ciInstanceKlass java/lang/reflect/AccessibleObject 1 1 398 10 7 12 1 1 1 9 100 12 1 1 1 10 100 12 1 1 1 10 7 12 1 1 10 7 12 1 1 1 10 100 12 1 1 1 10 12 1 1 10 12 1 1 9 12 1 1 100 1 10 7 12 1 1 1 11 12 1 100 1 10 12 1 7 1 100 1 10 12 1 10 12 1 1 7 1 10 7 12 1 1 1 10 12 1 1 7 1 10 12 1 1 7 1 10 10 10 7 12 1 1 1 10 12 1 1 10 12 1 10 12 1 10 12 1 1 10 12 1 8 1 100 1 10 10 12 1 1 8 1 10 12 1 10 12 1 8 1 8 1 8 1 8 1 8 1 8 1 100 1 10 12 1 10 12 1 9 12 1 1 10 12 1 1 10 12 1 10 11 100 1 100 1 8 1 10 10 12 1 10 12 1 1 8 1 10 12 1 8 1 10 12 1 1 10 100 1 8 1 10 11 7 12 1 1 10 12 1 1 10 12 1 1 10 12 1 1 9 12 1 1 100 1 10 12 1 7 1 10 12 1 10 12 1 1 10 100 1 10 12 1 10 12 10 12 1 10 12 1 1 10 12 1 10 12 1 1 10 12 1 9 12 1 10 100 12 1 1 8 1 10 100 12 1 1 1 8 1 10 100 12 1 1 1 9 12 1 100 1 10 7 1 10 10 7 12 1 1 1 7 1 10 10 7 12 1 1 1 7 1 9 12 1 1 1 1 1 1 1 1 1 1 1 1 1 1 1 1 1 1 1 1 1 1 1 1 1 1 1 1 1 1 1 1 1 1 1 1 1 1 1 1 1 1 1 1 1 1 1 1 1 1 1 1 1 1 1 1 1 1 1 1 1 1 1 1 1 1 1 1 1 1 1 1 1 1 1 1 1 1 1 1 1 1 1 1 1
staticfield java/lang/reflect/AccessibleObject reflectionFactory Ljdk/internal/reflect/ReflectionFactory; jdk/internal/reflect/ReflectionFactory
instanceKlass java/lang/reflect/Constructor
instanceKlass java/lang/reflect/Method
ciInstanceKlass java/lang/reflect/Executable 1 1 548 10 7 12 1 1 1 10 7 12 1 1 1 10 7 12 1 1 1 11 7 12 1 1 1 10 7 12 1 1 1 10 12 1 1 10 7 12 1 1 1 10 100 12 1 1 1 10 12 1 8 1 10 10 12 1 1 10 12 1 1 10 100 12 1 1 1 18 12 1 1 11 100 12 1 1 1 8 1 8 1 8 1 10 100 12 1 1 1 11 12 1 1 100 1 8 1 8 1 10 12 1 100 1 8 1 10 12 1 8 1 11 100 12 1 1 1 100 1 10 12 1 1 11 12 1 8 1 18 8 1 10 12 1 10 12 1 1 18 8 1 10 12 1 100 1 10 12 1 10 12 1 11 100 12 1 1 10 12 1 1 8 1 8 1 10 12 1 1 10 12 1 1 10 10 12 1 100 1 10 10 12 1 10 12 1 1 10 7 12 1 1 10 12 1 10 12 1 10 12 1 1 10 100 12 1 1 10 12 1 10 12 1 10 100 12 1 1 1 10 12 1 8 1 10 12 1 10 12 1 3 100 1 8 1 10 12 1 10 12 1 10 10 12 1 10 12 1 1 8 1 8 1 8 1 9 12 1 10 12 1 100 1 8 1 9 12 1 10 12 1 10 12 1 1 10 12 1 1 10 12 1 10 12 10 12 1 100 1 10 12 1 10 12 1 1 100 1 10 100 12 1 1 1 100 1 10 7 12 1 1 1 10 12 1 1 11 7 12 1 1 10 7 12 1 1 10 100 12 1 1 1 10 12 1 1 9 12 1 10 12 1 1 10 12 1 10 12 1 1 9 100 12 1 1 1 10 100 12 1 1 1 10 12 1 10 12 1 1 9 12 1 10 10 10 10 100 12 1 1 1 10 12 1 9 12 1 10 12 1 1 9 12 1 100 1 100 1 1 1 1 1 1 1 1 1 1 1 1 1 1 1 1 1 1 1 1 1 1 1 1 1 1 1 1 1 1 1 1 1 1 100 1 1 1 1 1 1 1 1 100 1 1 1 1 1 1 1 1 1 1 1 1 100 1 1 1 1 1 1 1 1 1 1 1 1 1 1 1 1 1 1 1 1 1 1 1 1 1 1 1 1 1 1 1 1 1 1 1 1 1 1 1 1 1 100 1 1 1 1 1 1 1 1 1 1 1 1 1 1 1 1 1 1 1 1 1 100 1 100 1 1 15 10 100 12 1 1 1 16 15 16 1 16 1 15 10 12 16 1 100 1 1 100 1 100 1 1
ciInstanceKlass java/lang/reflect/Constructor 1 1 433 10 7 12 1 1 1 10 7 12 1 1 9 7 12 1 1 1 10 12 1 1 10 12 1 1 10 7 12 1 1 9 12 1 1 10 7 12 1 1 1 9 12 1 1 9 12 1 1 9 12 1 9 12 1 1 9 12 1 9 12 1 1 9 12 1 1 9 12 1 100 1 8 1 10 12 1 10 12 1 9 12 1 1 10 7 12 1 1 10 7 12 1 1 1 10 12 1 1 10 12 1 1 10 12 1 7 1 100 1 8 1 10 10 12 1 10 12 1 10 12 1 1 10 12 1 1 9 100 12 1 1 1 10 7 12 1 1 10 12 1 1 10 12 1 10 12 1 1 10 100 12 1 1 1 10 100 12 1 1 10 12 1 1 10 12 1 10 100 12 1 1 1 8 1 10 10 12 1 100 1 8 1 10 12 1 10 12 1 1 10 12 1 1 10 12 1 10 12 1 10 12 1 1 10 12 1 1 9 12 1 1 10 12 1 1 10 12 1 1 10 12 1 8 1 10 12 1 1 11 7 12 1 1 1 10 12 1 1 10 12 1 10 12 1 9 12 1 1 10 7 12 1 1 1 10 12 1 1 10 12 1 1 10 12 1 1 10 12 1 1 10 12 1 9 100 12 1 1 10 12 1 10 12 1 10 12 1 100 1 8 1 10 10 12 1 1 10 12 1 10 10 12 1 1 10 12 1 1 10 100 12 1 1 1 11 100 12 1 1 1 10 12 1 1 9 100 12 1 1 1 10 100 12 1 1 1 10 12 1 1 1 1 1 1 1 1 1 1 1 1 1 1 1 1 1 1 1 1 1 1 1 1 1 1 1 1 1 1 1 1 1 1 1 1 1 1 1 1 1 1 1 1 1 1 1 1 1 1 1 100 1 100 1 100 1 100 1 1 1 1 1 1 1 1 1 1 1 1 1 1 1 1 1 1 1 1 1 1 1 1 1 1 1 1 1 1 1 1 1 100 1 1
ciInstanceKlass java/lang/reflect/Method 1 1 450 9 7 12 1 1 1 10 100 12 1 1 1 10 100 12 1 1 9 12 1 1 10 12 1 1 10 12 1 1 10 100 12 1 1 10 7 12 1 1 1 9 12 1 1 9 12 1 9 12 1 1 9 12 1 9 12 1 9 12 1 1 9 12 1 9 12 1 1 9 12 1 9 12 1 9 12 1 1 100 1 8 1 10 12 1 10 12 1 9 12 1 1 8 1 10 7 12 1 1 10 7 12 1 1 1 10 12 1 1 10 12 1 1 10 12 1 10 12 1 1 10 12 1 1 9 100 12 1 1 1 10 12 1 1 10 12 10 7 12 1 1 10 12 1 1 10 12 1 10 12 1 10 12 1 10 7 12 1 1 1 10 12 1 1 10 7 1 10 100 12 1 1 1 10 7 12 1 1 10 12 1 1 10 12 1 1 10 12 1 10 7 12 1 1 1 10 12 1 10 8 1 10 12 1 10 12 1 7 1 8 1 8 1 8 1 10 12 1 10 12 1 1 10 12 1 1 10 10 12 1 1 10 12 1 11 100 1 9 12 1 1 10 12 1 1 10 12 1 10 12 1 1 10 12 1 1 11 7 12 1 1 1 10 12 1 10 12 1 10 12 1 10 12 1 10 12 1 9 12 1 1 10 7 12 1 1 1 10 12 1 1 10 7 12 1 1 1 10 7 12 1 1 1 10 7 12 1 1 1 11 7 12 1 1 1 10 7 12 1 1 1 7 1 100 1 100 1 10 12 1 10 12 1 1 10 12 1 100 1 8 1 10 12 1 10 10 12 1 1 10 12 1 1 10 12 1 1 10 12 1 1 8 1 10 12 1 1 1 1 1 1 1 1 1 1 1 1 1 1 1 1 1 1 1 1 1 1 1 1 1 1 1 1 1 1 1 1 1 1 1 1 1 1 1 1 1 1 1 1 1 1 1 1 1 1 1 1 1 100 1 100 1 100 1 1 1 1 1 1 1 1 1 1 1 1 1 1 1 1 1 1 1 1 1 1 1 1 1 1
ciInstanceKlass java/lang/reflect/Field 1 1 437 9 7 12 1 1 1 10 12 1 1 10 100 12 1 1 1 10 100 12 1 1 9 12 1 1 10 12 1 1 10 12 1 1 10 100 12 1 1 10 7 12 1 1 1 9 12 1 1 9 12 1 9 12 1 9 12 1 1 9 12 1 1 9 12 1 9 12 1 1 9 12 1 1 100 1 8 1 10 12 1 10 12 1 9 12 1 1 9 12 1 10 12 1 10 7 12 1 1 10 12 1 1 10 12 1 1 10 12 1 10 12 1 1 7 1 10 12 1 1 10 12 1 1 10 12 1 1 10 12 1 10 12 1 10 7 1 10 7 12 1 1 100 1 10 8 1 10 12 1 1 10 12 1 1 8 1 10 12 10 12 1 8 1 8 1 10 11 100 1 9 12 1 10 12 1 1 10 12 1 1 11 7 12 1 1 1 11 12 1 1 11 12 1 1 11 12 1 1 11 12 1 1 11 12 1 1 11 12 1 1 11 12 1 1 11 12 1 1 11 12 1 1 11 12 1 1 11 12 1 1 11 12 1 1 11 12 1 1 11 12 1 1 11 12 1 1 11 12 1 1 11 12 1 1 10 12 1 10 100 12 1 1 10 12 1 10 12 1 1 10 12 9 12 1 1 10 7 12 1 1 1 10 12 1 1 10 7 12 1 1 10 12 1 1 11 7 1 10 12 1 7 1 10 100 12 1 1 1 10 7 12 1 1 1 9 12 1 10 7 12 1 1 1 11 7 12 1 1 1 10 12 1 1 10 12 1 1 9 100 12 1 1 1 10 100 12 1 1 1 10 12 1 1 100 1 1 1 1 1 1 1 1 1 1 1 1 1 1 1 1 1 1 1 1 1 1 1 1 1 1 1 1 1 1 1 1 1 1 1 100 1 1 1 1 1 1 1 1 1 1 1 1 1 1 1 1 1 1 1 1 1 1 1 1 1 1 1 1 1 1 1 1 1 1 100 1 1 1 1 1 1 1 1 100 1 1
ciInstanceKlass java/lang/reflect/Parameter 0 0 226 10 100 12 1 1 1 9 100 12 1 1 1 9 12 1 1 9 12 1 1 9 12 1 10 12 1 1 10 12 1 1 10 100 12 1 1 1 100 1 10 10 12 1 1 11 100 12 1 1 1 10 12 1 10 100 12 1 1 1 10 12 1 1 10 12 1 10 12 1 8 1 8 1 10 100 12 1 1 1 10 12 1 10 12 10 12 1 8 1 10 12 1 9 12 1 1 10 12 1 1 9 12 1 1 10 12 1 1 10 12 1 1 10 12 1 1 10 12 1 10 10 12 1 10 100 12 1 1 1 10 12 1 1 11 100 12 1 1 10 100 12 1 1 100 1 10 100 12 1 1 1 10 12 1 1 10 12 1 1 10 12 1 1 10 12 1 1 9 12 1 100 1 10 11 12 1 1 11 12 1 1 100 1 1 1 1 1 1 1 1 1 1 1 1 1 1 1 1 1 1 1 1 1 1 1 1 1 1 1 1 1 1 1 1 1 1 1 1 1 1 100 1 1 1 1
ciInstanceKlass java/util/function/Function 1 1 77 10 100 12 1 1 1 18 12 1 1 18 18 12 1 11 100 12 1 100 1 1 1 1 1 1 1 1 1 1 1 1 1 1 1 1 1 1 1 1 1 1 1 1 1 1 1 1 1 1 1 1 1 1 15 10 100 12 1 1 1 16 15 11 12 15 11 12 15 11 12 1 100 1 100 1 1
ciInstanceKlass java/lang/StringBuffer 0 0 470 10 100 12 1 1 1 10 12 1 10 12 1 10 12 1 1 9 100 12 1 1 1 10 12 1 1 10 12 1 10 12 1 1 9 12 1 1 10 12 1 10 12 1 1 10 12 1 1 10 12 1 10 12 1 1 10 12 1 10 12 1 1 10 12 1 1 10 100 12 1 1 1 10 12 1 1 10 12 1 10 12 1 10 12 1 10 12 1 10 12 1 10 12 1 10 12 1 10 12 1 10 12 1 10 12 1 10 12 1 10 12 1 10 12 1 10 12 1 1 10 12 1 10 12 1 1 10 12 1 1 10 10 12 1 1 10 12 1 10 12 1 10 12 1 10 12 1 10 12 1 10 12 1 10 12 10 12 1 10 12 1 10 12 1 10 12 1 1 10 12 1 10 12 1 10 10 12 1 1 10 12 1 1 9 12 1 1 10 100 12 1 1 1 10 100 1 10 10 100 12 1 1 1 10 10 12 1 10 8 10 100 12 1 1 1 8 10 12 1 8 1 10 12 1 10 12 1 10 100 12 1 1 1 10 100 12 1 1 1 100 1 10 12 100 1 8 1 10 10 12 1 1 10 12 1 1 10 12 1 1 10 12 1 10 12 1 10 12 1 10 12 1 10 12 1 10 12 1 10 12 1 10 12 1 10 12 1 10 12 1 10 12 1 10 12 1 10 12 1 10 12 1 10 12 1 10 12 1 10 12 10 12 10 12 1 10 12 1 10 12 1 10 12 10 12 1 10 12 1 10 12 1 10 12 1 10 12 1 10 12 1 10 12 1 10 12 1 10 12 1 10 12 1 10 12 1 100 1 10 12 1 9 100 12 1 1 1 9 100 1 9 12 1 1 100 1 100 1 100 1 1 1 1 5 0 1 1 1 1 1 1 1 1 1 1 1 1 1 1 1 1 1 1 1 1 1 1 1 1 1 1 1 1 1 1 1 1 1 1 1 1 1 1 1 1 1 1 1 1 1 1 1 1 1 1 1 1 1 1 1 1 1 1 1 1 100 1 1 1 1 1 100 1 1 1 1 1 1 1 1 1 1 1 1 1 1 1 1 1
instanceKlass java/lang/StringBuilder
instanceKlass java/lang/StringBuffer
ciInstanceKlass java/lang/AbstractStringBuilder 1 1 547 7 1 7 1 10 7 12 1 1 1 9 7 12 1 1 1 9 12 1 9 12 1 1 9 12 1 1 10 100 12 1 1 1 10 12 1 1 3 3 10 12 1 10 12 1 1 11 7 1 100 1 100 1 10 8 1 10 12 1 10 12 1 10 12 1 1 10 12 1 10 12 1 10 12 1 9 12 1 1 10 12 1 1 10 7 12 1 1 1 10 10 12 1 10 12 1 10 12 1 1 10 12 1 1 10 7 12 1 1 1 10 7 12 1 1 1 100 1 8 1 10 10 12 1 1 100 1 10 12 10 12 1 1 10 10 12 1 1 10 12 1 1 10 12 1 1 10 12 1 1 100 1 10 10 12 1 10 100 12 1 1 1 10 12 1 1 10 12 1 10 12 1 1 10 10 12 1 1 10 12 10 12 1 10 12 1 1 10 12 1 1 10 12 1 1 10 12 1 10 10 12 1 1 10 12 1 10 12 1 1 8 1 10 12 1 1 10 12 1 10 12 1 10 12 1 10 12 1 10 12 1 10 12 1 10 7 12 1 1 10 12 1 10 12 1 10 100 12 1 1 1 10 12 1 10 12 1 10 12 1 10 12 1 10 12 1 1 10 12 1 10 12 1 1 10 12 1 1 10 10 7 12 1 1 1 10 12 1 10 12 1 10 12 1 1 10 12 1 10 12 1 10 12 1 10 12 1 10 12 1 10 12 1 10 12 1 10 12 1 10 12 1 1 10 12 1 10 12 1 10 12 10 12 1 1 18 12 1 1 100 1 10 100 12 1 1 1 18 10 12 1 1 10 12 1 10 12 1 1 11 12 1 10 12 1 10 12 1 10 10 12 1 10 8 1 8 1 8 1 10 10 100 1 10 12 1 100 1 10 100 1 10 100 1 1 1 3 1 1 1 1 1 1 1 1 1 1 100 1 1 1 1 1 1 1 1 1 1 1 1 1 1 1 1 1 1 1 1 1 1 1 1 1 1 1 1 1 1 1 1 1 1 1 1 1 1 1 1 1 1 1 1 1 1 1 1 1 1 1 1 1 1 1 1 1 1 1 1 1 1 1 1 1 1 1 1 1 1 1 1 1 1 1 1 1 1 1 1 1 1 1 1 1 1 1 1 1 1 1 1 1 1 1 1 1 100 1 1 100 1 1 1 1 1 100 1 1 1 1 1 1 15 10 100 12 1 1 1 16 1 15 10 12 16 15 10 12 1 1 1 1 100 1 100 1 1
staticfield java/lang/AbstractStringBuilder EMPTYVALUE [B 0
ciMethod java/lang/AbstractStringBuilder append (Ljava/lang/String;)Ljava/lang/AbstractStringBuilder; 338 0 7363 0 -1
ciMethod java/lang/AbstractStringBuilder append (I)Ljava/lang/AbstractStringBuilder; 12 0 626 0 -1
ciMethod java/lang/AbstractStringBuilder <init> (I)V 180 0 5221 0 -1
ciMethod java/lang/AbstractStringBuilder isLatin1 ()Z 1062 0 35290 0 -1
ciInstanceKlass java/lang/SecurityManager 0 0 576 10 100 12 1 1 1 9 100 12 1 1 1 10 100 12 1 1 1 100 1 8 1 10 12 1 10 12 1 1 10 100 12 1 1 1 10 100 1 10 100 1 10 9 100 12 1 1 1 10 100 12 1 1 1 10 12 1 1 10 100 12 1 1 100 1 8 1 10 9 12 1 1 9 12 1 8 1 9 12 1 100 1 10 8 1 10 12 1 1 10 12 1 10 12 1 1 100 1 10 10 12 1 1 100 1 8 1 10 12 1 8 1 8 1 8 1 8 1 8 1 8 1 10 12 1 8 1 8 1 8 1 8 1 8 1 10 100 12 1 1 1 10 12 1 1 8 1 100 1 8 1 10 8 1 8 1 8 1 8 1 8 1 10 100 12 1 1 8 1 100 1 8 1 8 1 10 8 1 10 12 1 100 1 8 1 10 10 12 1 1 10 12 1 10 12 1 10 12 1 10 100 12 1 1 1 10 12 1 10 100 12 1 1 11 100 12 1 1 1 18 12 1 1 11 100 12 1 1 1 18 12 1 1 11 12 1 1 18 18 11 12 1 18 12 1 11 12 1 1 9 12 1 1 9 12 1 9 12 1 9 12 1 100 1 10 100 12 1 1 10 12 1 10 12 1 18 12 1 18 10 100 12 1 1 1 18 12 1 10 12 1 18 18 8 1 10 12 1 9 12 1 1 11 100 12 1 1 1 8 1 100 1 10 12 1 10 12 1 1 10 12 1 1 9 12 1 1 10 12 1 10 12 1 1 8 1 100 1 10 9 12 1 8 1 10 12 1 8 1 100 1 10 10 100 12 1 1 10 100 1 9 100 12 1 1 1 11 12 1 1 10 12 1 11 12 1 10 12 1 100 1 10 10 12 1 1 10 12 1 1 1 1 1 1 1 1 1 1 1 100 1 1 1 1 1 1 1 1 1 1 1 1 1 1 1 1 1 1 1 1 1 1 1 1 1 1 1 1 1 1 1 1 1 1 1 1 1 1 1 1 1 1 1 1 1 1 1 1 1 1 1 1 1 1 1 1 3 1 1 1 1 1 1 1 1 1 1 100 1 1 1 1 1 1 1 1 1 1 1 1 1 1 1 1 1 1 1 1 1 1 1 1 1 1 1 1 1 1 1 1 1 1 1 1 1 1 15 10 100 12 1 1 1 16 15 10 100 12 1 1 1 16 1 16 15 10 12 16 1 15 10 12 16 15 11 100 1 16 1 16 1 15 10 12 16 15 10 12 16 15 10 12 1 16 1 15 11 12 1 15 10 12 16 15 10 16 1 1 1 1 100 1 100 1 1
instanceKlass org/jetbrains/kotlin/protobuf/UninitializedMessageException
instanceKlass org/jetbrains/kotlin/com/intellij/openapi/util/RecursionManager$CachingPreventedException
instanceKlass org/jetbrains/kotlin/com/intellij/core/CoreJavaCodeStyleManager$1CancelException
instanceKlass org/jetbrains/kotlin/com/intellij/openapi/vfs/InvalidVirtualFileAccessException
instanceKlass org/jetbrains/kotlin/com/intellij/openapi/util/StackOverflowPreventedException
instanceKlass org/jetbrains/kotlin/com/intellij/psi/PsiInvalidElementAccessException
instanceKlass org/jetbrains/kotlin/com/fasterxml/aalto/UncheckedStreamException
instanceKlass org/jetbrains/kotlin/com/intellij/diagnostic/PluginException
instanceKlass java/io/UncheckedIOException
instanceKlass java/util/MissingResourceException
instanceKlass org/jetbrains/kotlin/com/intellij/openapi/extensions/SortingException
instanceKlass org/jetbrains/kotlin/com/intellij/diagnostic/ImplementationConflictException
instanceKlass java/util/EmptyStackException
instanceKlass org/jetbrains/kotlin/com/intellij/openapi/diagnostic/RuntimeExceptionWithAttachments
instanceKlass org/jetbrains/kotlin/com/intellij/openapi/project/IndexNotReadyException
instanceKlass java/lang/SecurityException
instanceKlass org/jetbrains/kotlin/com/intellij/openapi/editor/ReadOnlyFragmentModificationException
instanceKlass org/jetbrains/kotlin/com/intellij/openapi/editor/ReadOnlyModificationException
instanceKlass org/jetbrains/kotlin/com/intellij/util/lang/CompoundRuntimeException
instanceKlass org/jetbrains/kotlin/org/picocontainer/PicoException
instanceKlass org/jetbrains/kotlin/com/intellij/openapi/extensions/ExtensionNotApplicableException
instanceKlass java/nio/file/FileSystemNotFoundException
instanceKlass org/jetbrains/kotlin/util/ServiceLoaderLite$ServiceLoadingException
instanceKlass org/jetbrains/kotlin/compiler/plugin/PluginProcessingException
instanceKlass org/jetbrains/kotlin/compiler/plugin/CliOptionProcessingException
instanceKlass org/jetbrains/kotlin/backend/common/CompilationException
instanceKlass org/jetbrains/kotlin/com/intellij/util/IncorrectOperationException
instanceKlass org/jetbrains/kotlin/utils/WrappedValues$WrappedProcessCanceledException
instanceKlass java/lang/reflect/UndeclaredThrowableException
instanceKlass java/util/NoSuchElementException
instanceKlass kotlin/NoWhenBranchMatchedException
instanceKlass java/lang/IndexOutOfBoundsException
instanceKlass java/lang/UnsupportedOperationException
instanceKlass kotlin/UninitializedPropertyAccessException
instanceKlass java/lang/IllegalStateException
instanceKlass org/jetbrains/kotlin/cli/jvm/compiler/CompileEnvironmentException
instanceKlass org/jetbrains/kotlin/utils/KotlinExceptionWithAttachments
instanceKlass org/jetbrains/kotlin/analyzer/CompilationErrorException
instanceKlass org/jetbrains/kotlin/com/intellij/openapi/progress/ProcessCanceledException
instanceKlass java/lang/IllegalArgumentException
instanceKlass java/lang/ArithmeticException
instanceKlass java/lang/NullPointerException
instanceKlass java/lang/IllegalMonitorStateException
instanceKlass java/lang/ArrayStoreException
instanceKlass java/lang/ClassCastException
ciInstanceKlass java/lang/RuntimeException 1 1 40 10 100 12 1 1 1 10 12 1 10 12 1 10 12 1 10 12 1 100 1 1 1 1 5 0 1 1 1 1 1 1 1 1 1 1 1 1 1 1
instanceKlass org/jetbrains/kotlin/container/UnresolvedServiceException
instanceKlass java/nio/charset/UnsupportedCharsetException
instanceKlass java/nio/charset/IllegalCharsetNameException
instanceKlass java/nio/file/InvalidPathException
instanceKlass java/lang/NumberFormatException
ciInstanceKlass java/lang/IllegalArgumentException 1 1 35 10 100 12 1 1 1 10 12 1 10 12 1 10 12 1 100 1 1 1 1 5 0 1 1 1 1 1 1 1 1 1 1 1 1
ciInstanceKlass java/lang/ArithmeticException 1 1 26 10 100 12 1 1 1 10 12 1 100 1 1 1 1 5 0 1 1 1 1 1 1 1 1 1
instanceKlass kotlin/KotlinNullPointerException
ciInstanceKlass java/lang/NullPointerException 1 1 52 10 100 12 1 1 1 10 12 1 9 100 12 1 1 1 10 12 1 1 9 12 1 1 10 12 1 1 10 12 1 1 1 1 5 0 1 1 1 1 1 1 1 1 100 1 100 1 100 1 1 1
instanceKlass org/jetbrains/kotlin/protobuf/SmallSortedMap
instanceKlass org/jetbrains/kotlin/com/intellij/openapi/vfs/impl/ZipEntryMap
instanceKlass org/jetbrains/kotlin/com/intellij/util/containers/hash/LinkedHashMap
instanceKlass org/jetbrains/kotlin/com/intellij/util/containers/ConcurrentRefHashMap
instanceKlass org/jetbrains/kotlin/com/intellij/util/containers/RefHashMap
instanceKlass java/util/EnumMap
instanceKlass java/util/TreeMap
instanceKlass java/util/IdentityHashMap
instanceKlass java/util/WeakHashMap
instanceKlass java/util/Collections$EmptyMap
instanceKlass sun/util/PreHashedMap
instanceKlass java/util/HashMap
instanceKlass java/util/ImmutableCollections$AbstractImmutableMap
instanceKlass java/util/concurrent/ConcurrentHashMap
ciInstanceKlass java/util/AbstractMap 1 1 192 10 7 12 1 1 1 10 7 12 1 1 1 11 7 12 1 1 1 10 11 12 1 1 11 7 12 1 1 1 11 12 1 1 7 1 11 12 1 10 12 1 1 11 12 1 100 1 10 11 12 1 11 7 1 10 12 1 1 11 12 1 9 12 1 1 7 1 10 12 1 9 12 1 1 100 1 10 11 11 12 1 1 11 12 1 100 1 100 1 11 12 1 8 1 100 1 10 10 12 1 1 8 1 10 12 1 10 12 1 1 10 12 1 1 1 1 1 1 1 1 1 1 1 1 1 1 1 1 1 1 1 1 1 1 1 1 1 1 1 1 1 1 1 1 1 1 1 1 1 1 1 1 100 1 1 1 1 1 1 1 1 1 1 1 1 1 1 1 1 100 1 1 1 1 1 1 1 1 1 100 1 100 1 100 1 100 1 1 1 1 1
ciInstanceKlass java/security/AccessControlContext 1 1 373 9 7 12 1 1 1 9 12 1 1 10 100 12 1 1 1 8 1 10 100 12 1 1 1 10 7 12 1 1 1 9 12 1 9 12 1 1 9 12 1 1 10 7 12 1 1 100 1 10 12 1 11 100 12 1 1 1 11 12 1 11 12 1 11 12 1 1 100 1 11 12 1 1 10 12 1 10 100 12 1 1 1 9 100 12 1 1 1 10 100 12 1 1 1 11 100 12 1 1 1 10 7 1 100 1 8 1 10 12 1 10 12 1 1 7 1 10 7 12 1 1 1 9 12 1 9 12 1 9 12 1 9 12 1 1 9 12 1 1 9 12 1 9 12 1 10 7 12 1 1 1 9 12 1 10 12 1 1 10 12 1 1 8 1 10 12 1 1 10 12 1 1 10 100 12 1 1 1 100 1 10 10 12 1 1 10 100 12 1 1 1 10 8 1 10 100 12 1 1 8 1 10 100 12 1 1 8 1 8 1 10 12 1 8 1 10 12 1 8 1 10 12 1 10 12 1 10 12 1 1 8 1 8 1 100 1 10 12 1 10 12 1 1 100 1 10 12 1 8 1 10 12 1 10 12 1 10 8 1 10 12 1 1 10 12 1 1 10 12 1 1 10 12 1 1 10 12 1 10 12 1 10 12 1 10 12 1 1 10 10 10 12 1 1 1 1 1 1 1 1 1 1 1 1 1 1 1 1 1 1 1 1 1 1 1 1 100 1 1 1 1 1 1 1 1 1 1 1 1 1 1 1 1 1 1 1 1 1 1 1 1 1 1 1 1 1 1 1 1 1 1 1 1 1 1 1 1 1 1 1 1 1 1 1 1 1 1 1 1 3 1 1
ciMethod java/security/AccessControlContext isAuthorized ()Z 0 0 1 0 -1
ciInstanceKlass java/net/URL 1 1 743 10 7 12 1 1 1 10 12 1 10 7 12 1 1 9 12 1 1 9 12 1 10 7 12 1 1 1 10 12 1 1 10 12 1 1 9 12 1 1 10 7 12 1 1 1 8 1 10 12 1 1 100 1 10 10 12 1 1 8 1 10 12 1 1 9 12 1 100 1 8 1 10 12 1 10 12 1 8 1 9 12 1 10 12 1 1 9 12 1 10 12 1 10 12 1 9 12 1 9 12 1 8 1 9 12 1 10 12 1 1 8 1 9 12 1 1 10 12 1 1 10 7 12 1 1 1 8 1 10 12 1 7 1 10 12 1 10 12 1 10 12 1 10 12 1 1 10 12 1 1 8 1 10 12 1 1 10 12 1 8 1 9 12 1 8 1 10 12 1 10 7 12 1 1 1 100 1 10 12 1 10 12 1 1 10 7 12 1 1 1 100 1 8 1 10 10 12 1 8 1 10 12 1 1 10 12 1 10 12 1 10 12 1 10 12 1 10 12 1 8 1 10 12 1 10 10 7 12 1 1 1 10 12 1 9 100 12 1 1 1 10 100 12 1 1 1 9 12 1 1 10 12 1 10 100 12 1 1 1 100 1 100 1 10 12 1 10 12 1 10 12 1 10 12 1 10 12 1 10 12 10 10 10 12 1 100 1 10 12 1 10 12 1 1 8 1 9 100 12 1 1 1 10 100 12 1 1 1 10 12 1 1 9 100 12 1 1 1 10 12 1 1 100 1 10 12 1 10 12 1 10 10 12 1 1 10 12 1 1 10 12 1 10 12 1 10 12 1 10 7 12 1 1 1 10 12 1 1 10 12 1 9 12 1 1 9 12 1 1 100 1 8 1 10 10 12 1 9 12 1 1 10 7 12 1 1 8 1 10 7 12 1 1 8 1 10 12 1 1 10 12 1 8 1 8 1 10 7 12 1 1 1 100 1 10 100 12 1 1 1 10 12 1 10 12 1 100 1 10 9 12 1 1 10 7 12 1 1 8 1 10 12 1 1 100 1 10 10 100 12 1 1 1 8 9 100 12 1 1 1 10 12 1 10 12 1 10 12 1 10 12 1 10 7 12 1 1 11 7 12 1 1 10 12 1 10 12 1 9 12 1 10 12 1 1 10 100 12 1 1 10 100 12 1 1 1 8 10 100 12 1 1 100 1 10 8 8 10 12 1 8 8 8 100 1 10 12 1 9 12 1 1 10 12 1 10 12 1 1 10 12 1 10 12 10 12 1 1 10 12 1 1 10 10 10 12 1 10 12 1 10 12 1 10 12 1 10 12 1 10 10 12 1 100 1 8 1 10 10 10 12 1 1 10 12 1 10 12 1 1 8 1 7 1 10 10 10 7 1 10 12 1 9 7 12 1 1 1 9 12 1 1 7 1 10 10 7 12 1 1 1 100 1 1 1 1 1 5 0 1 1 1 1 1 1 1 1 1 1 1 1 1 1 1 1 1 1 1 1 1 1 1 1 1 1 1 1 1 1 1 1 1 1 1 1 1 1 1 100 1 1 1 1 1 1 1 1 1 1 1 1 1 1 1 1 1 1 1 1 1 1 1 1 1 1 1 1 1 1 1 1 1 1 1 1 1 100 1 1 1 1 1 1 1 1 1 1 1 1 1 1 1 1 100 1 1 1 1 1 1 1 1 1 1 1 1 1 1 1 1 1 1
staticfield java/net/URL defaultFactory Ljava/net/URLStreamHandlerFactory; java/net/URL$DefaultFactory
staticfield java/net/URL streamHandlerLock Ljava/lang/Object; java/lang/Object
staticfield java/net/URL serialPersistentFields [Ljava/io/ObjectStreamField; 7 [Ljava/io/ObjectStreamField;
ciMethod java/net/URL <init> (Ljava/net/URL;Ljava/lang/String;Ljava/net/URLStreamHandler;)V 512 2318 2597 0 -1
ciMethod java/net/URL <init> (Ljava/net/URL;Ljava/lang/String;)V 516 0 2590 0 0
ciMethod java/net/URL toLowerCase (Ljava/lang/String;)Ljava/lang/String; 30 0 29 0 -1
ciMethod java/net/URL checkSpecifyHandler (Ljava/lang/SecurityManager;)V 0 0 1 0 -1
ciMethod java/net/URL getURLStreamHandler (Ljava/lang/String;)Ljava/net/URLStreamHandler; 16 0 22 0 -1
ciMethod java/net/URL isValidProtocol (Ljava/lang/String;)Z 2 6 13 0 -1
ciMethod java/net/URL getHost ()Ljava/lang/String; 256 0 128 0 -1
ciMethod java/net/URL getPort ()I 268 0 134 0 -1
ciMethod java/net/URL getDefaultPort ()I 512 0 2571 0 -1
ciMethod java/net/URL getProtocol ()Ljava/lang/String; 256 0 128 0 -1
ciMethod java/net/URL getFile ()Ljava/lang/String; 258 0 129 0 -1
ciInstanceKlass java/util/jar/Manifest 1 1 336 10 7 12 1 1 1 7 1 10 9 7 12 1 1 1 7 1 10 9 12 1 1 9 12 1 1 10 12 1 10 12 1 1 10 12 1 1 10 12 1 1 10 12 1 1 11 7 1 11 12 1 1 10 12 1 1 10 100 12 1 1 1 100 1 100 1 10 8 1 10 12 1 1 10 12 1 1 10 12 1 10 12 1 11 100 1 10 12 1 10 12 1 1 11 12 1 1 10 12 1 11 12 1 1 11 100 12 1 1 1 11 100 12 1 1 11 12 1 1 100 1 10 12 1 8 1 11 12 1 100 1 10 12 1 1 11 12 1 10 12 1 10 12 1 10 100 12 1 1 1 8 1 10 12 1 1 10 9 100 12 1 1 1 10 12 1 1 10 100 12 1 10 12 1 10 12 1 9 100 12 1 1 1 8 1 10 12 1 8 1 8 1 7 1 10 12 1 10 12 1 10 12 1 1 100 1 8 1 10 12 1 1 8 1 10 10 12 1 1 8 1 10 12 1 1 10 100 12 1 1 1 10 12 1 10 11 12 1 1 10 12 1 10 100 12 1 1 1 10 12 1 1 10 12 1 1 11 10 12 1 11 10 12 1 100 1 1 1 1 1 1 1 1 1 1 1 1 1 1 1 1 1 1 1 1 1 1 1 1 1 1 1 1 1 1 1 1 1 1 1 1 1 1 1 1 1 1 1 100 1 1 1 1 1 1 1 1 1 1 1 1 1 1 100 1 1 1 1 1 1 1 1 1 1 1
ciMethod java/util/jar/Manifest getMainAttributes ()Ljava/util/jar/Attributes; 256 0 128 0 -1
ciInstanceKlass java/io/File 1 1 645 9 7 12 1 1 1 9 12 1 1 10 7 12 1 1 1 9 7 12 1 1 9 12 1 9 12 1 1 10 7 12 1 1 1 9 12 1 1 9 12 1 1 100 1 10 10 7 12 1 1 1 10 12 1 1 100 1 10 10 12 1 1 10 12 1 10 12 1 1 10 7 12 1 1 100 1 8 1 10 12 1 10 12 1 8 1 10 12 1 8 1 10 12 1 1 8 1 10 12 1 8 1 10 12 1 8 1 10 12 1 8 1 10 12 1 8 1 10 12 1 9 12 1 1 10 12 1 1 10 12 1 1 10 12 1 1 10 12 1 1 10 12 1 10 12 1 10 12 1 1 10 12 1 10 12 10 12 1 10 12 1 10 12 100 1 8 1 10 10 12 1 10 12 1 8 1 10 12 1 7 1 10 10 12 1 1 10 12 1 10 12 1 100 1 10 100 1 8 1 10 12 1 10 12 1 1 10 12 1 10 12 1 1 10 8 1 10 12 1 100 1 100 1 10 12 1 10 7 12 1 1 1 10 100 12 1 1 10 12 1 1 10 12 1 10 12 1 10 12 1 1 10 12 1 10 12 1 10 12 1 10 12 1 10 100 12 1 1 10 12 1 1 10 12 1 1 100 1 10 11 100 12 1 1 1 11 100 12 1 1 11 12 1 11 12 1 1 100 1 10 12 1 10 10 10 100 1 11 100 12 1 10 12 1 10 12 1 10 12 1 10 12 1 10 12 1 10 12 1 10 12 1 1 8 1 10 12 1 1 10 12 1 10 12 1 1 10 12 1 1 10 12 1 10 12 1 10 12 1 10 12 1 1 100 1 8 1 10 10 12 1 1 10 12 1 1 100 1 5 0 8 1 8 1 8 1 10 100 12 1 1 10 12 1 1 100 1 8 1 10 10 12 1 10 12 1 1 10 12 1 1 10 12 1 10 100 12 1 1 10 12 1 1 10 100 12 1 1 1 8 10 100 12 1 1 1 10 12 1 1 9 12 1 1 9 12 1 1 10 7 12 1 1 1 9 12 1 10 12 1 1 9 12 1 1 10 7 12 1 1 1 10 7 12 1 1 10 7 12 1 1 10 7 12 1 1 1 10 12 1 10 12 1 9 12 1 10 12 1 9 12 1 9 12 1 10 12 1 1 10 12 1 1 8 100 1 100 1 1 1 5 0 1 1 1 1 1 1 1 1 1 1 1 1 1 1 1 1 1 1 1 1 1 1 1 1 1 1 1 1 1 1 1 1 1 1 1 1 1 1 1 1 1 1 1 1 1 1 1 1 1 1 1 1 1 1 1 1 1 1 1 1 1 1 1 1 1 1 1 1 1 1 1 1 1 1 1 1 1 1 1 1 1 1 1 1 1 1 1 1 1 1 1 1 1 1 1 1 1 1 1 1 1 1 100 1 1 1 1 100 1 100 1 1 1 1 1 1 1 1 1 1 1 1
staticfield java/io/File fs Ljava/io/FileSystem; java/io/WinNTFileSystem
staticfield java/io/File separatorChar C 92
staticfield java/io/File separator Ljava/lang/String; "\"staticfield java/io/File pathSeparatorChar C 59
staticfield java/io/File pathSeparator Ljava/lang/String; ";"staticfield java/io/File UNSAFE Ljdk/internal/misc/Unsafe; jdk/internal/misc/Unsafe
staticfield java/io/File PATH_OFFSET J 16
staticfield java/io/File PREFIX_LENGTH_OFFSET J 12
staticfield java/io/File $assertionsDisabled Z 1
ciInstanceKlass java/util/Objects 1 1 151 10 7 12 1 1 1 100 1 8 1 10 12 1 10 12 1 1 10 7 12 1 1 1 10 12 1 1 10 12 1 10 100 12 1 1 1 10 12 1 1 11 100 12 1 1 1 100 1 10 10 12 1 8 1 10 100 12 1 1 1 8 1 100 1 11 12 1 1 8 1 10 7 12 1 1 1 10 12 1 1 10 12 1 10 12 1 10 12 1 10 12 1 1 1 1 1 1 1 1 1 1 1 1 1 1 1 1 1 1 1 1 1 1 1 1 1 1 1 1 1 1 1 1 1 1 1 1 1 1 1 1 1 1 1 1 1 1 1 1 1 1 1 1 1 1 1 1 1 1 1
ciInstanceKlass java/util/Collection 1 1 115 11 100 12 1 1 1 100 1 11 7 12 1 1 1 10 100 12 1 1 1 11 12 1 1 11 100 12 1 1 1 11 12 1 1 11 100 12 1 1 1 11 12 1 1 10 100 12 1 1 1 11 12 1 10 7 12 1 1 1 100 1 100 1 1 1 1 1 1 1 1 1 1 1 1 1 1 1 1 1 1 1 1 1 1 1 1 1 1 1 1 1 1 1 1 1 1 1 1 1 1 1 1 1 1 1 1 1 1 1 1 1 1 1 1
instanceKlass org/jetbrains/kotlin/com/google/common/collect/ImmutableCollection
instanceKlass org/jetbrains/kotlin/it/unimi/dsi/fastutil/objects/AbstractObjectCollection
instanceKlass org/jetbrains/kotlin/com/intellij/util/containers/UnsafeWeakList
instanceKlass java/util/AbstractQueue
instanceKlass org/jetbrains/kotlin/it/unimi/dsi/fastutil/objects/AbstractReferenceCollection
instanceKlass org/jetbrains/kotlin/com/google/common/collect/Multimaps$Entries
instanceKlass java/util/IdentityHashMap$Values
instanceKlass org/jetbrains/kotlin/com/google/common/collect/AbstractMapBasedMultimap$WrappedCollection
instanceKlass org/jetbrains/kotlin/com/intellij/util/containers/ImmutableList
instanceKlass java/util/HashMap$Values
instanceKlass java/util/LinkedHashMap$LinkedValues
instanceKlass java/util/ArrayDeque
instanceKlass java/util/AbstractSet
instanceKlass java/util/ImmutableCollections$AbstractImmutableCollection
instanceKlass java/util/AbstractList
ciInstanceKlass java/util/AbstractCollection 1 1 160 10 7 12 1 1 1 10 7 12 1 1 1 10 12 1 1 11 7 12 1 1 1 11 12 1 1 10 12 1 1 10 100 12 1 1 1 10 12 1 1 10 12 1 1 10 7 12 1 1 10 7 12 1 1 1 7 1 10 100 12 1 1 1 10 100 12 1 1 1 100 1 10 11 12 1 11 7 1 10 12 1 10 12 1 10 100 12 1 1 1 11 8 1 7 1 10 10 12 1 1 8 1 10 12 1 10 12 1 1 1 1 1 1 1 1 1 1 1 1 1 1 1 1 1 1 1 1 1 1 1 1 1 1 1 1 1 1 1 1 1 1 1 1 1 1 1 1 1 1 1 1 1 1 1 1 1 1 1 1
ciInstanceKlass java/util/List 1 1 217 10 100 12 1 1 1 11 100 12 1 1 1 11 100 12 1 1 1 11 12 1 1 11 100 12 1 1 11 12 1 1 11 12 1 1 10 100 12 1 1 1 100 1 100 1 10 12 1 1 100 1 10 100 12 1 1 1 9 7 12 1 1 1 7 1 10 12 10 12 1 7 1 10 12 1 1 10 12 1 10 12 1 1 100 1 1 1 1 1 1 1 1 1 1 1 1 1 1 1 1 1 1 1 1 1 1 1 1 1 1 1 1 1 1 1 1 1 1 1 1 1 1 1 1 1 1 1 1 1 1 1 1 1 1 100 1 100 1 1 1 1 1 1 1 1 1 1 1 1 1 1 1 1 1 1 1 1 1 1 1 1 1 1 1 1 1 1 1 1 1 1 1 1 1 1 1 1 1 1 1 1 1 1 1 1 1 1 1 1 1 1 1 1 1 1 1 1 1 1 1 1 1 1 1 1 1 1 1 1 100 1 1 100 1 1 1
instanceKlass java/util/AbstractSequentialList
instanceKlass org/jetbrains/kotlin/protobuf/UnmodifiableLazyStringList
instanceKlass org/jetbrains/kotlin/protobuf/LazyStringArrayList
instanceKlass org/jetbrains/kotlin/com/intellij/util/containers/ContainerUtilRt$EmptyList
instanceKlass java/util/ArrayList$SubList
instanceKlass org/jetbrains/kotlin/com/intellij/util/containers/DisposableWrapperList
instanceKlass org/jetbrains/kotlin/com/intellij/util/SmartList
instanceKlass java/util/AbstractList$SubList
instanceKlass java/util/Vector
instanceKlass java/util/Collections$SingletonList
instanceKlass org/jetbrains/kotlin/utils/SmartList
instanceKlass java/util/Arrays$ArrayList
instanceKlass java/util/Collections$EmptyList
instanceKlass java/util/ArrayList
ciInstanceKlass java/util/AbstractList 1 1 218 10 7 12 1 1 1 9 7 12 1 1 1 10 12 1 1 10 12 1 1 100 1 10 10 12 1 1 11 100 12 1 1 1 11 12 1 1 11 12 1 10 100 12 1 1 1 10 12 1 11 12 1 11 12 1 11 12 1 10 12 1 1 10 12 1 1 11 100 12 1 1 1 11 100 1 11 7 1 10 12 1 100 1 10 12 1 10 12 1 1 7 1 7 1 10 12 1 100 1 10 100 1 100 1 10 8 1 10 12 1 1 10 12 1 10 12 1 1 10 12 1 8 1 100 1 8 1 8 1 8 1 10 100 1 11 10 10 12 1 11 12 1 10 12 1 1 8 1 8 1 1 1 1 1 1 1 1 1 1 1 1 1 1 1 1 1 1 1 1 1 1 1 1 1 1 1 1 1 1 1 1 1 1 1 1 1 1 1 1 1 1 1 1 1 1 1 1 1 1 1 1 1 1 1 1 1 1 100 1 100 1 1 1 1 1 1 1
ciInstanceKlass jdk/internal/util/Preconditions 1 1 170 10 100 12 1 1 1 11 100 12 1 1 1 11 100 12 1 1 1 100 1 100 1 10 100 12 1 1 1 10 12 1 8 1 100 1 10 100 12 1 1 1 10 12 1 1 8 1 8 1 10 100 12 1 1 7 1 10 12 1 8 1 10 100 12 1 1 1 8 1 10 12 1 1 10 12 1 1 11 12 1 8 1 8 1 11 12 1 1 8 1 8 1 8 1 10 12 1 1 10 12 1 1 10 12 1 10 12 1 10 12 1 10 12 1 1 1 1 1 1 1 1 1 1 1 1 1 1 1 1 1 1 1 1 1 1 1 1 1 1 1 1 1 1 1 1 1 1 1 1 1 1 1 1 1 1 1 1 1 1 1 1 1 1 1 1 1 1 1 1
ciMethod java/util/Objects checkIndex (II)I 514 0 3207 0 -1
ciMethod java/util/Objects requireNonNull (Ljava/lang/Object;Ljava/lang/String;)Ljava/lang/Object; 774 0 38597 0 -1
ciInstanceKlass java/lang/AssertionStatusDirectives 0 0 24 10 100 12 1 1 1 100 1 1 1 1 1 1 1 1 1 1 1 1 1 1 1 1
ciInstanceKlass java/lang/invoke/MethodHandleNatives$CallSiteContext 1 1 49 10 7 12 1 1 1 7 1 10 10 7 12 1 1 1 10 7 12 1 1 1 10 7 12 1 1 1 100 1 1 1 1 1 1 1 1 1 1 1 1 1 1 1 1 1 100 1 1
ciInstanceKlass jdk/internal/invoke/NativeEntryPoint 0 0 92 10 100 12 1 1 1 9 100 12 1 1 1 10 100 12 1 1 1 100 1 9 12 1 9 12 1 9 12 1 1 9 12 1 1 9 12 1 1 100 1 8 1 10 12 1 11 100 12 1 1 1 10 12 1 1 10 12 1 11 100 12 1 1 11 12 1 10 12 1 1 10 12 1 1 1 1 1 1 1 1 1 1 1 1 1 1 1 1 1 1 1
instanceKlass java/lang/invoke/VolatileCallSite
instanceKlass java/lang/invoke/MutableCallSite
instanceKlass java/lang/invoke/ConstantCallSite
ciInstanceKlass java/lang/invoke/CallSite 1 1 302 10 7 12 1 1 1 10 7 12 1 1 1 9 7 12 1 1 1 10 12 1 1 9 12 1 1 10 7 12 1 1 1 10 12 1 100 1 10 12 1 1 10 12 1 1 9 100 12 1 1 1 10 100 12 1 1 10 12 1 1 100 1 100 1 10 10 100 12 1 1 1 10 12 1 1 8 1 10 12 1 10 12 1 1 10 12 1 10 12 1 1 10 12 1 1 10 10 100 12 1 1 10 12 1 1 9 12 1 9 100 12 1 1 1 8 1 10 7 12 1 1 1 10 12 1 1 100 1 10 12 1 1 9 12 1 8 1 100 1 10 12 1 10 12 1 100 1 8 1 10 10 12 1 10 12 1 1 100 1 10 12 1 1 10 12 1 10 12 1 10 12 1 1 10 12 1 1 9 12 1 1 8 10 12 1 1 9 12 1 1 100 1 10 10 12 1 10 100 12 1 1 1 10 12 1 1 10 12 1 1 10 12 1 10 7 12 1 1 1 100 1 8 1 10 10 12 10 12 1 1 100 1 100 1 100 1 8 1 10 12 1 10 7 12 1 1 1 1 1 1 1 1 1 1 1 1 1 1 1 1 1 1 1 1 1 1 1 1 1 1 1 1 1 1 1 1 1 1 1 1 1 1 1 1 1 1 1 1 1 1 1 1 1 1 1 1 1 1 1 1 1
staticfield java/lang/invoke/CallSite $assertionsDisabled Z 1
ciInstanceKlass java/lang/invoke/VolatileCallSite 0 0 37 10 100 12 1 1 1 10 12 1 10 100 12 1 1 1 10 12 1 10 12 1 1 1 1 1 1 1 1 1 1 1 1 1 1 1 1
ciInstanceKlass java/lang/invoke/MethodType 1 1 771 7 1 10 7 12 1 1 1 9 12 1 1 9 12 1 1 9 12 1 1 10 7 12 1 1 1 9 7 12 1 1 8 1 10 100 12 1 1 1 9 7 1 9 7 1 10 12 1 1 100 1 10 8 1 10 12 1 1 10 12 1 10 12 1 1 100 1 8 1 10 12 1 100 1 10 10 12 1 10 12 1 1 10 12 1 1 11 7 12 1 1 1 9 12 1 11 12 1 1 7 7 1 10 7 12 1 1 1 10 12 1 9 12 1 1 10 7 12 1 1 10 12 1 1 10 7 12 1 1 1 10 7 12 1 1 1 10 12 1 9 12 1 1 10 12 1 1 100 1 10 12 1 1 10 12 1 1 10 12 1 1 10 12 1 1 10 12 1 1 10 12 1 10 12 1 10 12 1 1 10 12 1 8 1 8 1 10 12 1 1 9 12 1 1 100 1 10 10 12 1 1 10 12 1 10 12 1 1 10 12 1 1 10 12 1 10 12 1 1 10 12 1 8 1 10 12 1 1 10 100 12 1 1 1 10 12 1 10 12 1 1 10 12 1 10 12 1 10 12 1 1 10 12 1 10 12 1 9 12 1 10 12 1 10 10 12 1 1 10 12 1 9 12 1 1 10 12 1 1 10 12 1 1 10 12 1 1 10 12 1 1 7 1 10 12 10 12 1 10 12 1 100 1 8 1 8 1 8 1 10 12 1 10 12 1 10 12 1 10 11 12 1 1 11 12 1 10 100 12 1 1 1 9 12 1 10 12 1 10 12 1 1 10 12 1 1 10 12 1 10 12 1 10 100 12 1 1 1 10 12 1 1 10 12 1 10 12 1 10 12 1 10 9 12 1 1 7 1 10 12 1 10 12 1 1 9 100 12 1 1 1 10 100 12 1 1 1 10 100 12 1 1 1 10 12 1 1 10 100 12 1 1 1 10 12 1 1 8 1 10 7 12 1 1 1 11 12 1 1 9 12 1 1 10 12 1 1 10 12 1 10 12 1 1 10 12 1 1 10 100 12 1 1 100 1 10 12 1 1 11 100 12 1 1 1 18 12 1 1 11 12 1 1 18 12 1 11 12 1 100 1 11 100 12 1 1 10 12 1 100 1 10 12 1 10 100 12 1 1 10 12 1 1 9 12 1 1 9 100 12 1 1 1 10 100 12 1 1 1 9 12 1 10 100 12 1 1 10 12 1 100 10 12 1 1 10 12 1 10 7 1 7 1 9 12 1 1 100 1 100 1 100 1 1 1 5 0 1 1 1 1 1 1 1 3 1 3 1 3 1 1 1 1 1 1 1 1 1 1 1 1 1 1 1 1 1 1 1 1 1 1 1 1 1 1 1 1 1 1 1 1 1 1 1 1 1 1 1 1 1 1 1 1 1 1 1 1 1 1 1 1 1 1 1 1 1 1 1 1 1 1 1 1 1 1 1 1 1 1 1 1 1 1 1 1 1 1 1 1 1 1 1 1 1 1 1 1 1 1 1 1 1 1 1 1 1 1 1 1 1 1 1 1 1 1 1 1 1 1 1 1 1 1 1 1 1 1 1 1 1 1 1 1 1 1 1 100 1 100 1 1 1 1 1 1 1 1 1 1 1 1 1 100 1 1 1 100 1 1 1 1 1 1 1 1 1 1 1 1 1 1 1 1 1 1 1 1 1 15 10 100 12 1 1 1 16 15 10 12 16 16 15 10 12 16 1 1 1 1 100 1 1 100 1 1 100 1 100 1 1
staticfield java/lang/invoke/MethodType internTable Ljava/lang/invoke/MethodType$ConcurrentWeakInternSet; java/lang/invoke/MethodType$ConcurrentWeakInternSet
staticfield java/lang/invoke/MethodType NO_PTYPES [Ljava/lang/Class; 0 [Ljava/lang/Class;
staticfield java/lang/invoke/MethodType objectOnlyTypes [Ljava/lang/invoke/MethodType; 20 [Ljava/lang/invoke/MethodType;
staticfield java/lang/invoke/MethodType METHOD_HANDLE_ARRAY [Ljava/lang/Class; 1 [Ljava/lang/Class;
staticfield java/lang/invoke/MethodType serialPersistentFields [Ljava/io/ObjectStreamField; 0 [Ljava/io/ObjectStreamField;
staticfield java/lang/invoke/MethodType $assertionsDisabled Z 1
ciInstanceKlass java/lang/BootstrapMethodError 0 0 45 10 100 12 1 1 1 10 12 1 10 12 1 10 100 12 1 1 1 10 100 12 1 1 1 1 1 1 5 0 1 1 1 1 1 1 1 1 1 1 1 100 1 1 1
ciInstanceKlass sun/net/www/ParseUtil 1 1 511 7 1 10 100 12 1 1 1 10 12 1 1 9 7 12 1 1 1 10 12 1 10 12 1 1 10 7 12 1 1 1 10 12 1 1 5 0 5 0 10 12 1 1 10 12 1 1 10 100 12 1 1 1 10 12 1 1 100 1 3 10 12 1 10 100 12 1 1 1 10 12 1 1 10 12 1 1 7 1 10 12 1 10 100 12 1 1 1 10 100 12 1 1 9 100 12 1 1 1 10 12 1 1 9 100 12 1 1 1 10 100 12 1 1 1 10 12 1 9 12 1 1 100 1 10 10 12 1 1 10 12 1 1 10 12 1 1 10 12 1 1 100 1 100 1 10 10 12 1 10 12 1 10 12 1 10 12 1 1 10 100 12 1 1 1 8 1 10 12 1 10 12 1 1 10 12 10 12 1 1 10 12 1 10 10 12 1 10 12 1 8 1 10 12 1 1 10 10 12 1 10 12 1 7 1 8 1 8 1 10 12 1 10 12 1 10 12 1 10 12 1 10 12 1 10 12 1 8 1 10 12 1 1 10 12 1 1 100 1 10 12 1 10 12 1 100 1 10 10 12 1 1 10 12 1 1 8 1 10 12 1 5 0 5 0 10 12 1 1 10 12 1 1 5 0 5 0 8 1 5 0 5 0 8 1 8 1 10 12 1 10 12 1 1 10 12 1 10 12 1 1 10 12 1 1 10 12 1 10 12 1 1 10 12 1 1 5 0 5 0 10 12 1 1 10 100 12 1 1 1 100 1 10 12 1 10 12 1 1 9 12 1 1 10 7 12 1 1 1 10 12 1 8 1 10 12 1 10 7 12 1 1 10 12 1 1 10 12 1 1 1 1 1 5 0 1 1 1 1 5 0 1 1 5 0 1 1 5 0 1 1 1 5 0 1 5 0 1 5 0 1 1 5 0 1 5 0 1 5 0 1 1 1 1 5 0 1 1 1 1 5 0 1 1 1 1 1 1 1 1 1 1 1 1 1 1 1 1 1 1 1 1 1 1 1 1 1 1 1 1 1 1 100 1 1 1 1 1 1 1 1 1 1 1 1 1 1 1 1 1 1 1 1 100 1 1 1 1 1 1 1 1 1 1 1 1 1 1 1 1 1 1 1 1 1 1 1 1 1 1 1 1 1 1 1 1 1 1 1 1
staticfield sun/net/www/ParseUtil HEX_UPPERCASE Ljava/util/HexFormat; java/util/HexFormat
staticfield sun/net/www/ParseUtil $assertionsDisabled Z 1
ciMethod sun/net/www/ParseUtil match (CJJ)Z 370 0 709 0 0
ciMethod sun/net/www/ParseUtil encodePath (Ljava/lang/String;IC)Ljava/lang/String; 14 2314 7 0 -1
ciMethod sun/net/www/ParseUtil encodePath (Ljava/lang/String;Z)Ljava/lang/String; 602 0 2590 0 0
ciMethod sun/net/www/ParseUtil firstEncodeIndex (Ljava/lang/String;)I 228 12350 850 0 480
ciInstanceKlass jdk/internal/loader/ClassLoaders$AppClassLoader 1 1 119 8 1 10 7 12 1 1 1 10 7 12 1 1 1 10 100 12 1 1 1 10 12 1 1 10 100 12 1 1 1 10 12 1 1 10 12 1 1 7 1 8 1 10 12 10 7 12 1 1 1 10 100 12 1 1 10 12 1 1 10 12 1 1 10 7 12 1 1 1 100 1 10 12 1 1 1 1 1 1 1 1 1 1 1 1 1 1 1 1 1 1 1 1 1 100 1 1 1 1 1 1 1 1 1 1 1 1 1 1 1 1 1 1 1 100 1 1 1
ciMethod jdk/internal/loader/BuiltinClassLoader hasClassPath ()Z 442 0 5122 0 0
ciMethod jdk/internal/loader/BuiltinClassLoader loadClassOrNull (Ljava/lang/String;Z)Ljava/lang/Class; 514 0 5378 0 0
ciInstanceKlass jdk/internal/loader/ClassLoaders$PlatformClassLoader 1 1 42 8 1 10 7 12 1 1 1 10 7 12 1 1 1 100 1 10 12 1 100 1 1 1 1 1 1 1 1 1 1 1 1 1 1 100 1 1 1 100 1 1
ciMethod jdk/internal/loader/BuiltinClassLoader defineOrCheckPackage (Ljava/lang/String;Ljava/util/jar/Manifest;Ljava/net/URL;)Ljava/lang/Package; 1040 0 2566 0 -1
ciInstanceKlass java/lang/ArrayStoreException 1 1 26 10 100 12 1 1 1 10 12 1 100 1 1 1 1 5 0 1 1 1 1 1 1 1 1 1
ciInstanceKlass java/lang/ClassCastException 1 1 26 10 100 12 1 1 1 10 12 1 100 1 1 1 1 5 0 1 1 1 1 1 1 1 1 1
ciInstanceKlass java/lang/NoClassDefFoundError 0 0 26 10 100 12 1 1 1 10 12 1 100 1 1 1 1 5 0 1 1 1 1 1 1 1 1 1
ciMethod java/lang/NoClassDefFoundError <init> (Ljava/lang/String;)V 0 0 1 0 -1
ciInstanceKlass java/lang/IllegalMonitorStateException 1 1 26 10 100 12 1 1 1 10 12 1 100 1 1 1 1 5 0 1 1 1 1 1 1 1 1 1
ciInstanceKlass java/lang/StackOverflowError 1 1 26 10 100 12 1 1 1 10 12 1 100 1 1 1 1 5 0 1 1 1 1 1 1 1 1 1
instanceKlass java/lang/StackOverflowError
instanceKlass java/lang/OutOfMemoryError
instanceKlass java/lang/InternalError
ciInstanceKlass java/lang/VirtualMachineError 1 1 34 10 100 12 1 1 1 10 12 1 10 12 1 10 12 1 100 1 1 1 1 5 0 1 1 1 1 1 1 1 1 1 1 1
ciInstanceKlass java/lang/OutOfMemoryError 1 1 26 10 100 12 1 1 1 10 12 1 100 1 1 1 1 5 0 1 1 1 1 1 1 1 1 1
ciInstanceKlass java/lang/InternalError 0 0 34 10 100 12 1 1 1 10 12 1 10 12 1 10 12 1 100 1 1 1 1 5 0 1 1 1 1 1 1 1 1 1 1 1
ciInstanceKlass java/lang/StackTraceElement 0 0 224 10 100 12 1 1 1 10 100 12 1 1 9 12 1 1 9 12 1 1 9 12 1 9 12 1 8 1 10 100 12 1 1 1 100 1 9 12 1 8 1 9 12 1 9 12 1 9 12 1 1 8 1 10 12 1 1 10 12 1 100 1 10 10 12 1 1 8 1 10 12 1 1 10 12 1 8 1 8 1 8 1 10 12 1 8 1 8 1 10 12 1 8 1 8 1 10 12 1 1 10 12 1 10 12 1 1 10 12 1 9 12 1 1 10 100 12 1 1 1 10 12 1 1 100 1 10 12 1 1 10 100 12 1 1 10 100 12 1 1 1 10 100 12 1 1 10 100 12 1 1 10 10 12 1 1 10 12 1 10 12 1 1 100 1 1 1 1 1 3 1 3 1 1 5 0 1 1 1 1 1 1 1 1 1 1 1 1 1 1 1 1 1 1 1 1 1 1 1 1 1 1 100 1 100 1 1 1 1 1 1 1 1 1 1 100 1 1 1 1 1 1 1 1
instanceKlass java/nio/CharBuffer
instanceKlass java/nio/IntBuffer
instanceKlass java/nio/LongBuffer
instanceKlass java/nio/ByteBuffer
ciInstanceKlass java/nio/Buffer 1 1 224 100 1 10 7 12 1 1 1 9 7 12 1 1 1 9 12 1 9 12 1 1 9 12 1 9 12 1 1 10 12 1 1 10 12 1 1 10 12 100 1 100 1 10 8 1 10 12 1 1 10 12 1 8 1 8 1 10 12 1 1 10 12 1 8 1 9 12 1 1 100 1 8 1 10 12 1 8 1 8 1 9 12 10 12 1 8 1 8 1 8 1 10 12 1 8 1 8 1 8 1 100 1 10 100 1 10 100 1 10 100 1 10 10 100 12 1 1 1 10 11 100 12 1 1 10 7 12 1 1 1 10 7 12 1 1 1 9 12 1 1 10 7 12 1 1 1 9 12 1 1 7 1 10 10 7 12 1 1 1 1 1 3 1 1 1 1 1 1 1 1 1 1 1 1 1 1 1 1 1 1 100 1 1 1 1 1 1 1 1 1 1 1 1 1 1 1 1 1 1 1 1 1 1 1 1 1 1 1 1 1 1 1 1 1 1 1 1 1 1 1 1 1 1
staticfield java/nio/Buffer UNSAFE Ljdk/internal/misc/Unsafe; jdk/internal/misc/Unsafe
staticfield java/nio/Buffer SCOPED_MEMORY_ACCESS Ljdk/internal/misc/ScopedMemoryAccess; jdk/internal/misc/ScopedMemoryAccess
staticfield java/nio/Buffer $assertionsDisabled Z 1
instanceKlass java/nio/MappedByteBuffer
instanceKlass java/nio/HeapByteBuffer
ciInstanceKlass java/nio/ByteBuffer 1 1 446 10 7 12 1 1 1 9 7 12 1 1 1 10 7 12 1 1 1 9 12 1 1 9 12 1 9 12 1 1 9 12 1 1 10 12 1 10 12 1 100 1 10 12 1 10 12 1 1 7 1 10 12 1 10 12 1 100 1 100 1 10 12 1 10 12 1 1 10 100 12 1 1 1 10 12 1 1 10 12 1 100 1 10 10 12 1 1 10 12 1 10 12 1 10 12 100 1 5 0 9 12 1 1 9 12 1 9 12 1 1 10 12 1 1 10 12 1 1 10 100 12 1 1 1 10 100 12 1 1 1 10 12 1 10 12 1 1 10 12 1 1 100 1 10 100 1 10 10 12 1 1 9 12 1 10 12 1 100 1 10 10 12 1 10 12 1 10 12 10 12 1 9 12 100 1 10 10 12 1 10 12 10 12 1 1 10 12 1 10 12 1 10 12 1 10 12 1 100 1 10 10 100 12 1 1 1 10 7 12 1 1 1 10 12 1 1 8 1 10 12 1 8 1 8 1 10 12 1 8 1 10 12 1 10 100 12 1 1 1 10 100 12 1 1 1 10 12 1 1 10 100 1 9 12 1 8 1 10 12 1 8 1 8 1 10 10 12 1 10 12 1 1 10 12 1 1 10 12 10 12 1 1 10 12 10 12 10 12 10 12 10 12 10 12 10 12 1 1 10 12 1 9 12 1 1 7 10 7 12 1 1 1 100 1 1 1 1 1 1 1 1 1 1 1 1 100 1 1 1 1 1 1 1 1 1 1 1 1 1 1 1 1 1 1 1 1 1 100 1 1 1 1 1 1 1 1 1 1 1 1 1 1 1 1 1 1 1 1 1 1 1 1 1 1 1 1 1 1 1 1 1 1 1 1 1 1 1 1 1 1 1 1 1 1 1 1 1 1 1 1 1 1 1 1 1 1 1 1 1 1 1 1 1 1 1 1 1 1 1 1 1 1 1 1 1 1 1 1 1 1 1 1 1 1 1 1 1 1 1 1 1 1 100 1 1
staticfield java/nio/ByteBuffer ARRAY_BASE_OFFSET J 16
staticfield java/nio/ByteBuffer $assertionsDisabled Z 1
ciInstanceKlass java/lang/StringCoding 1 1 44 10 100 12 1 1 1 10 100 12 1 1 1 100 1 1 1 1 1 1 1 1 1 1 1 1 1 1 1 1 1 1 1 1 1 1 1 1 1 1 1 1 1 1
ciMethod java/lang/StringCoding hasNegatives ([BII)Z 204 6194 737 0 -1
ciInstanceKlass jdk/internal/util/ArraysSupport 1 1 271 7 1 100 1 8 1 10 12 1 1 10 12 1 1 10 100 12 1 1 9 7 12 1 1 1 9 12 1 1 10 7 12 1 1 1 9 12 1 1 10 100 12 1 1 1 9 12 1 10 12 9 12 1 10 12 1 1 10 12 9 12 1 9 12 1 10 12 1 1 9 12 1 9 12 1 9 12 1 9 12 1 9 12 1 9 12 1 9 12 1 10 12 1 1 10 100 12 1 1 1 9 12 1 9 12 1 10 12 1 1 10 12 1 9 12 1 10 12 1 10 100 12 1 1 1 9 12 1 9 12 1 10 12 1 10 12 1 10 7 12 1 1 1 3 10 12 1 100 1 100 1 10 8 1 10 12 1 1 10 12 1 8 1 8 1 10 12 1 1 10 10 12 1 1 10 12 1 1 9 12 1 10 12 1 9 12 1 9 12 1 9 12 1 9 12 1 9 12 1 9 12 1 9 12 1 100 1 1 1 1 1 1 1 1 1 1 1 1 1 1 1 1 1 1 1 1 1 1 1 1 1 1 1 1 1 1 1 1 1 1 1 1 1 1 1 1 1 1 1 1 1 1 1 1 1 1 1 1 1 1 1 1 1 1 1 1 1 1 1 1
staticfield jdk/internal/util/ArraysSupport U Ljdk/internal/misc/Unsafe; jdk/internal/misc/Unsafe
staticfield jdk/internal/util/ArraysSupport BIG_ENDIAN Z 0
staticfield jdk/internal/util/ArraysSupport LOG2_ARRAY_BOOLEAN_INDEX_SCALE I 0
staticfield jdk/internal/util/ArraysSupport LOG2_ARRAY_BYTE_INDEX_SCALE I 0
staticfield jdk/internal/util/ArraysSupport LOG2_ARRAY_CHAR_INDEX_SCALE I 1
staticfield jdk/internal/util/ArraysSupport LOG2_ARRAY_SHORT_INDEX_SCALE I 1
staticfield jdk/internal/util/ArraysSupport LOG2_ARRAY_INT_INDEX_SCALE I 2
staticfield jdk/internal/util/ArraysSupport LOG2_ARRAY_LONG_INDEX_SCALE I 3
staticfield jdk/internal/util/ArraysSupport LOG2_ARRAY_FLOAT_INDEX_SCALE I 2
staticfield jdk/internal/util/ArraysSupport LOG2_ARRAY_DOUBLE_INDEX_SCALE I 3
staticfield jdk/internal/util/ArraysSupport LOG2_BYTE_BIT_SIZE I 3
ciMethod java/util/Map computeIfAbsent (Ljava/lang/Object;Ljava/util/function/Function;)Ljava/lang/Object; 0 0 1 0 -1
ciMethod jdk/internal/util/ArraysSupport newLength (III)I 518 0 1725 0 -1
ciInstanceKlass java/util/zip/CRC32 1 1 160 10 7 12 1 1 1 9 7 12 1 1 1 10 12 1 1 100 1 10 100 1 10 10 12 1 1 10 100 12 1 1 1 10 12 1 9 12 1 1 100 1 10 10 12 1 1 100 1 11 12 1 1 10 12 1 1 10 100 12 1 1 1 10 12 1 10 12 1 1 10 12 1 10 12 1 10 100 12 1 1 10 12 1 10 12 1 1 10 12 1 10 12 1 5 0 10 12 1 10 12 1 10 7 12 1 1 1 10 12 1 10 12 1 1 10 12 1 10 7 12 1 1 10 7 12 1 1 100 1 1 1 1 1 1 1 1 1 1 1 1 1 1 1 1 1 100 1 100 1 1 1 1 1 1 1 1 1 1 1
staticfield java/util/zip/CRC32 $assertionsDisabled Z 1
ciInstanceKlass java/util/zip/Checksum 1 1 86 11 7 12 1 1 1 10 100 12 1 1 1 10 12 1 9 7 12 1 1 1 100 1 10 12 1 1 10 12 1 1 10 12 1 1 10 12 1 10 12 1 10 100 12 1 1 1 10 12 1 10 12 1 1 10 12 1 100 1 1 1 1 1 1 1 1 1 1 1 1 1 1 1 1 1 1 100 1 1 1 1 1 1 1 1
ciMethod java/util/zip/Checksum update ([B)V 990 0 2646 0 -1
ciMethod java/util/zip/CRC32 getValue ()J 990 0 2646 0 -1
ciMethod java/util/zip/CRC32 <init> ()V 990 0 2646 0 -1
ciInstanceKlass jdk/internal/misc/UnsafeConstants 1 1 34 10 100 12 1 1 1 9 7 12 1 1 1 9 12 1 9 12 1 1 9 12 1 9 12 1 1 1 1 1 1 1 1 1
staticfield jdk/internal/misc/UnsafeConstants ADDRESS_SIZE0 I 8
staticfield jdk/internal/misc/UnsafeConstants PAGE_SIZE I 4096
staticfield jdk/internal/misc/UnsafeConstants BIG_ENDIAN Z 0
staticfield jdk/internal/misc/UnsafeConstants UNALIGNED_ACCESS Z 1
staticfield jdk/internal/misc/UnsafeConstants DATA_CACHE_LINE_FLUSH_SIZE I 0
instanceKlass java/lang/invoke/DelegatingMethodHandle
instanceKlass java/lang/invoke/BoundMethodHandle
instanceKlass java/lang/invoke/DirectMethodHandle
ciInstanceKlass java/lang/invoke/MethodHandle 1 1 641 100 1 9 7 12 1 1 1 10 7 12 1 1 1 10 7 12 1 1 1 7 1 7 1 10 12 1 1 9 12 1 1 10 12 1 10 12 1 1 10 12 1 1 10 100 12 1 1 1 10 12 1 1 10 12 1 1 11 100 12 1 1 1 10 12 1 1 10 12 1 10 12 1 9 12 1 1 10 12 1 1 100 1 100 1 10 8 1 10 12 1 1 10 12 1 8 1 10 12 1 1 10 12 1 10 7 12 1 1 1 10 12 1 10 12 1 1 10 12 1 1 10 12 1 1 10 12 1 1 10 7 12 1 1 1 10 100 12 1 1 1 7 1 10 12 1 1 10 12 1 1 10 12 1 1 8 1 10 7 12 1 1 1 8 1 10 12 1 1 10 12 1 1 10 12 1 1 10 12 1 8 1 10 12 1 1 8 1 10 12 1 8 1 10 100 12 1 1 1 9 12 1 1 100 1 10 9 100 12 1 1 1 9 100 1 8 1 10 12 1 1 10 12 1 10 12 1 1 10 12 1 10 12 1 1 10 12 1 10 12 1 1 10 12 1 10 12 1 1 10 12 1 1 8 1 10 12 1 1 8 1 10 12 1 10 12 1 1 10 12 1 10 12 1 10 12 1 1 9 100 12 1 1 1 10 12 1 1 11 12 1 10 12 1 10 12 1 1 10 100 12 1 1 1 100 1 11 12 1 10 100 1 11 12 1 100 1 10 12 1 11 12 1 9 100 12 1 1 1 11 12 1 1 11 100 12 1 1 1 10 12 1 1 9 12 1 11 12 1 9 12 1 9 12 1 9 12 1 11 12 1 1 9 12 1 9 12 1 9 12 1 9 12 1 9 12 1 9 12 1 9 12 1 8 1 10 12 1 10 12 1 8 1 10 12 1 10 12 1 10 10 7 12 1 1 10 12 1 1 100 1 8 1 10 12 1 1 10 12 1 1 10 12 1 10 12 1 100 1 10 100 12 1 1 1 10 12 1 9 7 12 1 1 1 10 12 1 1 10 12 1 1 8 1 9 12 1 9 12 1 1 9 12 1 1 10 12 1 7 1 10 12 1 10 12 1 1 9 12 1 1 9 12 1 1 10 7 12 1 1 1 11 7 12 1 1 9 12 1 10 12 1 1 9 12 1 10 12 1 8 10 12 1 1 8 1 1 1 1 1 1 100 1 1 1 1 1 1 1 1 1 1 1 1 1 1 1 1 1 1 1 1 1 1 1 1 1 1 1 1 1 1 1 1 1 1 1 1 1 1 1 1 1 1 1 1 1 1 1 1 1 1 1 1 1 1 1 1 1 1 1 1 1 1 1 1 1 1 1 1 1 100 1 1 1 1 1 1 1 1 1 100 1 1 1 1 1 1 1 1 1 1 1 1 1 1 1 1 1 1 1 1 1 1 1 1 1 1 1 100 1 1 100 1 1 100 1 1 1 1
staticfield java/lang/invoke/MethodHandle FORM_OFFSET J 20
staticfield java/lang/invoke/MethodHandle UPDATE_OFFSET J 13
staticfield java/lang/invoke/MethodHandle $assertionsDisabled Z 1
instanceKlass java/lang/ProcessEnvironment
instanceKlass java/util/LinkedHashMap
ciInstanceKlass java/util/HashMap 1 1 610 10 7 12 1 1 1 100 1 10 12 1 1 100 1 10 7 12 1 1 1 100 1 11 12 1 1 11 12 1 11 12 1 1 10 7 12 1 1 1 7 1 3 10 7 12 1 1 1 100 1 100 1 10 8 1 10 12 1 1 10 12 1 10 12 1 1 10 12 1 10 7 12 1 1 1 8 1 10 12 1 9 12 1 1 10 12 1 9 12 1 1 4 10 12 1 10 12 1 1 11 7 12 1 1 9 12 1 1 4 10 12 1 1 11 12 1 1 11 7 12 1 1 1 11 7 12 1 1 1 11 12 1 1 7 1 11 12 1 11 12 1 10 12 1 10 12 1 1 9 12 10 12 1 1 9 7 12 1 1 1 9 12 9 12 1 10 12 1 1 9 12 1 7 1 10 12 1 1 10 12 1 1 10 12 1 1 10 12 1 1 10 12 1 1 9 12 1 10 12 1 1 3 10 12 1 1 10 12 1 1 9 12 1 1 9 10 12 1 1 10 12 1 1 10 12 1 1 10 12 1 9 12 1 1 7 1 10 12 1 10 12 1 10 7 12 1 1 1 7 1 9 12 1 1 7 1 10 9 12 7 1 10 100 1 10 11 7 12 1 1 1 100 1 10 11 100 12 1 1 11 100 12 1 1 1 10 12 1 100 1 100 1 10 12 1 10 12 1 10 12 1 10 100 12 1 1 10 12 1 1 10 12 1 1 10 100 12 1 1 1 8 10 100 12 1 1 1 100 1 10 4 10 100 12 1 1 1 4 10 12 1 10 100 12 1 1 1 10 12 1 8 1 4 10 100 12 1 1 1 100 1 11 100 12 1 1 1 10 12 1 10 12 1 10 10 12 1 1 100 1 100 1 1 1 1 5 0 1 3 1 1 1 3 1 3 1 3 1 1 1 1 1 1 1 1 1 1 1 1 1 1 1 1 1 1 1 1 1 1 100 1 1 1 1 1 1 1 1 1 1 1 1 1 1 1 1 1 1 1 1 1 1 1 1 1 1 1 1 1 1 1 1 100 1 1 1 1 1 1 1 1 1 1 1 1 1 1 1 1 1 1 1 1 1 1 1 1 1 1 1 1 1 1 1 1 1 1 1 1 1 1 1 1 1 1 1 1 1 1 1 1 1 1 100 1 1 1 1 1 1 1 1 1 1 1 1 1 1 1 1 1 1 1 1 1 1 1 1 1 1 1 1 1 1 1 1 1 1 1 1 1 1 1 1 1 1 1 1 1 1 1 1 100 1 1 1 1 1 1 1 1 100 1 1 1 1 1 1 1 1 1 1 1 1 1 1 100 1 100 1 100 1 100 1 100 1 100 1 100 1 100 1 1 1 1 1 1 1 1 1 1 1 1 1 1 1 1 1 1
ciInstanceKlass java/util/LinkedHashMap 1 1 289 9 7 12 1 1 1 9 12 1 9 7 12 1 1 9 12 1 10 7 12 1 1 1 10 12 1 1 10 12 1 1 9 12 1 1 9 12 1 1 9 12 1 10 12 1 1 100 1 10 10 12 1 1 10 12 1 10 12 1 1 9 12 1 1 9 12 1 10 100 12 1 1 1 10 12 1 10 12 1 10 12 10 12 1 1 10 100 12 1 1 1 10 12 1 1 10 12 1 1 9 7 1 10 12 1 9 12 1 1 7 1 10 12 1 9 12 1 1 7 1 10 9 12 1 7 1 10 100 1 10 11 100 12 1 1 1 100 1 10 11 100 12 1 1 1 100 1 1 1 1 5 0 1 1 1 1 1 1 1 1 1 1 1 1 1 1 1 1 1 1 1 1 1 1 1 1 1 1 1 1 1 1 1 1 1 1 1 1 1 1 1 1 1 1 1 1 1 1 1 1 1 1 1 100 1 1 1 1 1 1 1 1 1 1 1 1 1 1 1 1 1 1 1 1 1 1 1 1 1 100 1 1 1 1 1 1 1 1 100 1 1 1 1 1 100 1 1 1 1 1 1 1 1 1 1 1 1 1 1 1 1 1 1 1 1 1 1 100 1 100 1 100 1 100 1 1 1 1 1 100 1 1 1 1 1 1 1 1
ciMethod java/util/HashMap put (Ljava/lang/Object;Ljava/lang/Object;)Ljava/lang/Object; 1974 0 16677 0 2240
ciMethod java/util/HashMap containsKey (Ljava/lang/Object;)Z 512 0 427 0 0
instanceKlass java/lang/invoke/DirectMethodHandle$Special
instanceKlass java/lang/invoke/DirectMethodHandle$Interface
instanceKlass java/lang/invoke/DirectMethodHandle$Constructor
instanceKlass java/lang/invoke/DirectMethodHandle$Accessor
instanceKlass java/lang/invoke/DirectMethodHandle$StaticAccessor
ciInstanceKlass java/lang/invoke/DirectMethodHandle 1 1 940 7 1 7 1 100 1 7 1 7 1 10 7 12 1 1 1 10 7 12 1 1 1 100 1 10 12 1 10 12 1 1 10 7 12 1 1 10 12 1 1 10 12 1 10 12 1 7 1 10 12 1 1 10 12 1 1 10 12 1 10 12 1 1 10 7 12 1 1 1 10 12 1 9 12 1 1 100 1 10 9 12 1 1 9 12 1 10 12 1 10 12 1 10 12 1 1 10 12 1 10 12 1 10 12 1 10 7 12 1 1 1 10 12 1 10 12 1 1 8 1 10 12 1 1 7 1 10 12 1 7 1 10 10 12 1 10 12 1 10 12 1 10 7 12 1 1 1 10 12 1 1 100 1 10 12 1 10 12 1 7 1 10 12 1 10 12 1 1 10 12 1 1 10 12 1 8 10 100 12 1 1 1 10 12 1 10 12 1 10 12 1 1 10 12 1 9 7 12 1 1 1 7 1 10 12 1 10 7 12 1 1 1 10 12 1 10 12 1 1 9 12 1 1 100 1 10 8 1 10 12 1 1 10 12 1 10 12 1 10 10 12 1 10 12 1 10 12 1 10 12 1 10 12 1 1 10 12 1 10 12 1 1 10 12 1 10 12 1 1 10 10 7 12 1 1 1 10 12 1 10 12 1 1 10 12 1 10 12 1 1 8 1 9 7 12 1 1 1 8 1 9 12 1 9 12 1 8 1 9 12 1 9 12 1 8 1 9 12 1 9 12 1 8 1 10 12 1 10 12 1 1 9 12 1 1 7 1 10 12 1 1 100 1 10 7 12 1 1 1 10 12 1 1 10 12 1 10 12 1 1 7 1 10 12 1 1 10 12 1 10 12 1 1 7 1 10 12 1 1 10 7 12 1 1 1 10 12 1 10 12 1 10 12 1 9 12 1 1 10 7 1 9 12 9 12 1 10 7 12 1 1 1 10 12 1 7 1 7 1 7 1 9 12 1 1 10 7 12 1 10 12 1 1 10 12 1 100 1 10 12 1 10 12 1 1 9 100 12 1 1 1 10 12 1 1 100 1 10 100 12 1 1 1 10 12 1 10 12 1 8 1 9 12 1 9 12 1 10 12 1 9 12 1 1 10 100 12 1 1 1 9 12 1 1 9 12 1 1 10 12 1 10 12 1 10 12 1 10 12 1 10 12 1 1 10 12 1 10 7 12 1 1 9 12 1 10 12 1 10 12 1 10 12 1 10 12 1 1 10 12 1 1 9 12 1 1 10 12 1 1 9 7 12 1 1 1 9 12 1 9 12 1 9 12 1 9 12 1 9 12 1 9 12 1 9 12 1 9 12 1 9 12 1 9 12 1 9 12 1 9 12 1 9 12 1 9 12 1 9 12 1 9 12 1 9 12 1 9 12 1 9 12 1 9 12 1 9 12 1 9 12 1 9 12 1 9 12 1 9 12 1 9 12 1 9 12 1 9 12 1 9 12 1 9 12 1 9 12 1 9 12 1 9 12 1 9 12 1 9 12 1 9 12 1 8 1 9 12 1 1 9 12 1 1 10 12 1 10 12 1 1 9 7 1 10 12 1 9 12 1 1 10 12 10 12 1 10 12 1 10 12 1 10 8 1 8 1 8 1 8 1 10 12 1 1 9 12 1 1 10 12 1 10 100 12 1 1 1 8 9 12 1 1 10 12 1 1 8 1 8 8 9 12 1 8 1 8 8 8 8 8 1 8 10 12 1 10 12 1 8 1 8 1 10 12 1 10 12 1 10 12 1 10 12 1 1 7 1 1 1 1 3 1 3 1 3 1 3 1 3 1 3 1 3 1 3 1 3 1 3 1 1 1 1 1 1 1 1 1 1 3 1 3 1 1 1 1 3 1 1 1 1 1 1 1 1 1 1 1 1 1 1 1 1 1 1 1 1 1 1 1 1 1 1 1 1 1 1 1 1 1 1 1 1 1 1 1 1 1 1 1 1 1 1 1 1 1 1 1 1 1 1 1 1 100 1 1 1 1 1 1 1 1 1 1 1 1 100 1 1 1 1 1 1 1 1 1 1 1 1 1 1 1 1 1 1 1 1 1 1 1 1 1 1 1 1 1 1 1 1 1 1 1 1 1 1 1 1 1 1 1 1 1 1 1 1 1 1 1
staticfield java/lang/invoke/DirectMethodHandle IMPL_NAMES Ljava/lang/invoke/MemberName$Factory; java/lang/invoke/MemberName$Factory
staticfield java/lang/invoke/DirectMethodHandle FT_UNCHECKED_REF I 8
staticfield java/lang/invoke/DirectMethodHandle ACCESSOR_FORMS [Ljava/lang/invoke/LambdaForm; 132 [Ljava/lang/invoke/LambdaForm;
staticfield java/lang/invoke/DirectMethodHandle ALL_WRAPPERS [Lsun/invoke/util/Wrapper; 10 [Lsun/invoke/util/Wrapper;
staticfield java/lang/invoke/DirectMethodHandle NFS [Ljava/lang/invoke/LambdaForm$NamedFunction; 12 [Ljava/lang/invoke/LambdaForm$NamedFunction;
staticfield java/lang/invoke/DirectMethodHandle OBJ_OBJ_TYPE Ljava/lang/invoke/MethodType; java/lang/invoke/MethodType
staticfield java/lang/invoke/DirectMethodHandle LONG_OBJ_TYPE Ljava/lang/invoke/MethodType; java/lang/invoke/MethodType
staticfield java/lang/invoke/DirectMethodHandle $assertionsDisabled Z 1
ciInstanceKlass java/lang/invoke/LambdaForm 1 1 1052 100 1 9 7 12 1 1 1 10 7 12 1 1 1 10 7 12 1 1 9 12 1 1 9 12 1 1 10 12 1 1 100 1 10 9 12 1 10 12 1 1 9 12 1 10 7 12 1 1 1 9 12 1 9 12 1 9 12 1 1 9 12 1 10 12 1 1 7 1 10 12 1 10 100 12 1 1 1 10 100 12 1 1 1 10 12 1 10 12 1 1 9 100 12 1 1 1 10 12 1 1 9 12 1 10 12 1 1 10 12 1 10 12 1 1 10 12 1 1 10 100 12 1 1 1 7 1 10 10 12 1 1 8 1 10 12 1 10 12 1 10 12 1 1 7 1 10 7 12 1 1 1 10 12 1 1 10 12 1 10 12 1 1 9 12 1 1 9 12 1 9 12 1 1 10 12 1 9 12 1 10 100 12 1 1 1 10 12 1 1 10 12 1 9 12 1 1 10 100 12 1 1 1 10 12 1 10 12 1 10 12 1 10 12 1 10 12 1 10 12 1 1 10 12 1 10 12 1 1 8 1 10 12 1 10 12 1 8 1 8 1 9 12 1 9 12 1 9 12 1 1 10 12 1 1 10 12 1 9 12 1 10 12 1 1 10 7 12 1 1 1 10 12 1 1 10 12 1 10 12 1 10 12 1 1 9 12 1 10 12 1 8 1 8 1 8 1 8 1 8 1 8 1 8 1 8 1 10 12 1 9 12 1 7 1 10 12 1 1 9 12 1 10 12 1 10 12 1 1 10 12 10 12 1 10 12 1 1 10 12 1 1 10 10 12 1 1 10 12 1 1 7 1 8 1 10 12 1 1 10 12 1 10 12 1 1 10 8 1 10 12 1 1 8 1 8 1 8 1 10 12 1 9 12 1 1 10 12 1 1 10 12 1 1 100 1 10 12 1 1 10 12 1 10 7 12 1 1 1 10 12 1 1 9 12 1 1 8 1 10 100 12 1 1 1 10 7 12 1 1 10 12 10 10 12 1 1 9 12 1 8 10 12 1 1 100 1 10 12 1 1 10 12 1 9 7 12 1 1 9 12 1 1 8 1 10 100 12 1 1 10 12 1 1 100 1 100 1 10 10 12 1 1 10 12 1 1 8 1 8 1 100 1 8 1 10 12 10 12 1 10 12 1 10 12 1 1 8 1 8 1 9 100 12 1 1 1 10 12 1 10 12 1 1 8 1 8 1 8 1 100 1 8 1 100 1 8 1 100 1 8 1 10 12 1 8 1 9 10 7 12 1 1 1 10 12 1 9 12 1 1 10 12 1 10 10 12 1 10 12 1 10 12 1 10 12 1 1 10 12 1 10 12 1 1 10 12 1 1 10 12 1 1 8 1 100 10 12 1 10 12 1 9 12 1 1 10 7 12 1 1 8 1 8 1 100 1 8 1 8 1 8 1 8 1 8 1 8 1 8 1 8 1 10 12 1 1 10 12 1 1 10 12 1 10 12 1 8 1 8 1 8 1 10 12 1 8 1 10 12 1 8 1 8 1 8 1 8 1 8 1 10 12 1 10 12 1 10 12 1 1 10 7 12 1 1 1 10 12 1 10 12 1 10 12 1 10 12 1 10 12 1 10 12 1 10 12 1 9 12 1 1 8 1 10 12 1 1 9 12 1 1 10 12 1 1 9 12 1 9 12 1 1 9 12 1 9 12 1 1 7 1 10 7 12 1 1 1 9 12 1 10 12 1 10 12 1 8 1 10 12 1 9 12 1 1 7 1 10 7 12 1 1 1 8 1 100 1 10 12 1 9 12 1 9 12 1 10 12 1 10 12 1 10 7 12 1 1 1 10 12 1 9 7 12 1 1 10 12 1 1 10 12 1 10 12 1 9 12 10 12 1 10 10 12 1 9 9 12 1 7 9 12 1 1 10 12 1 1 9 12 1 10 12 1 10 7 1 9 1 1 1 1 3 1 3 1 3 1 1 1 1 1 1 1 1 1 1 1 1 1 1 1 1 1 1 1 1 1 1 1 1 1 1 1 1 1 1 1 1 1 1 1 1 1 1 1 1 1 1 1 1 1 1 1 1 1 1 1 1 1 1 1 1 100 1 1 1 1 1 1 1 1 1 1 1 1 1 1 1 1 1 1 1 1 1 1 1 1 1 1 1 1 1 1 1 1 1 1 1 1 1 1 1 1 1 1 1 1 1 1 1 1 1 1 1 1 1 1 1 1 1 1 1 100 1 1 1 1 1 1 1 1 1 1 1 1 1 1 1 1 1 1 1 1 1 1 1 1 1 1 1 1 1 1 1 1 1 1 100 1 1 1 1 1 1 1 1 1 1 1 1 1 1 1 1 1 1 1 1 1 1 100 1 1 1 100 1 1 100 1 1 1 1 1 1 1 1 1 1 1
staticfield java/lang/invoke/LambdaForm COMPILE_THRESHOLD I 0
staticfield java/lang/invoke/LambdaForm INTERNED_ARGUMENTS [[Ljava/lang/invoke/LambdaForm$Name; 5 [[Ljava/lang/invoke/LambdaForm$Name;
staticfield java/lang/invoke/LambdaForm IMPL_NAMES Ljava/lang/invoke/MemberName$Factory; java/lang/invoke/MemberName$Factory
staticfield java/lang/invoke/LambdaForm LF_identity [Ljava/lang/invoke/LambdaForm; 6 [Ljava/lang/invoke/LambdaForm;
staticfield java/lang/invoke/LambdaForm LF_zero [Ljava/lang/invoke/LambdaForm; 6 [Ljava/lang/invoke/LambdaForm;
staticfield java/lang/invoke/LambdaForm NF_identity [Ljava/lang/invoke/LambdaForm$NamedFunction; 6 [Ljava/lang/invoke/LambdaForm$NamedFunction;
staticfield java/lang/invoke/LambdaForm NF_zero [Ljava/lang/invoke/LambdaForm$NamedFunction; 6 [Ljava/lang/invoke/LambdaForm$NamedFunction;
staticfield java/lang/invoke/LambdaForm createFormsLock Ljava/lang/Object; java/lang/Object
staticfield java/lang/invoke/LambdaForm DEBUG_NAME_COUNTERS Ljava/util/HashMap; null
staticfield java/lang/invoke/LambdaForm DEBUG_NAMES Ljava/util/HashMap; null
staticfield java/lang/invoke/LambdaForm TRACE_INTERPRETER Z 0
staticfield java/lang/invoke/LambdaForm $assertionsDisabled Z 1
ciInstanceKlass java/lang/invoke/MethodHandleNatives 1 1 684 100 1 10 7 12 1 1 1 9 7 12 1 1 1 10 12 1 1 100 1 10 10 12 1 1 10 12 1 10 12 1 8 1 8 1 8 1 8 1 8 1 8 1 8 1 8 1 8 1 8 1 10 12 1 1 7 1 10 7 12 1 1 1 10 100 12 1 1 1 7 1 10 10 12 1 1 8 1 10 12 1 8 1 10 12 1 1 8 1 10 12 1 1 9 100 12 1 1 1 8 1 10 100 12 1 1 1 100 1 10 12 100 1 100 1 8 1 7 1 10 10 12 1 7 1 9 7 12 1 1 10 12 1 1 10 12 1 10 7 12 1 1 1 7 1 10 12 1 1 10 7 12 1 1 1 10 12 1 10 12 1 1 10 12 1 1 9 12 1 8 1 10 12 1 8 1 10 12 1 8 1 8 1 8 1 100 1 10 12 1 8 1 10 12 1 1 10 12 1 10 100 12 1 1 1 100 1 8 1 10 100 12 1 1 1 7 1 8 1 10 12 1 8 1 8 1 8 1 8 1 8 1 10 12 1 1 10 12 1 1 10 12 1 10 12 1 1 10 12 1 1 7 1 10 12 1 100 1 100 1 10 12 1 10 12 1 8 1 8 1 10 10 12 1 1 10 12 1 1 8 1 10 100 12 1 1 1 8 1 8 1 10 12 1 1 10 7 12 1 1 1 100 1 10 12 1 1 7 1 9 12 1 1 10 7 12 1 1 1 10 10 12 1 9 12 1 10 12 1 1 9 12 1 9 12 1 10 12 1 1 10 12 1 10 12 1 1 7 1 7 1 10 12 1 1 10 12 1 10 12 1 1 10 7 12 1 1 1 10 12 1 8 1 10 12 1 10 12 1 10 12 1 1 10 12 1 10 7 12 1 1 1 10 12 1 1 100 1 8 1 10 9 7 12 1 1 1 10 12 1 1 10 12 1 1 100 1 10 12 1 1 10 12 1 1 100 1 100 1 10 10 100 1 100 1 10 100 1 10 10 12 1 1 10 100 1 10 12 1 10 12 1 10 12 1 1 10 12 1 1 10 12 1 1 10 12 1 10 12 1 1 10 8 1 100 1 10 12 1 10 12 1 10 12 1 10 12 1 10 12 1 1 10 12 1 9 12 1 1 10 7 12 1 1 1 9 12 1 1 11 7 12 1 1 1 10 12 1 10 12 1 10 10 12 1 10 7 12 1 1 1 1 1 1 1 1 1 1 1 1 1 1 1 100 1 1 1 1 1 1 1 1 1 1 1 1 1 1 1 1 1 1 1 1 1 1 1 1 1 1 1 1 1 1 1 1 1 1 1 1 1 1 1 1 1 1 1 1 1 1 1 1 1 1 1 1 1 1 1 1 1 1 1 1 1 1 1 1 1 1 1 1 1 1 1 1 1 1 1 1 1 1 1 1 1 1 1 1 1 1 1 1 1 1 1 1 1 1 1 1 1 1 100 1 1 1 1 1 1 1 1 1 1 1 1 1 1 1 1 1 1 1 1 1 1 1 1 1 1 1 1 100 1 1 1 1 1 1 1 100 1 1 1
staticfield java/lang/invoke/MethodHandleNatives JLA Ljdk/internal/access/JavaLangAccess; java/lang/System$2
staticfield java/lang/invoke/MethodHandleNatives $assertionsDisabled Z 1
ciInstanceKlass jdk/internal/reflect/CallerSensitive 0 0 17 100 1 100 1 100 1 1 1 1 1 1 1 1 1 1 1
ciInstanceKlass jdk/internal/reflect/ConstantPool 1 1 142 10 100 12 1 1 1 9 7 12 1 1 1 10 12 1 1 10 12 1 1 10 12 1 10 12 1 1 10 12 1 1 10 12 1 10 12 1 1 10 12 1 10 12 1 1 10 12 1 10 12 1 10 12 1 10 12 1 1 10 12 1 1 10 12 1 1 10 12 1 1 10 12 1 10 12 1 1 10 100 12 1 1 1 8 11 7 12 1 1 1 10 7 12 1 1 1 1 1 1 1 1 1 1 1 1 1 1 1 1 1 1 1 1 1 1 1 1 1 1 1 1 1 1 1 1 1 1 1 1 1 1 1 1 1 1 1 1 1 1 1 1
instanceKlass jdk/internal/reflect/UnsafeStaticIntegerFieldAccessorImpl
instanceKlass jdk/internal/reflect/UnsafeQualifiedStaticFieldAccessorImpl
ciInstanceKlass jdk/internal/reflect/UnsafeStaticFieldAccessorImpl 1 1 47 10 7 12 1 1 1 9 7 12 1 1 1 10 7 12 1 1 1 9 12 1 1 8 11 7 12 1 1 1 10 7 12 1 1 1 1 1 1 1 1 1 1 1 1 1 1
instanceKlass jdk/internal/reflect/UnsafeFieldAccessorImpl
ciInstanceKlass jdk/internal/reflect/FieldAccessorImpl 1 1 59 10 7 12 1 1 1 100 1 100 1 1 1 1 1 1 1 1 1 100 1 1 1 1 1 1 1 1 1 1 1 1 1 1 1 1 1 1 1 100 1 1 1 1 1 1 1 1 1 1 1 1 1 1 1 1 1 1 1
instanceKlass jdk/internal/reflect/UnsafeStaticFieldAccessorImpl
ciInstanceKlass jdk/internal/reflect/UnsafeFieldAccessorImpl 1 1 254 10 7 12 1 1 1 9 7 12 1 1 1 10 7 12 1 1 1 10 7 12 1 1 1 9 12 1 1 10 7 12 1 1 1 9 12 1 1 10 12 1 10 12 1 9 12 1 10 12 1 1 10 100 12 1 1 10 100 12 1 1 1 10 12 1 1 100 1 10 10 12 1 1 10 12 1 1 8 1 10 10 12 1 100 1 8 1 10 12 1 8 1 10 12 1 8 1 10 12 1 100 1 10 12 1 1 10 8 1 10 12 1 1 8 1 10 100 12 1 1 8 1 10 100 12 1 1 8 1 10 100 12 1 1 8 1 10 100 12 1 1 8 1 10 100 12 1 1 8 1 10 100 12 1 1 8 1 10 100 12 1 1 8 1 10 100 12 1 1 10 12 1 1 8 1 8 1 8 1 8 1 8 1 8 1 10 100 12 1 1 1 8 1 8 1 8 1 10 12 10 12 1 1 1 1 1 1 1 1 1 1 1 1 1 1 1 1 1 1 1 1 1 1 1 1 1 1 1 1 1 1 1 1 1 1 1 1 1 1 1 1 1 1 1 1 1 1 1 1 1 1 1 1
staticfield jdk/internal/reflect/UnsafeFieldAccessorImpl unsafe Ljdk/internal/misc/Unsafe; jdk/internal/misc/Unsafe
ciInstanceKlass jdk/internal/reflect/NativeConstructorAccessorImpl 1 1 126 10 7 12 1 1 1 9 7 12 1 1 1 9 12 1 1 10 7 12 1 1 1 10 7 12 1 1 1 10 7 12 1 1 1 9 12 1 9 12 1 1 9 12 1 1 10 7 12 1 1 1 7 1 10 10 12 1 1 10 12 1 10 12 1 10 12 1 1 9 12 1 1 10 7 12 1 1 1 100 1 10 12 1 1 10 12 1 1 8 10 12 1 1 1 1 1 1 1 1 1 1 1 1 1 1 1 1 1 1 1 1 1 1 100 1 100 1 100 1 1 1 1 1 1 1
staticfield jdk/internal/reflect/NativeConstructorAccessorImpl U Ljdk/internal/misc/Unsafe; jdk/internal/misc/Unsafe
staticfield jdk/internal/reflect/NativeConstructorAccessorImpl GENERATED_OFFSET J 16
ciInstanceKlass java/lang/invoke/ConstantCallSite 1 1 65 10 7 12 1 1 1 9 7 12 1 1 1 9 12 1 1 10 7 12 1 1 1 10 12 1 100 1 10 12 9 12 1 1 100 1 10 10 12 1 1 10 12 1 1 1 1 1 1 1 1 1 1 1 1 1 100 1 1 1 1 1 1 1 1
staticfield java/lang/invoke/ConstantCallSite UNSAFE Ljdk/internal/misc/Unsafe; jdk/internal/misc/Unsafe
ciInstanceKlass java/lang/invoke/DirectMethodHandle$StaticAccessor 0 0 95 10 100 12 1 1 1 10 100 12 1 1 1 9 100 12 1 1 1 9 12 1 1 9 12 1 1 10 100 12 1 1 1 9 12 1 1 9 12 1 1 10 12 1 9 12 1 10 12 1 1 100 1 10 12 1 9 12 1 1 10 12 1 1 10 12 1 1 1 1 1 1 1 1 1 1 1 1 1 1 1 1 1 1 1 1 1 1 1 1 1 1 1 1 1
ciInstanceKlass java/lang/invoke/DirectMethodHandle$Accessor 1 1 92 10 7 12 1 1 1 10 7 12 1 1 1 9 7 12 1 1 1 9 12 1 1 10 7 12 1 1 1 9 12 1 1 9 12 1 1 10 12 1 9 12 1 10 12 1 1 100 1 10 12 1 9 12 1 1 10 12 1 1 10 12 1 1 1 1 1 1 1 1 1 1 1 1 1 1 1 1 1 1 1 1 1 1 1 1 1 1 1 1 1 1
staticfield java/lang/invoke/DirectMethodHandle$Accessor $assertionsDisabled Z 1
ciInstanceKlass java/lang/invoke/MutableCallSite 0 0 63 10 100 12 1 1 1 10 12 1 9 100 12 1 1 1 10 12 1 10 12 1 1 9 12 1 1 10 100 12 1 1 1 10 100 12 1 1 1 10 12 1 1 1 1 1 1 1 1 1 1 1 1 1 1 1 1 1 1 100 1 1 1
instanceKlass java/lang/invoke/VarHandleReferences$Array
instanceKlass java/lang/invoke/VarHandleInts$FieldInstanceReadOnly
instanceKlass java/lang/invoke/VarHandleReferences$FieldInstanceReadOnly
ciInstanceKlass java/lang/invoke/VarHandle 1 1 390 10 7 12 1 1 1 10 7 12 1 1 9 12 1 1 9 12 1 1 100 1 10 8 1 10 12 1 1 10 7 12 1 1 1 10 12 1 1 10 100 12 1 1 1 9 100 12 1 1 1 10 12 1 1 10 100 12 1 1 1 10 12 1 1 9 12 1 10 12 1 9 12 1 1 10 100 12 1 1 10 12 1 9 100 12 1 1 1 9 12 1 1 10 12 1 1 100 1 100 1 10 8 1 10 12 1 1 10 12 1 8 1 10 12 1 10 12 1 10 12 1 1 9 100 12 1 1 1 10 12 1 10 12 1 1 10 12 1 10 10 100 12 1 1 1 10 12 1 1 10 12 1 1 10 100 12 1 1 1 10 100 12 1 1 1 10 100 12 1 1 1 9 12 1 1 10 9 12 1 1 10 12 1 10 12 1 10 12 1 1 10 12 1 10 100 12 1 1 1 9 12 1 1 10 12 1 1 9 12 1 10 12 1 10 12 1 10 100 12 1 1 100 1 10 9 7 12 1 1 1 9 12 1 1 10 7 12 1 1 1 10 12 1 10 12 1 10 12 1 10 12 1 10 12 1 10 12 1 1 7 1 10 10 7 12 1 1 1 9 12 1 1 8 10 12 1 1 7 1 10 12 1 1 100 1 1 1 1 1 1 1 1 1 1 1 1 1 1 1 1 1 1 1 1 1 1 1 1 1 1 1 1 1 1 1 1 1 1 1 1 1 1 1 1 1 1 1 1 1 1 1 1 1 1 1 1 1 1 1 1 1 1 1 1 1 1 1 1 1 1 1 1 1 1 1 1 1 1 1 1 1 1 1 1 1 1 1 1 1 1 1 1 1 100 1 100 1 100 1 1 1 1 1 1 1 100 1 1 1
staticfield java/lang/invoke/VarHandle AIOOBE_SUPPLIER Ljava/util/function/BiFunction; jdk/internal/util/Preconditions$1
staticfield java/lang/invoke/VarHandle VFORM_OFFSET J 16
staticfield java/lang/invoke/VarHandle $assertionsDisabled Z 1
ciInstanceKlass java/lang/invoke/MemberName 1 1 757 7 1 7 1 100 1 9 12 1 1 10 7 12 1 1 1 9 12 1 1 10 12 1 1 10 12 1 1 10 12 1 1 10 12 1 10 12 1 1 10 7 12 1 1 1 10 12 1 9 100 12 1 1 10 12 1 100 1 100 1 10 12 1 8 1 10 12 1 1 10 12 1 10 12 1 1 10 12 1 9 12 1 1 8 1 10 100 12 1 1 1 7 1 10 10 12 1 1 100 1 100 1 10 12 1 1 9 12 1 1 100 1 8 1 10 12 1 10 12 1 10 12 1 10 12 1 10 12 1 1 10 12 1 10 12 1 10 12 1 1 10 12 1 1 10 12 1 8 1 8 1 8 1 10 100 12 1 1 1 10 12 1 9 12 1 1 3 10 12 1 10 12 1 10 12 1 10 10 7 12 1 1 1 10 12 1 10 12 1 10 12 1 10 12 1 7 1 8 10 12 1 1 10 12 1 1 8 1 9 100 1 8 9 100 1 10 12 1 1 10 12 1 10 12 1 8 1 10 12 1 1 10 12 1 10 12 1 10 12 1 10 12 1 1 100 1 10 12 1 1 10 12 1 8 1 10 12 1 10 12 1 8 1 10 12 1 1 10 12 1 1 100 1 10 12 1 1 10 12 8 1 8 1 100 1 10 12 1 10 100 12 1 1 1 100 1 10 12 10 12 1 10 12 1 10 12 1 10 12 1 10 10 12 1 10 12 1 10 12 1 3 10 12 1 3 10 12 1 3 3 3 3 3 3 3 100 1 10 12 1 10 7 12 1 1 1 10 12 1 3 9 12 1 10 12 1 1 3 10 12 1 10 10 7 12 1 1 1 10 12 1 1 10 100 1 10 10 12 1 10 12 1 10 12 1 10 10 12 1 1 10 12 1 10 12 1 10 12 1 100 1 10 10 10 12 100 1 10 10 10 12 1 1 10 12 1 1 10 10 12 1 8 10 100 1 10 12 1 10 100 1 10 12 1 10 12 1 10 12 1 10 10 12 1 10 12 1 1 10 12 1 1 10 12 1 10 12 1 10 12 1 100 1 10 12 1 1 100 1 8 1 10 7 1 10 12 1 10 12 10 12 1 1 10 12 1 10 12 1 8 1 8 1 8 1 8 1 10 12 1 10 12 1 10 12 1 1 8 1 8 1 10 12 1 8 1 10 10 12 1 10 12 1 8 1 8 1 10 10 12 1 8 1 10 100 12 1 1 1 8 1 10 12 1 10 12 1 1 10 12 1 8 1 8 1 8 1 8 1 100 1 10 8 1 8 1 8 1 8 1 10 12 1 100 1 100 1 100 1 10 100 1 10 100 1 10 100 12 1 1 1 9 7 12 1 1 1 100 1 100 1 1 1 1 1 1 1 3 1 3 1 3 1 3 1 3 1 3 1 1 1 1 1 1 1 1 3 1 3 1 1 1 1 3 1 1 1 1 1 1 1 1 1 1 1 1 1 1 1 1 1 1 1 1 1 1 1 1 1 1 1 1 1 1 1 1 1 1 1 1 1 1 1 1 1 1 1 1 1 1 1 1 1 1 1 1 1 1 1 1 1 1 1 1 1 1 1 1 1 1 1 1 1 1 1 1 1 1 1 1 1 1 1 1 1 1 1 1 1 1 1 1 1 1 1 1 1 1 1 1 1 1 1 1 1 1 1 1 1 1 100 1 1 1 1 1 1 1 1 1 1 1 1 1 1 1
staticfield java/lang/invoke/MemberName $assertionsDisabled Z 1
ciInstanceKlass java/lang/invoke/ResolvedMethodName 1 1 16 10 100 12 1 1 1 100 1 1 1 1 1 1 1 1
ciInstanceKlass java/lang/StackWalker 0 0 235 9 100 12 1 1 1 10 100 12 1 1 1 100 1 10 100 12 1 1 1 10 12 1 1 11 100 12 1 1 1 10 12 1 1 10 12 1 1 10 12 1 1 100 1 8 1 10 12 1 10 12 1 10 12 1 10 100 12 1 1 9 12 1 1 9 12 1 1 9 12 1 1 9 12 1 1 10 12 1 1 9 12 1 1 10 100 12 1 1 1 11 12 1 1 100 1 8 1 10 10 100 12 1 1 9 12 1 1 10 12 1 1 10 100 12 1 1 1 10 100 12 1 1 1 18 12 1 1 100 1 8 1 10 10 12 1 1 10 100 12 1 1 1 9 100 12 1 1 11 100 12 1 1 1 10 12 1 1 1 1 1 1 1 1 1 1 1 1 1 1 1 1 1 1 1 1 1 1 1 1 1 1 1 1 1 1 1 1 1 1 1 1 1 1 1 1 1 1 1 1 1 1 1 1 1 1 1 100 1 1 15 10 100 12 1 1 1 16 15 10 12 16 1 1 1 1 1 1 1 100 1 100 1 1
ciInstanceKlass java/lang/StackStreamFactory$AbstractStackWalker 1 0 306 100 1 100 1 3 10 100 12 1 1 1 10 100 12 1 1 10 100 12 1 1 1 9 12 1 1 10 12 1 1 9 12 1 1 9 12 1 1 9 12 1 1 9 12 1 9 100 12 1 1 1 10 100 12 1 1 1 10 12 1 1 9 12 1 1 10 100 12 1 1 1 10 12 1 1 9 12 1 1 9 100 12 1 1 1 100 1 10 8 1 10 12 1 1 10 12 1 8 1 10 12 1 1 10 100 12 1 1 1 100 1 8 1 10 12 1 8 1 10 12 9 100 12 1 1 1 10 100 12 1 1 9 12 1 8 1 5 0 8 1 8 1 9 12 1 1 10 12 1 1 10 12 1 1 10 12 1 9 12 1 10 12 1 10 12 1 10 12 1 10 12 1 1 10 12 1 10 12 1 1 8 1 10 12 1 10 12 1 10 12 1 10 12 1 1 8 1 10 12 1 1 10 12 1 1 10 12 1 1 10 12 1 10 12 1 10 100 12 1 1 1 9 12 1 8 1 10 12 1 10 12 1 10 12 1 10 12 1 10 12 1 10 12 1 10 12 1 1 10 12 1 1 10 12 1 1 10 12 1 8 1 1 1 1 1 1 1 1 1 1 1 1 1 1 1 1 1 1 100 1 1 1 1 100 1 1 1 1 1 1 1 1 1 1 1 1 1 1 1 1 1 1 1 1 1
ciInstanceKlass jdk/internal/module/Modules 1 1 504 10 100 12 1 1 1 9 7 12 1 1 1 11 7 12 1 1 1 11 12 1 1 11 12 1 1 11 12 1 1 11 12 1 11 12 1 11 12 1 11 12 1 11 12 1 1 10 100 12 1 1 1 10 100 12 1 1 1 18 12 1 1 10 100 12 1 1 1 100 1 10 100 12 1 1 1 10 100 12 1 1 1 10 100 12 1 1 10 12 1 1 11 12 1 9 12 1 1 11 100 12 1 1 1 10 12 1 1 10 10 12 1 10 9 12 1 1 10 100 12 1 1 10 12 1 1 10 100 12 1 1 100 1 11 100 12 1 1 1 10 100 12 1 1 1 11 100 12 1 1 10 12 1 1 10 100 12 1 1 10 100 12 1 1 1 10 12 1 1 10 12 1 1 11 12 1 1 18 12 1 1 11 100 12 1 1 10 100 12 1 1 1 11 100 12 1 1 1 100 1 11 12 1 1 11 100 12 1 1 1 11 12 1 1 10 12 1 1 10 100 12 1 1 18 12 1 1 11 12 1 1 18 12 1 1 11 12 1 1 10 12 1 18 18 10 12 1 1 9 12 1 1 11 100 12 1 1 1 100 1 10 11 12 1 11 12 1 1 11 12 1 1 10 100 1 10 12 1 1 10 100 12 1 1 10 12 1 1 11 12 10 12 1 1 100 1 10 18 12 1 10 12 1 1 100 1 8 1 10 12 1 10 100 12 1 1 18 12 1 11 11 12 10 12 1 10 10 100 1 18 12 1 10 10 10 7 12 1 1 10 7 12 1 1 1 10 12 1 1 1 1 1 1 1 1 1 1 1 1 1 1 1 1 1 1 1 1 1 1 1 1 1 1 1 1 1 1 1 1 1 100 1 1 1 1 1 1 1 1 1 1 1 1 1 1 1 1 1 1 1 1 1 1 1 1 1 1 1 1 1 1 1 1 1 1 1 100 1 1 1 1 1 1 1 1 1 1 1 1 1 1 1 1 1 1 1 1 1 1 1 15 10 100 12 1 1 1 16 15 10 12 1 16 16 15 10 12 1 16 1 16 1 15 10 12 1 16 1 16 1 15 10 12 16 1 15 10 16 1 15 10 12 16 1 15 10 12 16 15 10 12 16 15 10 12 1 1 1 100 1 100 1 1
staticfield jdk/internal/module/Modules JLA Ljdk/internal/access/JavaLangAccess; java/lang/System$2
staticfield jdk/internal/module/Modules JLMA Ljdk/internal/access/JavaLangModuleAccess; java/lang/module/ModuleDescriptor$1
staticfield jdk/internal/module/Modules $assertionsDisabled Z 1
ciInstanceKlass jdk/internal/access/JavaLangAccess 1 0 136 100 1 100 1 1 1 1 1 1 1 1 1 1 1 1 1 1 1 1 1 1 1 1 1 1 1 1 1 1 1 1 1 1 1 1 1 1 1 100 1 1 1 1 1 1 1 1 1 1 1 1 1 1 1 1 1 1 1 1 1 1 1 1 1 1 1 1 1 1 1 1 1 1 1 1 1 1 1 1 1 1 1 1 1 1 1 1 1 1 1 1 1 1 1 1 1 1 100 1 1 1 1 1 1 1 1 1 1 1 1 1 1 1 1 1 1 1 1 1 1 1 1 1 1 1 1 1 1 1 1 1 1 1 1 1
ciInstanceKlass sun/nio/ByteBuffered 0 0 12 100 1 100 1 1 1 1 100 1 1 1
ciInstanceKlass sun/net/util/URLUtil 1 1 130 10 100 12 1 1 1 7 1 10 10 7 12 1 1 1 10 7 12 1 1 10 12 1 1 8 1 10 12 1 10 12 1 1 10 12 1 8 1 10 12 1 10 12 1 10 12 1 10 8 1 10 12 1 1 8 1 10 100 12 1 1 1 8 1 8 1 8 1 10 12 1 1 10 12 1 10 12 1 1 10 12 1 10 12 1 1 10 100 12 1 1 1 10 12 1 10 12 1 100 1 10 1 1 1 1 1 1 1 1 1 1 1 1 1 1 1 1 1 1 1 1 1 1 1 1 100 1 1 1
ciMethod sun/net/util/URLUtil urlNoFragString (Ljava/net/URL;)Ljava/lang/String; 434 0 2569 0 0
ciMethod sun/nio/ByteBuffered getByteBuffer ()Ljava/nio/ByteBuffer; 0 0 1 0 -1
ciInstanceKlass sun/net/www/protocol/jar/Handler 1 1 223 10 7 12 1 1 1 7 1 10 12 1 10 7 12 1 1 1 10 12 1 1 10 12 1 1 10 7 12 1 1 1 8 1 10 12 1 1 10 12 1 7 1 8 1 10 12 1 1 10 12 1 1 10 12 1 1 10 12 1 10 12 1 100 1 10 12 1 10 8 1 10 12 1 1 8 1 10 12 10 12 1 1 100 1 10 10 12 1 10 12 1 1 10 12 1 10 12 1 1 8 1 10 12 1 1 8 1 7 1 10 8 1 10 12 1 1 8 1 10 12 1 8 1 10 12 1 8 1 10 12 1 1 8 1 8 1 10 12 1 8 1 10 12 1 10 12 1 8 1 8 1 8 1 10 12 1 8 1 1 1 1 1 1 1 1 1 1 1 1 1 1 100 1 1 1 1 1 1 1 1 1 1 1 1 1 1 1 1 1 1 1 1 1 1 1 1 1 1 1 1 1 1 1 1 1 1 1 1 1 1 1 1 1 1 1 1 1 1 1 1 1 1
instanceKlass java/util/LinkedHashSet
ciInstanceKlass java/util/HashSet 1 1 285 10 7 12 1 1 1 7 1 10 9 7 12 1 1 1 11 7 12 1 1 1 4 10 7 12 1 1 1 10 12 1 10 12 1 1 10 12 1 7 1 10 10 12 1 1 11 7 12 1 1 1 10 10 12 1 1 10 12 1 1 9 12 1 1 10 12 1 1 10 12 1 1 10 12 1 10 7 12 1 1 1 10 100 1 100 1 10 12 1 10 100 12 1 1 10 12 1 10 12 1 10 12 1 1 10 12 1 1 11 100 12 1 1 11 12 1 10 12 1 1 10 100 12 1 1 1 10 12 1 100 1 100 1 10 8 1 10 12 1 1 10 12 1 10 12 1 1 10 12 1 10 12 1 10 100 12 1 1 1 8 1 10 12 1 4 10 12 1 4 10 12 1 8 1 4 10 100 12 1 1 1 100 1 10 12 1 1 11 100 12 1 1 1 100 1 10 12 1 100 1 10 12 1 10 12 1 1 10 12 1 10 100 1 100 1 1 1 1 5 0 1 1 1 1 1 1 1 1 1 1 1 1 1 1 1 1 1 1 1 1 1 1 1 1 1 1 1 1 1 1 1 1 1 1 100 1 1 1 1 100 1 1 1 1 1 1 1 1 1 1 1 1 1 1 1 100 1 1 100 1 100 1 1 1
staticfield java/util/HashSet PRESENT Ljava/lang/Object; java/lang/Object
ciInstanceKlass sun/security/util/SignatureFileVerifier 1 1 723 7 1 10 100 12 1 1 1 9 7 12 1 1 1 9 12 1 1 100 1 10 9 12 1 1 10 100 12 1 1 1 100 1 10 12 1 9 12 1 1 10 12 1 1 10 100 12 1 1 1 9 12 1 1 8 1 10 100 12 1 1 1 10 12 1 1 10 7 12 1 1 1 10 12 1 1 9 7 12 1 1 1 10 12 1 1 9 12 1 1 9 12 1 1 9 12 1 1 10 12 1 1 8 1 10 12 1 8 1 8 1 8 1 11 100 12 1 1 1 8 1 10 12 1 1 8 1 8 1 8 1 8 1 8 1 8 1 10 12 1 10 12 1 10 12 1 10 12 1 8 1 8 1 10 12 1 1 10 12 1 1 9 12 1 1 10 12 1 1 100 1 10 12 1 10 12 1 1 100 1 10 12 1 1 100 1 10 100 1 10 10 12 1 1 10 12 1 1 9 100 12 1 1 1 10 100 12 1 1 1 8 1 10 12 1 1 100 1 7 1 10 8 1 10 12 1 1 10 12 1 10 12 1 10 12 1 1 100 1 10 12 1 9 12 1 1 8 1 10 100 12 1 1 1 11 100 12 1 1 1 11 100 12 1 1 1 11 12 1 9 100 12 1 1 1 11 100 1 10 12 1 1 11 12 1 1 10 12 1 1 10 12 1 1 8 1 100 1 11 12 1 11 12 10 12 1 1 8 1 8 1 10 12 1 1 9 12 1 1 8 1 10 7 12 1 1 8 1 11 8 1 10 12 1 1 10 100 12 1 1 1 10 12 1 1 100 1 9 12 1 10 12 10 12 1 8 1 8 1 8 1 10 12 1 10 12 1 8 1 11 12 1 8 1 100 1 8 1 8 1 10 10 12 1 8 1 10 10 8 1 10 12 1 1 11 100 12 1 1 10 12 1 10 100 12 1 1 1 10 100 12 1 1 1 10 100 12 1 1 1 8 1 8 1 10 100 12 1 1 1 10 12 1 1 8 1 10 12 10 12 1 1 8 1 8 1 10 100 1 8 1 10 12 1 1 10 9 12 1 10 12 1 1 8 1 10 100 12 1 1 8 1 10 8 1 8 1 8 1 10 12 1 10 12 1 8 1 8 1 10 12 1 8 1 8 1 8 1 8 1 8 1 8 1 8 1 8 1 10 12 1 1 10 12 1 1 100 1 10 100 1 10 12 1 1 10 12 1 10 8 1 10 12 1 10 12 1 10 12 1 10 12 1 1 100 1 10 10 12 1 1 10 12 1 1 10 100 1 10 12 1 1 10 10 100 12 1 1 1 8 1 3 10 7 12 1 1 1 10 12 1 3 8 1 10 12 1 8 1 10 12 1 8 1 8 1 10 12 1 9 12 1 1 1 1 1 1 1 1 1 1 1 1 1 1 1 1 1 1 1 100 100 1 1 100 1 100 1 1 1 1 1 1 1 1 1 1 1 1 1 1 1 1 1 1 1 1 1 1 1 1 1 1 1 100 1 1 1 1 1 1 1 1 1 1 1 1 1 1 1 1 1 1 100 1 1 1 1 1 1 1 1 1 1 1 1 1 1 1 1 1 1 1 1 1 1 1 1 1 1 1 1 1 1 100 1 1 1 1 1 1 1 1 1 1 1 1 1 1 1 1 1
staticfield sun/security/util/SignatureFileVerifier debug Lsun/security/util/Debug; null
staticfield sun/security/util/SignatureFileVerifier ATTR_DIGEST Ljava/lang/String; "-DIGEST-MANIFEST-MAIN-ATTRIBUTES"staticfield sun/security/util/SignatureFileVerifier MAX_SIG_FILE_SIZE I 16000000
instanceKlass java/util/LinkedHashMap$Entry
ciInstanceKlass java/util/HashMap$Node 1 1 95 10 7 12 1 1 1 9 7 12 1 1 1 9 12 1 1 9 12 1 9 12 1 1 100 1 10 10 12 1 1 8 1 10 12 1 10 12 1 1 10 100 12 1 1 1 100 1 11 12 1 1 10 12 1 1 11 12 1 1 1 1 1 1 1 1 1 1 1 1 1 1 1 1 1 1 1 1 1 1 1 1 1 1 1 1 1 1 100 1 1 1 100 1 1
instanceKlass java/util/HashMap$TreeNode
ciInstanceKlass java/util/LinkedHashMap$Entry 1 1 41 10 7 12 1 1 1 100 1 1 1 1 1 1 1 1 1 1 1 1 1 1 1 1 1 1 1 1 1 1 1 1 1 1 100 1 1 100 1 1 1
ciInstanceKlass java/util/HashMap$TreeNode 0 0 250 100 1 10 100 12 1 1 1 9 100 12 1 1 1 9 12 1 1 9 12 1 9 12 1 1 9 12 1 1 10 12 1 1 100 1 10 12 1 9 12 1 9 12 1 9 12 1 1 10 100 12 1 1 1 10 12 1 1 10 12 1 1 10 12 1 1 10 12 1 1 10 12 1 1 10 100 12 1 1 1 10 100 12 1 1 1 10 100 12 1 1 1 9 12 1 10 12 1 1 10 12 1 1 10 12 1 1 10 12 1 1 9 100 1 10 12 1 1 10 12 1 1 10 12 1 10 12 1 1 10 12 1 10 12 1 10 12 1 1 1 1 1 1 1 1 1 1 1 1 1 1 1 1 1 1 1 1 1 1 1 1 1 1 100 1 1 1 1 1 1 1 1 1 1 1 1 1 1 1 1 1 1 1 1 1 1 1 1 1 1 1 1 1 1 1 1 1 1 1 1 1 1 1 1 1 1 1 1 1 1 1 1 1 1 1 1 1 1 1 1 1 1 1 1 1 1 1 1 1 1 1 1 1 1 1 1 1 1 1 1 1 1 1 1 100 1 1 1 1
ciInstanceKlass java/util/ArrayDeque 1 1 438 100 1 9 7 12 1 1 1 3 10 12 1 1 10 100 12 1 1 1 9 12 1 1 9 12 1 10 100 12 1 1 1 100 1 8 1 10 12 1 1 3 10 7 12 1 1 7 1 11 100 12 1 1 1 10 12 1 10 12 1 1 100 1 10 100 1 10 10 12 1 10 12 1 10 12 1 10 18 12 1 1 11 12 1 1 10 12 1 1 10 12 1 10 12 1 1 100 1 10 10 12 1 10 12 1 1 10 12 1 1 10 12 1 1 10 12 1 10 12 1 10 12 1 10 12 1 10 12 1 1 7 1 10 12 1 100 1 10 100 1 10 10 100 12 1 1 1 11 100 12 1 10 12 1 1 18 12 1 1 18 11 100 12 1 10 12 1 1 10 12 1 1 10 12 1 1 10 12 1 1 10 12 1 1 10 12 1 100 10 12 1 1 10 12 1 1 10 12 1 1 10 100 12 1 1 10 12 1 100 1 100 1 10 10 100 12 1 1 10 12 1 10 12 1 10 100 12 1 1 10 12 1 10 100 12 1 1 1 11 100 12 1 1 1 10 12 1 100 1 9 12 1 1 8 1 10 12 1 1 10 100 12 1 1 1 8 1 10 12 1 1 10 12 1 11 12 1 100 1 100 1 100 1 1 1 1 1 5 0 1 1 1 1 1 1 1 1 1 1 1 1 1 1 1 1 1 1 1 1 1 1 1 1 1 1 1 1 1 1 1 1 1 1 1 1 1 1 1 1 1 1 1 1 1 1 1 1 1 1 1 1 1 1 1 1 1 1 1 1 1 1 1 1 1 1 1 1 1 1 1 1 1 1 1 1 1 1 1 1 1 1 1 1 1 1 100 1 1 1 1 1 1 1 1 100 1 1 1 1 1 1 1 1 1 1 1 100 1 1 1 100 1 1 1 1 1 1 1 1 1 1 1 15 10 100 12 1 1 1 16 15 16 15 10 12 15 10 12 1 1 1 1 100 1 100 1 1
ciMethod java/util/ArrayDeque addFirst (Ljava/lang/Object;)V 34 0 17 0 -1
ciMethod java/util/ArrayDeque pollFirst ()Ljava/lang/Object; 464 0 2713 0 0
ciInstanceKlass java/security/PrivilegedExceptionAction 1 0 17 100 1 100 1 1 1 1 100 1 1 1 1 1 1 1 1
ciMethod java/security/PrivilegedExceptionAction run ()Ljava/lang/Object; 0 0 1 0 -1
ciInstanceKlass java/security/SecureClassLoader$CodeSourceKey 1 1 55 10 7 12 1 1 1 9 7 12 1 1 1 10 7 12 1 1 1 10 7 12 1 1 1 10 7 12 1 1 1 10 12 1 1 1 1 1 1 1 1 1 1 1 1 1 1 1 1 1 1 100 1 1 1
ciInstanceKlass java/security/SecureClassLoader$1 1 1 94 9 7 12 1 1 1 9 12 1 1 10 7 12 1 1 1 10 7 12 1 1 1 7 1 10 12 1 9 7 12 1 1 1 100 1 10 8 1 10 12 1 1 10 12 1 10 12 1 1 10 100 12 1 1 1 8 1 7 1 10 12 1 1 100 1 1 1 1 1 1 1 1 1 1 1 1 1 1 100 1 1 1 1 1 1 1 12 1 1 1 1 1 1
ciMethod java/security/SecureClassLoader$1 <init> (Ljava/security/SecureClassLoader;Ljava/security/CodeSource;)V 1248 0 2646 0 -1
ciMethod java/security/SecureClassLoader$CodeSourceKey <init> (Ljava/security/CodeSource;)V 1248 0 2646 0 -1
ciInstanceKlass java/util/function/BiFunction 1 1 65 10 100 12 1 1 1 18 12 1 1 11 100 12 1 1 11 100 12 1 100 1 1 1 1 1 1 1 1 1 1 1 1 1 1 1 1 1 1 1 1 1 1 1 1 1 1 1 15 10 100 12 1 1 1 16 15 11 12 1 100 1 100 1 1
ciInstanceKlass jdk/internal/loader/BuiltinClassLoader$LoadedModule 1 1 95 10 7 12 1 1 1 10 7 12 1 1 1 10 7 12 1 1 1 7 1 9 7 12 1 1 1 8 1 10 12 1 1 10 7 12 1 1 1 10 12 1 1 9 12 1 1 9 12 1 1 9 12 1 1 10 12 1 1 10 100 12 1 1 10 12 1 1 100 1 100 1 1 1 1 1 1 1 1 1 1 1 100 1 100 1 1 1 100 1 1 1 1 1 1
ciInstanceKlass jdk/internal/loader/ClassLoaderValue 1 1 44 10 7 12 1 1 1 10 100 12 1 1 1 10 100 12 1 1 1 10 100 12 1 1 1 1 1 1 1 1 1 1 1 1 1 1 1 1 1 1 1 1 1 1
ciMethod jdk/internal/loader/BuiltinClassLoader$LoadedModule loader ()Ljdk/internal/loader/BuiltinClassLoader; 82 0 41 0 0
ciInstanceKlass jdk/internal/module/ModuleReferenceImpl 1 1 163 10 7 12 1 1 1 7 1 10 7 12 1 1 1 9 7 12 1 1 1 9 12 1 1 9 12 1 1 9 12 1 1 9 12 1 1 9 12 1 1 9 12 1 1 11 7 12 1 1 1 7 1 100 1 10 12 1 1 9 12 1 1 11 100 12 1 1 1 9 12 1 1 10 12 1 1 10 7 12 1 1 1 10 12 1 10 12 1 1 100 1 10 12 1 8 1 10 12 1 1 10 12 1 1 8 1 10 12 1 10 12 1 1 8 1 8 1 10 12 1 1 1 1 1 1 1 1 1 1 1 1 1 1 1 1 1 1 100 1 1 1 1 1 1 1 1 1 1 100 1 1 1 1 1 1 1 1 1 1 100 1 1
ciInstanceKlass jdk/internal/util/jar/JarIndex 1 1 339 10 100 12 1 1 1 100 1 10 9 7 12 1 1 1 9 12 1 10 10 12 1 1 9 12 1 1 10 12 1 1 8 1 10 7 12 1 1 1 10 12 1 1 10 12 10 12 1 1 100 1 10 10 12 1 1 10 12 1 1 10 12 1 10 7 12 1 1 1 10 12 1 1 10 12 1 1 10 12 1 1 100 1 9 100 12 1 1 1 10 12 1 1 10 12 1 10 12 1 1 11 100 12 1 1 1 11 12 1 1 100 1 10 12 1 1 8 1 10 12 1 8 1 8 1 10 12 1 1 9 12 1 1 10 12 10 12 1 10 12 1 100 1 100 1 9 100 12 1 1 1 10 12 1 10 12 1 8 1 10 12 1 100 1 10 10 12 1 1 8 1 10 12 1 10 12 1 1 11 100 12 1 1 11 12 1 10 12 1 100 1 100 1 10 12 1 10 12 1 100 1 10 10 12 1 8 1 10 12 1 10 12 1 10 10 12 1 1 10 12 1 1 100 10 12 1 1 11 100 1 100 1 11 12 1 11 12 1 10 12 1 1 8 1 8 1 10 7 12 1 1 1 1 1 1 1 1 1 1 1 1 1 1 1 100 1 1 1 1 1 1 1 1 1 1 100 1 1 1 1 1 1 1 1 1 1 1 1 1 1 1 1 1 1 1 1 1 1 1 1 1 1 1 1 1 1 1 1 1 1 1 1 1 1 1 1 1 1 1 100 1 1 1 1 1 1 1 1 1 1 1 1 1 1 1 100 1 1
staticfield jdk/internal/util/jar/JarIndex metaInfFilenames Z 0
instanceKlass sun/net/www/protocol/jar/Handler
instanceKlass sun/net/www/protocol/file/Handler
ciInstanceKlass java/net/URLStreamHandler 1 1 279 10 7 12 1 1 1 100 1 7 1 10 8 1 10 12 1 1 8 1 8 1 10 12 1 1 10 12 1 100 1 8 1 10 10 7 12 1 1 10 12 1 10 12 1 10 12 1 10 12 1 1 10 12 1 10 12 1 10 12 1 10 7 12 1 1 1 10 12 1 1 10 12 1 1 10 12 1 10 12 1 10 12 1 10 12 1 10 7 12 1 1 1 8 1 10 100 12 1 1 1 8 1 8 1 8 1 10 12 1 10 12 1 1 8 1 8 1 10 12 1 8 1 10 12 1 10 12 8 1 10 12 1 8 1 10 12 1 8 1 10 7 12 1 1 1 10 100 12 1 1 1 10 12 1 1 10 12 1 10 12 1 1 10 100 1 10 12 1 10 12 1 10 12 1 10 12 1 10 12 1 9 12 1 1 10 12 1 10 12 1 10 10 12 1 8 1 100 1 8 1 10 10 12 1 1 10 12 1 1 10 12 1 1 8 1 1 1 1 1 1 1 1 100 1 1 1 1 1 1 1 100 1 1 1 1 1 1 1 1 1 1 1 1 1 1 1 1 1 1 1 1 1 1 1 1 1 1 1 1 1 1 1 1 1 1 1 1 1 1 1 1 1 1 1 1 1 1 1
ciMethod java/net/URLStreamHandler parseURL (Ljava/net/URL;Ljava/lang/String;II)V 44 0 13 0 -1
ciMethod java/net/URLStreamHandler getDefaultPort ()I 268 0 2532 0 -1
ciInstanceKlass jdk/internal/loader/URLClassPath 1 1 500 10 7 12 1 1 1 7 1 10 9 7 12 1 1 1 7 1 10 9 12 1 1 9 12 1 1 10 12 1 7 1 10 10 12 1 1 10 9 12 1 9 12 1 1 8 1 11 100 12 1 1 1 9 12 1 1 9 12 1 9 12 1 1 10 12 1 9 7 12 1 1 1 10 7 12 1 1 1 10 12 1 1 10 12 1 10 12 1 1 10 12 1 1 10 12 1 1 10 12 1 1 7 1 7 1 10 10 100 12 1 1 1 100 1 10 10 12 1 1 11 100 12 1 1 11 12 1 1 7 1 10 12 1 100 1 11 100 1 10 12 1 10 12 1 1 10 12 1 1 10 12 1 10 12 1 1 10 7 12 1 1 1 10 12 1 1 7 1 10 12 1 1 10 12 1 1 9 12 1 9 7 12 1 1 1 100 1 10 8 1 10 12 1 1 8 1 10 12 1 1 10 100 12 1 1 10 12 1 1 7 1 10 12 1 10 100 1 10 10 12 1 1 10 12 1 10 7 12 1 1 1 10 12 1 10 12 1 10 12 1 1 10 12 1 1 100 1 8 1 10 12 1 8 1 10 12 1 1 7 1 10 12 1 10 7 12 1 1 1 100 1 10 12 1 1 9 12 1 1 11 100 12 1 1 1 10 12 1 10 12 1 100 1 10 12 1 1 10 12 1 1 10 100 12 1 1 1 10 100 12 1 1 1 100 1 10 100 12 1 1 8 1 10 12 1 10 12 1 10 12 1 100 1 8 1 100 1 10 12 1 1 10 12 1 10 12 1 10 12 1 1 10 7 12 1 1 1 8 1 10 7 12 1 1 1 9 12 1 8 1 8 1 8 1 10 12 1 9 12 1 8 1 8 1 9 12 1 8 1 9 12 1 10 7 12 1 1 1 1 1 8 1 1 1 1 1 1 1 1 1 1 1 1 1 1 1 1 1 1 100 1 1 1 1 1 1 1 1 1 1 1 1 1 1 1 1 1 1 100 1 1 1 1 1 1 1 1 1 1 1 1 1 1 1 1 1 1 1 1 1 1 1 1 1 1 1 1 1 1 1 1 1 1 1 1 1 1 1 1 1 1 100 1 100 1 100 1 100 1 100 1 100 1 100 1 1 1 1 1
staticfield jdk/internal/loader/URLClassPath JAVA_VERSION Ljava/lang/String; "17.0.14"staticfield jdk/internal/loader/URLClassPath DEBUG Z 0
staticfield jdk/internal/loader/URLClassPath DISABLE_JAR_CHECKING Z 0
staticfield jdk/internal/loader/URLClassPath DISABLE_ACC_CHECKING Z 0
staticfield jdk/internal/loader/URLClassPath DISABLE_CP_URL_CHECK Z 0
staticfield jdk/internal/loader/URLClassPath DEBUG_CP_URL_CHECK Z 0
staticfield jdk/internal/loader/URLClassPath JNUA Ljdk/internal/access/JavaNetURLAccess; java/net/URL$3
ciMethod jdk/internal/loader/URLClassPath getResource (Ljava/lang/String;Z)Ljdk/internal/loader/Resource; 476 336 2571 0 0
ciMethod jdk/internal/loader/URLClassPath check (Ljava/net/URL;)V 0 0 6 0 -1
ciMethod jdk/internal/loader/URLClassPath push ([Ljava/net/URL;)V 0 0 1 0 0
ciMethod jdk/internal/loader/URLClassPath getLoader (Ljava/net/URL;)Ljdk/internal/loader/URLClassPath$Loader; 14 0 9 0 0
ciMethod jdk/internal/loader/URLClassPath getLoader (I)Ljdk/internal/loader/URLClassPath$Loader; 768 14 3065 0 0
ciInstanceKlass java/util/jar/Attributes 1 1 313 10 7 12 1 1 1 10 7 12 1 1 7 1 10 9 12 1 1 10 12 1 11 7 12 1 1 1 10 7 12 1 1 1 10 7 1 11 12 1 1 10 11 12 1 11 12 1 1 11 12 1 10 100 12 1 1 100 1 10 11 12 1 1 11 100 12 1 1 1 11 100 12 1 1 1 11 12 1 1 100 1 11 12 1 11 12 1 11 12 1 11 12 1 1 11 12 1 11 12 1 11 12 1 1 11 12 1 11 12 1 10 12 1 100 1 10 10 10 12 1 10 12 1 1 10 12 1 1 8 1 10 12 1 10 10 100 12 1 1 1 10 12 1 1 9 12 1 1 10 10 12 1 9 12 1 9 7 12 1 1 1 10 12 1 1 10 100 12 1 1 1 10 12 1 1 10 12 1 1 7 1 10 10 7 12 1 1 1 100 1 10 8 1 10 12 1 1 8 1 10 12 1 8 1 10 12 1 10 12 1 1 10 12 1 10 12 1 8 1 10 12 1 10 12 1 1 8 1 10 100 12 1 1 1 8 1 8 1 10 12 1 100 1 8 1 8 1 100 1 1 1 1 1 1 1 1 1 1 1 1 1 1 1 1 1 1 1 1 1 1 1 1 1 1 1 1 1 1 1 1 1 1 1 1 1 1 1 1 1 1 1 1 1 1 1 1 1 1 1 1 1 1 1 100 1 1 1 1 1 1 1 1
ciMethod java/util/jar/Attributes get (Ljava/lang/Object;)Ljava/lang/Object; 512 0 4062 0 -1
ciMethod java/util/jar/Attributes getValue (Ljava/util/jar/Attributes$Name;)Ljava/lang/String; 512 0 4059 0 0
ciMethod java/util/jar/Attributes read (Ljava/util/jar/Manifest$FastInputStream;[B)V 4 0 2 0 0
ciMethod java/util/jar/Attributes read (Ljava/util/jar/Manifest$FastInputStream;[BLjava/lang/String;I)I 16 1364 8 0 -1
ciMethod java/util/jar/Attributes <init> (I)V 10 0 8 0 -1
ciMethod java/util/jar/Attributes <init> ()V 10 0 8 0 0
instanceKlass java/util/jar/JarFile
ciInstanceKlass java/util/zip/ZipFile 1 1 565 7 1 7 1 7 1 10 12 1 1 7 1 10 12 1 9 7 12 1 1 1 10 12 1 10 7 12 1 1 100 1 100 1 10 8 1 10 12 1 1 10 100 12 1 1 1 10 12 1 1 10 10 12 1 10 7 12 1 1 1 10 100 12 1 1 10 12 1 8 1 10 7 12 1 1 1 9 12 1 1 10 12 1 1 7 1 10 7 12 1 1 1 10 12 1 9 12 1 1 10 7 12 1 1 1 10 12 1 1 10 12 1 10 12 1 10 12 1 9 12 1 1 9 7 12 1 1 1 9 12 1 1 10 12 1 8 10 12 1 1 10 12 1 1 8 1 9 12 1 1 9 12 1 9 10 12 1 1 9 12 1 1 7 1 9 12 1 10 12 1 10 12 1 1 11 7 12 1 1 1 10 12 1 1 5 0 5 0 5 0 5 0 7 1 10 12 1 100 1 8 1 10 7 1 9 12 1 10 12 1 100 1 18 12 1 1 10 12 1 10 100 12 1 1 1 10 12 1 10 12 1 1 100 1 10 12 1 18 18 10 12 1 10 12 1 10 7 12 1 1 1 10 12 1 1 8 1 10 12 1 1 10 12 1 7 1 9 12 1 1 11 7 12 1 1 1 10 10 12 1 9 12 1 10 12 1 9 12 1 1 10 12 1 9 12 1 9 12 1 10 12 1 9 12 1 9 12 1 10 12 1 10 12 1 3 9 12 1 10 7 12 1 1 1 10 12 1 1 9 12 9 12 1 1 10 12 1 100 1 10 12 1 1 100 1 8 1 10 8 1 8 1 9 12 1 1 9 12 1 100 1 10 10 12 1 11 100 1 11 12 1 1 9 12 1 9 12 1 8 1 10 7 12 1 1 1 8 1 10 12 1 100 1 10 12 1 9 12 1 7 1 10 10 7 12 1 1 1 8 1 10 7 12 1 1 8 1 10 12 1 1 9 12 1 100 1 1 1 1 1 3 1 3 1 3 1 3 1 1 1 1 1 1 100 1 1 1 1 1 1 1 1 1 1 100 1 1 1 1 100 1 1 1 1 1 1 1 1 1 1 1 1 1 100 1 1 1 1 1 1 1 1 1 1 1 1 1 1 1 1 1 1 1 100 1 1 1 1 1 1 1 1 1 1 1 100 1 1 1 1 1 1 1 1 1 1 1 1 1 1 1 1 1 100 1 100 1 100 1 1 15 10 100 12 1 1 1 16 1 15 10 12 16 15 16 15 10 12 16 1 1 1 1 1 1 1 1 1 1 100 1 100 1 1
staticfield java/util/zip/ZipFile DISABLE_ZIP64_EXTRA_VALIDATION Z 0
ciInstanceKlass java/util/jar/Attributes$Name 1 1 229 9 7 12 1 1 1 11 7 12 1 1 1 10 12 1 1 10 7 12 1 1 10 12 1 1 9 12 1 1 10 7 12 1 1 1 9 12 1 1 8 10 7 12 1 1 1 10 12 1 1 100 1 10 10 12 1 1 10 12 1 1 11 12 1 1 10 7 12 1 1 1 8 1 9 12 1 1 8 1 9 12 1 8 1 9 12 1 8 1 9 12 1 8 1 9 12 1 8 1 9 12 1 8 1 9 12 1 8 1 9 12 1 8 1 9 12 1 8 1 9 12 1 8 1 9 12 1 8 1 9 12 1 8 1 9 12 1 8 1 9 12 1 8 1 9 12 1 8 1 9 12 1 8 1 9 12 1 8 1 9 12 1 7 1 10 12 1 10 12 1 1 8 1 8 1 8 1 8 1 8 1 8 1 8 1 8 1 11 12 1 1 1 1 1 1 1 1 1 1 1 1 1 1 1 1 1 1 1 1 1 1 1 1 1 1 1 1 1 1 1 1 1 1 1 1 100 1 1
staticfield java/util/jar/Attributes$Name MANIFEST_VERSION Ljava/util/jar/Attributes$Name; java/util/jar/Attributes$Name
staticfield java/util/jar/Attributes$Name SIGNATURE_VERSION Ljava/util/jar/Attributes$Name; java/util/jar/Attributes$Name
staticfield java/util/jar/Attributes$Name CONTENT_TYPE Ljava/util/jar/Attributes$Name; java/util/jar/Attributes$Name
staticfield java/util/jar/Attributes$Name CLASS_PATH Ljava/util/jar/Attributes$Name; java/util/jar/Attributes$Name
staticfield java/util/jar/Attributes$Name MAIN_CLASS Ljava/util/jar/Attributes$Name; java/util/jar/Attributes$Name
staticfield java/util/jar/Attributes$Name SEALED Ljava/util/jar/Attributes$Name; java/util/jar/Attributes$Name
staticfield java/util/jar/Attributes$Name EXTENSION_LIST Ljava/util/jar/Attributes$Name; java/util/jar/Attributes$Name
staticfield java/util/jar/Attributes$Name EXTENSION_NAME Ljava/util/jar/Attributes$Name; java/util/jar/Attributes$Name
staticfield java/util/jar/Attributes$Name EXTENSION_INSTALLATION Ljava/util/jar/Attributes$Name; java/util/jar/Attributes$Name
staticfield java/util/jar/Attributes$Name IMPLEMENTATION_TITLE Ljava/util/jar/Attributes$Name; java/util/jar/Attributes$Name
staticfield java/util/jar/Attributes$Name IMPLEMENTATION_VERSION Ljava/util/jar/Attributes$Name; java/util/jar/Attributes$Name
staticfield java/util/jar/Attributes$Name IMPLEMENTATION_VENDOR Ljava/util/jar/Attributes$Name; java/util/jar/Attributes$Name
staticfield java/util/jar/Attributes$Name IMPLEMENTATION_VENDOR_ID Ljava/util/jar/Attributes$Name; java/util/jar/Attributes$Name
staticfield java/util/jar/Attributes$Name IMPLEMENTATION_URL Ljava/util/jar/Attributes$Name; java/util/jar/Attributes$Name
staticfield java/util/jar/Attributes$Name SPECIFICATION_TITLE Ljava/util/jar/Attributes$Name; java/util/jar/Attributes$Name
staticfield java/util/jar/Attributes$Name SPECIFICATION_VERSION Ljava/util/jar/Attributes$Name; java/util/jar/Attributes$Name
staticfield java/util/jar/Attributes$Name SPECIFICATION_VENDOR Ljava/util/jar/Attributes$Name; java/util/jar/Attributes$Name
staticfield java/util/jar/Attributes$Name MULTI_RELEASE Ljava/util/jar/Attributes$Name; java/util/jar/Attributes$Name
instanceKlass sun/net/www/protocol/jar/URLJarFile
ciInstanceKlass java/util/jar/JarFile 1 1 764 7 1 9 12 1 1 9 12 1 100 1 10 12 1 1 7 1 10 12 1 10 12 1 10 12 1 9 12 1 1 10 7 12 1 1 1 9 12 1 10 7 12 1 1 1 9 12 1 9 12 1 1 10 7 12 1 1 1 10 12 1 1 9 12 1 10 12 1 1 9 12 9 12 1 10 12 1 1 100 1 10 12 1 1 9 12 1 1 10 7 12 1 1 1 7 1 10 12 1 1 10 12 1 1 9 12 1 9 12 1 1 11 7 12 1 1 1 100 1 10 7 12 1 1 1 10 12 1 9 12 1 1 9 12 1 1 8 1 10 100 12 1 1 7 1 10 12 1 10 10 12 1 10 12 1 1 10 12 1 10 7 12 1 1 100 1 10 12 1 1 10 12 1 10 12 1 1 10 12 1 1 10 11 12 1 1 11 12 1 1 11 12 1 18 12 1 1 11 100 12 1 1 1 18 12 1 1 11 12 1 1 11 12 1 1 18 18 10 12 7 1 10 12 1 8 1 10 7 12 1 1 1 10 12 1 10 12 1 1 10 12 1 1 100 1 10 12 1 8 1 11 12 1 1 7 1 10 12 10 12 1 1 10 12 1 8 1 10 12 10 12 1 1 10 12 1 11 12 1 1 10 12 1 11 12 1 1 11 100 12 1 1 1 11 100 12 1 1 11 12 1 10 12 1 1 100 1 8 1 10 100 1 9 12 1 1 10 12 1 8 1 10 12 1 9 12 1 1 10 12 1 1 10 12 1 1 100 1 8 1 10 100 12 1 1 10 12 1 8 1 10 12 1 8 1 10 7 12 1 1 1 9 7 12 1 1 8 1 10 12 1 8 1 10 8 1 8 1 10 3 10 12 1 1 10 12 1 1 100 1 8 1 8 1 10 10 12 1 10 12 1 100 1 10 12 1 1 10 12 1 10 12 1 1 9 12 1 1 9 12 1 10 7 12 1 1 9 12 1 9 12 1 9 12 1 9 12 1 10 12 1 1 9 12 1 9 12 1 9 12 1 7 1 10 7 1 10 12 1 10 12 1 1 9 7 12 1 1 1 10 12 1 1 10 7 12 1 1 100 1 10 12 9 12 1 1 9 12 1 1 10 7 12 1 1 9 12 1 10 10 12 1 10 12 1 10 12 1 1 10 100 12 1 1 1 10 12 1 1 10 100 12 1 1 10 12 1 1 100 1 10 12 1 10 12 1 1 11 100 12 1 1 10 12 1 1 10 12 100 1 10 9 12 1 10 12 1 1 10 12 1 10 12 1 1 10 12 1 1 100 1 10 10 7 1 10 10 7 12 1 1 1 10 12 1 1 8 1 10 7 12 1 1 1 10 7 12 1 1 10 12 1 8 1 8 1 10 12 1 10 12 1 8 1 10 12 1 1 8 1 1 1 1 1 1 1 1 1 1 1 1 1 1 1 1 1 1 1 1 1 1 1 1 1 1 1 1 1 1 1 1 100 1 1 1 1 1 1 1 1 1 1 1 1 1 1 1 1 100 1 1 1 1 1 1 1 1 1 1 1 1 1 1 1 1 1 1 1 1 1 1 1 1 1 1 1 1 100 1 1 1 1 1 1 1 1 1 100 1 1 1 1 1 1 1 1 1 1 100 1 1 1 1 1 1 1 1 1 1 1 15 10 100 12 1 1 1 16 15 10 12 16 16 15 10 12 1 16 15 16 16 1 1 1 1 1 1 1 100 1 100 1 1
staticfield java/util/jar/JarFile BASE_VERSION Ljava/lang/Runtime$Version; java/lang/Runtime$Version
staticfield java/util/jar/JarFile BASE_VERSION_FEATURE I 8
staticfield java/util/jar/JarFile RUNTIME_VERSION Ljava/lang/Runtime$Version; java/lang/Runtime$Version
staticfield java/util/jar/JarFile MULTI_RELEASE_ENABLED Z 1
staticfield java/util/jar/JarFile MULTI_RELEASE_FORCED Z 0
staticfield java/util/jar/JarFile isInitializing Ljava/lang/ThreadLocal; java/lang/ThreadLocal
staticfield java/util/jar/JarFile JUZFA Ljdk/internal/access/JavaUtilZipFileAccess; java/util/zip/ZipFile$1
staticfield java/util/jar/JarFile CLASSPATH_CHARS [B 12
staticfield java/util/jar/JarFile CLASSPATH_LASTOCC [B 65
staticfield java/util/jar/JarFile CLASSPATH_OPTOSFT [B 12
staticfield java/util/jar/JarFile MULTIRELEASE_CHARS [B 19
staticfield java/util/jar/JarFile MULTIRELEASE_LASTOCC [B 65
staticfield java/util/jar/JarFile MULTIRELEASE_OPTOSFT [B 19
ciMethod java/util/jar/JarFile getInputStream (Ljava/util/zip/ZipEntry;)Ljava/io/InputStream; 386 0 2649 0 -1
ciMethod java/util/jar/JarFile getEntry (Ljava/lang/String;)Ljava/util/zip/ZipEntry; 512 0 3063 0 0
ciMethod java/util/jar/JarFile getManifest ()Ljava/util/jar/Manifest; 172 0 2563 0 -1
ciMethod java/util/jar/JarFile getJarEntry (Ljava/lang/String;)Ljava/util/jar/JarEntry; 512 0 3060 0 0
ciMethod java/util/jar/JarFile getBytes (Ljava/util/zip/ZipEntry;)[B 14 0 11 0 0
ciMethod java/util/jar/JarFile match ([B[B[B[B)I 28 482 22 0 0
ciMethod java/util/jar/JarFile isMultiRelease ()Z 516 0 5635 0 0
ciMethod java/util/jar/JarFile checkForSpecialAttributes ()V 350 0 5082 0 0
ciMethod java/util/jar/JarFile getManEntry ()Ljava/util/jar/JarEntry; 20 0 17 0 0
ciMethod java/util/jar/JarFile getVersionedEntry (Ljava/lang/String;Ljava/util/jar/JarEntry;)Ljava/util/jar/JarEntry; 172 164 328 0 0
instanceKlass java/util/jar/JarEntry
ciInstanceKlass java/util/zip/ZipEntry 1 1 327 100 1 100 1 10 7 12 1 1 1 5 0 9 7 12 1 1 1 9 12 1 9 12 1 9 12 1 9 12 1 1 9 12 1 1 9 12 1 9 12 1 8 1 10 7 12 1 1 1 10 7 12 1 1 1 3 100 1 8 1 10 12 1 9 12 1 8 1 9 12 1 1 9 12 1 9 12 1 9 12 1 1 9 12 1 10 12 1 1 5 0 5 0 10 12 1 1 10 100 12 1 1 9 100 12 1 1 1 10 100 12 1 1 1 10 12 1 1 10 12 1 10 12 1 10 12 1 10 12 1 10 12 1 10 12 1 5 0 10 12 1 3 10 100 12 1 1 1 10 100 12 1 1 1 10 12 1 1 10 12 1 10 10 12 1 1 5 0 5 0 5 0 5 0 5 0 5 0 10 12 1 8 1 10 12 1 1 10 12 1 8 1 8 1 8 1 8 1 8 1 10 12 1 1 8 1 10 12 1 1 10 12 1 1 5 0 10 12 1 1 10 100 12 1 1 1 10 12 1 10 12 1 8 1 10 12 1 1 10 12 1 1 10 12 1 10 12 1 1 10 100 100 1 100 1 10 12 1 100 1 100 1 1 1 3 1 3 1 1 1 1 1 1 1 1 1 1 1 1 1 1 1 1 1 1 1 1 1 1 1 1 1 1 1 1 1 1 1 1 1 1 1 1 1 1 1 1 1 1 1 1 1 1 1 1 1 1 1 1 1 1 1 1 1 1 1
instanceKlass sun/net/www/protocol/jar/URLJarFile$URLJarFileEntry
instanceKlass java/util/jar/JarFile$JarFileEntry
ciInstanceKlass java/util/jar/JarEntry 1 1 60 10 7 12 1 1 1 10 12 1 10 7 1 9 12 1 1 9 12 1 1 9 12 1 1 10 100 12 1 1 10 100 10 12 1 1 1 1 1 1 1 1 1 1 1 1 1 1 1 1 100 1 1 1 1 1 1 1 1 1
ciInstanceKlass java/util/jar/JarFile$JarFileEntry 1 1 128 9 7 12 1 1 1 10 7 12 1 1 1 9 12 1 1 10 12 1 10 7 12 1 1 1 10 12 1 1 10 100 12 1 1 1 10 12 1 1 100 1 100 1 10 12 1 9 12 1 1 9 12 1 1 10 12 1 1 10 100 12 1 1 1 10 100 12 1 1 9 12 1 1 10 12 1 1 10 100 10 12 1 1 9 12 1 1 9 12 1 10 100 12 1 1 1 10 12 1 1 1 1 1 1 1 1 1 1 1 1 1 1 1 1 1 1 1 1 1 1 1 1 1 1 1 1 1
ciMethod java/util/zip/ZipEntry getName ()Ljava/lang/String; 260 0 130 0 0
ciMethod java/util/zip/ZipEntry getSize ()J 268 0 134 0 -1
ciMethod java/util/zip/ZipEntry setExtra0 ([BZZ)V 0 0 5 0 -1
ciMethod java/util/zip/ZipEntry getCrc ()J 256 0 128 0 -1
ciMethod java/util/jar/JarEntry getRealName ()Ljava/lang/String; 0 0 1 0 -1
ciMethod java/util/zip/ZipEntry <init> (Ljava/lang/String;)V 512 0 23430 0 -1
ciMethod java/util/zip/ZipFile getInputStream (Ljava/util/zip/ZipEntry;)Ljava/io/InputStream; 512 0 2588 0 -1
ciMethod java/util/zip/ZipFile getEntry (Ljava/lang/String;)Ljava/util/zip/ZipEntry; 690 0 3414 0 0
ciMethod java/util/zip/ZipFile ensureOpen ()V 512 0 5408 0 128
ciMethod java/util/zip/ZipFile getMetaInfVersions ()[I 512 0 320 0 0
ciMethod java/util/zip/ZipFile getZipEntry (Ljava/lang/String;I)Ljava/util/zip/ZipEntry; 408 0 23430 0 3648
ciInstanceKlass java/util/jar/Manifest$FastInputStream 1 1 96 10 7 12 1 1 1 10 7 12 1 1 9 12 1 1 9 12 1 9 12 1 1 10 12 1 1 10 100 12 1 1 1 9 12 1 1 10 7 12 1 1 1 10 7 12 1 1 1 10 12 1 10 12 1 1 10 12 1 1 10 12 1 1 1 1 1 1 1 1 1 100 1 1 1 1 1 1 1 1 1 1 1 1 100 1 1 1 1 1 1 1 100 1 1 1
ciInstanceKlass java/util/jar/JavaUtilJarAccessImpl 1 1 94 10 7 12 1 1 1 10 7 12 1 1 1 10 12 1 1 10 12 1 1 10 12 1 1 10 12 1 1 10 12 1 1 10 12 1 1 10 7 12 1 1 1 10 12 1 10 12 1 10 12 1 1 100 1 100 1 1 1 1 1 1 1 1 1 1 1 100 1 1 1 1 1 1 1 1 1 1 1 1 1 1 1 1 1 1 1 1 1 1 1 1 1 1
ciInstanceKlass jdk/internal/access/JavaUtilJarAccess 1 0 36 100 1 100 1 1 1 1 100 1 1 1 1 1 1 1 1 1 1 1 1 1 1 1 1 1 1 1 1 1 1 1 1 1 1 1
ciMethod java/util/jar/Manifest$FastInputStream <init> (Ljava/io/InputStream;)V 10 0 8 0 0
ciMethod java/util/jar/Manifest$FastInputStream <init> (Ljava/io/InputStream;I)V 10 0 8 0 -1
instanceKlass jdk/internal/loader/URLClassPath$JarLoader$2
ciInstanceKlass jdk/internal/loader/Resource 1 1 117 10 7 12 1 1 1 9 7 12 1 1 1 10 12 1 1 10 12 1 10 7 12 1 1 1 10 12 1 1 100 1 100 1 3 10 7 12 1 1 1 10 7 12 1 1 1 10 7 12 1 1 1 100 1 8 1 10 12 1 10 12 1 100 1 10 12 1 1 10 12 1 7 1 11 12 1 1 1 1 1 1 1 1 1 1 1 1 1 1 1 1 1 1 1 1 1 1 1 1 1 1 1 1 100 100 1 1 1 1 1 1 1 1 1 1 1
ciInstanceKlass jdk/internal/loader/URLClassPath$JarLoader$2 1 1 132 9 7 12 1 1 1 9 12 1 1 9 12 1 1 9 12 1 1 10 7 12 1 1 1 9 12 1 1 9 7 12 1 1 9 12 1 1 10 7 12 1 1 1 10 7 12 1 1 1 10 7 12 1 1 1 11 7 12 1 1 1 10 12 1 1 10 12 1 1 10 12 1 1 10 12 1 1 7 1 10 10 12 1 1 10 12 1 10 12 1 100 1 8 1 10 12 1 1 1 1 1 1 1 1 1 1 1 1 1 1 1 1 1 1 1 1 1 1 1 100 1 1 1 12 1 1 1 7 1 1 1
ciInstanceKlass jdk/internal/loader/URLClassPath$JarLoader$1 1 1 145 9 7 12 1 1 1 10 7 12 1 1 1 9 7 12 1 1 1 9 100 12 1 1 1 100 1 10 8 1 10 12 1 1 9 7 12 1 1 1 10 12 1 10 12 1 1 10 100 12 1 1 1 10 100 12 1 1 10 12 1 1 9 12 1 1 10 7 12 1 1 1 9 12 1 1 10 12 1 1 100 1 10 12 1 10 100 12 1 1 1 9 12 1 1 10 100 12 1 1 1 10 12 1 1 100 1 10 12 1 1 100 1 1 1 1 1 1 1 1 1 1 1 1 1 1 1 1 100 1 100 1 1 100 1 1 1 1 1 1 12 1 1 1 1
instanceKlass jdk/internal/loader/URLClassPath$JarLoader
ciInstanceKlass jdk/internal/loader/URLClassPath$Loader 1 1 134 10 7 12 1 1 1 9 7 12 1 1 1 100 1 10 100 12 1 1 1 10 12 1 100 1 10 100 12 1 1 1 10 12 1 1 100 1 8 1 10 12 1 1 10 12 1 1 10 100 12 1 1 1 10 12 1 1 10 100 12 1 1 100 1 100 1 10 12 1 1 10 100 12 1 1 1 9 12 1 1 100 1 10 12 1 10 12 1 1 10 100 1 100 1 1 1 1 1 1 1 1 1 1 1 1 1 1 1 1 1 1 1 1 1 1 1 1 100 1 1 1 1 1 100 1 1 1 1 1 1 1 1 1
ciInstanceKlass jdk/internal/loader/URLClassPath$JarLoader 1 1 559 7 1 7 1 8 1 8 1 7 1 10 12 1 1 10 12 1 1 8 1 10 12 1 10 12 1 1 10 12 1 10 7 12 1 1 9 7 12 1 1 1 9 12 1 1 9 12 1 1 9 12 1 1 9 12 1 1 10 12 1 9 12 1 10 7 12 1 1 8 1 10 12 1 10 7 12 1 1 1 7 1 10 12 1 10 7 12 1 1 1 100 1 10 12 1 1 100 1 10 7 12 1 1 1 9 12 1 9 12 1 1 11 100 12 1 1 1 8 1 10 12 1 10 12 1 1 10 12 1 1 7 1 10 10 12 1 1 100 1 10 12 1 10 7 1 10 100 1 10 12 1 1 10 12 1 10 12 1 1 10 12 1 1 8 1 10 12 1 10 12 1 1 8 1 9 12 1 1 10 100 12 1 1 1 100 1 10 12 1 1 100 1 10 12 9 12 1 1 10 12 1 10 7 12 1 1 10 7 12 1 1 1 10 12 1 100 1 100 1 7 1 10 12 1 10 12 1 1 10 12 1 1 10 12 1 1 11 100 12 1 1 11 12 1 1 100 1 10 12 1 10 12 1 1 10 7 12 1 1 10 12 1 1 10 12 1 1 100 1 10 10 12 1 10 100 12 1 1 1 10 100 12 1 1 1 10 12 1 1 100 1 10 100 12 1 1 1 10 100 12 1 1 100 1 10 12 1 10 12 1 1 10 12 1 1 10 12 1 1 11 100 12 1 1 10 12 1 1 100 1 8 1 10 10 7 12 1 1 1 11 7 12 1 1 1 10 12 1 1 10 100 12 1 1 1 9 100 12 1 1 1 10 100 12 1 1 1 10 12 1 1 100 1 10 10 12 1 10 12 1 10 12 1 9 12 1 10 12 1 1 9 12 1 9 12 1 1 8 1 8 1 10 100 12 1 1 10 100 12 1 1 1 100 1 10 12 1 10 12 1 10 12 1 10 12 1 9 12 1 1 10 12 1 1 10 12 1 10 10 12 1 10 12 1 1 8 1 10 12 1 10 100 12 1 1 1 10 12 1 100 1 10 12 1 1 1 1 1 1 1 1 1 1 1 1 1 1 1 1 1 1 1 1 1 1 1 1 1 1 1 1 1 1 1 1 1 1 1 1 1 1 1 1 1 1 1 1 1 1 1 1 1 1 1 1 1 1 1 1 1 1 1 1 1 1 1 1 1 1 1 1 1 1 1 1 1 1 1 1 1 1 1 1 1 1 1 1 1 1 1 1 1 100 1 100 1 1 1
staticfield jdk/internal/loader/URLClassPath$JarLoader zipAccess Ljdk/internal/access/JavaUtilZipFileAccess; java/util/zip/ZipFile$1
ciInstanceKlass jdk/internal/loader/URLClassPath$3 1 1 121 9 7 12 1 1 1 9 12 1 1 10 7 12 1 1 1 10 7 12 1 1 1 10 12 1 8 1 10 7 12 1 1 1 8 1 10 12 1 1 100 1 10 12 1 8 1 10 7 12 1 1 1 8 1 10 12 1 1 10 12 1 1 10 12 1 7 1 9 12 1 1 9 12 1 1 9 12 1 1 10 12 1 100 1 10 10 12 1 1 100 1 1 1 1 1 1 1 1 1 1 1 1 100 1 1 100 1 1 1 1 1 1 12 1 1 1 1 1 1 1
ciMethod jdk/internal/loader/URLClassPath$Loader getResource (Ljava/lang/String;Z)Ljdk/internal/loader/Resource; 0 0 1 0 -1
ciMethod jdk/internal/loader/URLClassPath$Loader getClassPath ()[Ljava/net/URL; 0 0 1 0 -1
ciMethod jdk/internal/loader/URLClassPath$Loader getBaseURL ()Ljava/net/URL; 256 0 128 0 0
ciMethod jdk/internal/loader/URLClassPath$JarLoader$1 <init> (Ljdk/internal/loader/URLClassPath$JarLoader;)V 14 0 9 0 0
ciMethod jdk/internal/loader/URLClassPath$JarLoader$2 getBytes ()[B 734 0 2646 0 -1
ciMethod jdk/internal/loader/URLClassPath$JarLoader$2 getInputStream ()Ljava/io/InputStream; 386 0 2646 0 -1
ciMethod jdk/internal/loader/Resource getByteBuffer ()Ljava/nio/ByteBuffer; 732 0 2581 0 -1
ciMethod jdk/internal/loader/URLClassPath$JarLoader$2 getCodeSourceURL ()Ljava/net/URL; 730 0 2646 0 -1
ciMethod jdk/internal/loader/URLClassPath$JarLoader$2 <init> (Ljdk/internal/loader/URLClassPath$JarLoader;Ljava/lang/String;Ljava/net/URL;Ljava/util/jar/JarEntry;)V 590 0 2583 0 0
ciMethod jdk/internal/loader/Resource getBytes ()[B 802 2048 2581 0 -1
ciMethod jdk/internal/loader/Resource getInputStream ()Ljava/io/InputStream; 0 0 1 0 -1
ciMethod jdk/internal/loader/Resource getCodeSourceURL ()Ljava/net/URL; 0 0 1 0 -1
ciMethod jdk/internal/loader/Resource getManifest ()Ljava/util/jar/Manifest; 0 0 1 0 -1
ciMethod jdk/internal/loader/Resource getCodeSigners ()[Ljava/security/CodeSigner; 0 0 1 0 -1
ciMethod jdk/internal/loader/Resource <init> ()V 590 0 2585 0 0
ciMethod jdk/internal/loader/Resource cachedInputStream ()Ljava/io/InputStream; 772 0 5292 0 -1
ciInstanceKlass jdk/internal/loader/ClassLoaders$BootClassLoader 1 1 42 10 7 12 1 1 1 9 7 12 1 1 1 11 7 12 1 1 1 100 1 1 1 1 1 1 1 1 1 1 1 1 1 1 1 1 1 1 1 1 1 1
ciMethod jdk/internal/loader/ClassLoaders$BootClassLoader loadClassOrNull (Ljava/lang/String;Z)Ljava/lang/Class; 768 0 2779 0 0
instanceKlass java/util/concurrent/ConcurrentHashMap$ForwardingNode
instanceKlass java/util/concurrent/ConcurrentHashMap$ReservationNode
ciInstanceKlass java/util/concurrent/ConcurrentHashMap$Node 1 1 97 10 7 12 1 1 1 9 7 12 1 1 1 9 12 1 1 9 12 1 10 12 1 9 12 1 1 10 12 1 1 10 100 12 1 1 1 100 1 10 100 1 11 12 1 1 11 12 1 10 12 1 1 1 1 1 1 1 1 1 1 1 1 1 1 1 1 1 1 1 1 1 1 1 1 1 1 1 1 1 1 1 1 1 1 1 1 1 1 1 100 1 1 1 100 1 1
ciInstanceKlass java/util/concurrent/ConcurrentHashMap$ForwardingNode 1 1 71 100 1 10 7 12 1 1 1 9 7 12 1 1 1 10 12 1 1 9 12 1 1 9 12 1 1 10 100 12 1 1 1 10 12 1 1 9 12 1 1 1 1 1 1 1 1 1 1 1 1 1 1 1 1 1 1 1 1 1 1 1 100 1 1 1 1 1 1 1 1
ciInstanceKlass java/util/concurrent/ConcurrentHashMap$ReservationNode 1 1 34 100 1 10 7 12 1 1 1 100 1 1 1 1 1 1 1 1 1 1 1 1 1 1 1 1 1 1 1 1 1 1 1 1
ciMethod java/util/concurrent/ConcurrentHashMap$Node find (ILjava/lang/Object;)Ljava/util/concurrent/ConcurrentHashMap$Node; 0 0 1 0 -1
ciMethod java/util/concurrent/ConcurrentHashMap$Node <init> (ILjava/lang/Object;Ljava/lang/Object;)V 1578 0 6072 0 -1
ciInstanceKlass jdk/internal/access/JavaUtilZipFileAccess 1 0 31 100 1 100 1 1 1 1 1 1 1 1 1 1 1 1 1 1 1 1 1 1 1 1 1 1 1 1 1 1 1
instanceKlass java/util/zip/ZipCoder$UTF8ZipCoder
ciInstanceKlass java/util/zip/ZipCoder 1 1 235 9 7 12 1 1 1 9 7 12 1 1 1 10 12 1 1 10 12 1 1 10 100 12 1 1 1 10 100 12 1 1 1 10 100 12 1 1 1 100 1 100 1 10 12 1 10 12 1 10 12 1 1 10 12 1 10 100 12 1 1 1 10 12 1 1 10 12 1 10 12 1 1 10 12 1 10 12 1 1 10 12 1 1 10 7 1 10 10 12 1 10 7 12 1 1 10 12 1 10 12 1 1 10 12 1 10 100 12 1 1 1 10 7 12 1 1 9 12 1 1 9 12 1 1 10 100 12 1 1 9 100 12 1 1 1 10 12 1 1 10 12 1 9 12 1 1 10 12 1 10 12 1 10 12 9 12 1 8 1 10 12 1 1 8 1 10 12 1 1 10 7 12 1 1 1 9 12 1 1 10 1 1 1 1 1 1 1 1 1 1 1 1 1 1 1 1 1 1 1 1 1 1 1 1 1 1 1 1 1 1 1 1 1 1 100 100 1 100 1 1 1 1 1 1 1 1 1 1 1 1 1 1 1 1
staticfield java/util/zip/ZipCoder JLA Ljdk/internal/access/JavaLangAccess; java/lang/System$2
staticfield java/util/zip/ZipCoder UTF8 Ljava/util/zip/ZipCoder$UTF8ZipCoder; java/util/zip/ZipCoder$UTF8ZipCoder
ciInstanceKlass java/util/zip/ZipCoder$UTF8ZipCoder 1 1 64 10 7 12 1 1 1 9 12 1 1 11 7 12 1 1 1 11 12 1 1 10 7 12 1 1 1 1 1 1 1 1 1 1 1 1 1 1 1 1 1 1 1 1 1 1 1 1 1 1 1 1 1 1 1 100 1 1 1 1 1 1 1 1
ciMethod java/util/zip/ZipCoder$UTF8ZipCoder toString ([BII)Ljava/lang/String; 778 0 14287 0 96
ciMethod java/util/zip/ZipCoder$UTF8ZipCoder isUTF8 ()Z 3944 0 1972 0 0
ciInstanceKlass java/util/zip/ZipFile$ZipFileInflaterInputStream 1 1 154 10 7 12 1 1 1 10 7 12 1 1 1 9 12 1 1 10 7 12 1 1 9 12 1 1 10 7 12 1 1 1 7 1 10 12 1 10 7 12 1 1 1 9 12 1 1 9 12 1 10 12 1 1 9 7 12 1 1 1 9 12 1 1 11 7 12 1 1 1 11 7 12 1 1 100 1 8 1 10 12 1 9 12 1 1 9 12 1 1 10 7 12 1 1 1 9 12 1 1 9 12 1 1 10 7 12 1 1 1 7 1 10 12 1 1 10 12 1 100 1 5 0 3 1 1 1 1 1 1 1 1 1 100 1 100 1 1 100 1 1 1 1 1 1 1 1 1 1 1 1 1 1 1
ciInstanceKlass java/util/zip/ZipFile$Source$Key 1 1 84 10 7 12 1 1 1 9 7 12 1 1 1 9 12 1 1 10 7 12 1 1 1 9 12 1 1 100 1 5 0 11 7 12 1 1 1 10 7 12 1 1 1 10 7 12 1 1 1 10 12 1 1 11 12 1 1 10 10 1 1 1 1 1 1 1 1 1 1 1 1 1 1 1 1 1 1 100 1 1 100 1 1 1
ciMethod java/util/zip/ZipCoder toString ([BII)Ljava/lang/String; 0 0 1 0 -1
ciMethod java/util/zip/ZipCoder hasTrailingSlash ([BI)Z 0 0 1 0 -1
ciMethod java/util/zip/ZipCoder isUTF8 ()Z 0 0 1 0 -1
ciMethod java/util/zip/ZipCoder hash (Ljava/lang/String;)I 0 0 3427 0 0
ciMethod jdk/internal/access/JavaUtilZipFileAccess getMetaInfVersions (Ljava/util/jar/JarFile;)[I 0 0 1 0 -1
ciMethod jdk/internal/access/JavaUtilZipFileAccess getManifestName (Ljava/util/jar/JarFile;Z)Ljava/lang/String; 0 0 1 0 -1
ciInstanceKlass sun/net/www/protocol/file/Handler 1 1 161 10 7 12 1 1 1 10 7 12 1 1 1 8 1 9 7 12 1 1 1 10 7 12 1 1 1 10 12 1 1 10 7 12 1 1 1 10 12 1 10 7 12 1 1 1 10 12 1 1 8 1 10 12 1 1 8 1 10 12 1 1 10 12 1 10 12 1 1 100 1 10 8 1 10 12 1 1 10 12 1 10 12 1 100 1 10 12 1 8 1 10 12 1 8 1 10 12 1 10 12 1 10 12 1 100 1 8 1 10 12 1 10 7 1 10 12 1 10 12 1 1 1 1 1 1 1 1 1 1 1 1 1 1 1 1 1 1 1 1 1 1 1 1 1 1 1 1 1 1 1 100 1 100 1 1 1 1 1 1 1
ciInstanceKlass java/util/zip/ZipUtils 1 1 325 100 1 7 1 100 1 10 100 12 1 1 1 5 0 5 0 9 100 12 1 1 1 10 100 12 1 1 1 10 12 1 1 9 12 1 5 0 5 0 5 0 5 0 5 0 5 0 10 100 12 1 1 1 9 12 1 10 100 12 1 1 1 10 12 1 1 10 100 12 1 1 1 10 12 1 1 10 12 1 1 100 1 10 12 1 1 100 1 10 12 1 10 12 1 1 10 12 1 1 10 12 1 1 10 12 1 10 12 1 10 12 1 10 12 1 10 12 1 5 0 10 12 1 1 10 12 1 1 5 0 100 1 5 0 10 100 12 1 1 1 10 12 1 1 10 12 1 1 10 12 1 1 10 12 1 10 12 1 10 12 1 10 12 1 8 1 10 7 12 1 1 1 9 12 1 1 9 12 1 1 10 7 12 1 1 1 7 1 9 12 1 10 12 1 1 10 7 12 1 1 1 9 12 1 1 10 12 1 1 8 1 10 12 1 1 8 1 1 1 1 5 0 1 5 0 1 1 3 1 3 1 5 0 1 3 1 1 1 1 1 1 1 1 1 1 1 1 1 1 1 1 1 1 1 1 1 1 1 1 1 1 1 1 1 1 1 1 1 1 1 1 1 1 1 1 1 1 1 1 1 1 1 1 1 1 1 1 1 1 1 1 1 1 1 1 1 1 1 1 1 1 1 1 1 1 1 1 1 1 1 1 1 1 1 1 1 1 1 1 1 1 1 1 1
staticfield java/util/zip/ZipUtils defaultBuf Ljava/nio/ByteBuffer; java/nio/HeapByteBuffer
staticfield java/util/zip/ZipUtils unsafe Ljdk/internal/misc/Unsafe; jdk/internal/misc/Unsafe
staticfield java/util/zip/ZipUtils byteBufferArrayOffset J 48
staticfield java/util/zip/ZipUtils byteBufferOffsetOffset J 40
ciMethod java/util/zip/ZipUtils CENFLG ([BI)I 1148 0 79438 0 -1
ciMethod java/util/zip/ZipUtils CENHOW ([BI)I 1126 0 81767 0 -1
ciMethod java/util/zip/ZipUtils CENTIM ([BI)J 920 0 23430 0 -1
ciMethod java/util/zip/ZipUtils CENCRC ([BI)J 920 0 23430 0 -1
ciMethod java/util/zip/ZipUtils CENSIZ ([BI)J 802 0 26026 0 -1
ciMethod java/util/zip/ZipUtils CENLEN ([BI)J 512 0 28622 0 -1
ciMethod java/util/zip/ZipUtils CENNAM ([BI)I 1490 0 81945 0 160
ciMethod java/util/zip/ZipUtils CENEXT ([BI)I 1244 0 101178 0 -1
ciMethod java/util/zip/ZipUtils CENCOM ([BI)I 6552 0 45578 0 -1
ciMethod java/util/zip/ZipUtils CENVEM_FA ([BI)I 920 0 23430 0 -1
ciMethod java/util/zip/ZipUtils CENATX_PERMS ([BI)I 326 0 21430 0 -1
ciMethod java/util/zip/ZipUtils SH ([BI)I 908 0 731887 0 160
ciInstanceKlass java/util/zip/ZipFile$CleanableResource 1 1 167 100 1 10 7 12 1 1 1 10 7 12 1 1 1 10 7 12 1 1 1 9 7 12 1 1 1 7 1 10 10 7 12 1 1 1 9 12 1 1 7 1 10 9 12 1 1 10 7 12 1 1 1 9 12 1 1 11 7 12 1 1 11 7 12 1 1 1 7 1 10 12 1 10 12 1 11 12 1 1 10 12 1 11 7 12 1 1 1 100 1 11 12 1 1 100 1 11 12 1 10 12 1 100 1 10 12 1 1 10 12 1 1 100 1 10 12 1 100 1 1 1 1 1 1 1 1 1 1 1 1 1 1 1 1 1 1 1 100 1 100 1 1 1 1 1 1 100 1 1 1 1 1 1 1 1 1 1 1 1 1 1 1 1 1 1 1
ciInstanceKlass java/util/zip/ZipFile$1 1 1 101 10 7 12 1 1 1 9 7 12 1 1 1 9 100 12 1 1 1 9 100 12 1 1 1 10 12 1 1 10 12 1 1 10 12 1 1 10 12 1 1 10 12 1 1 10 12 1 1 10 12 1 9 100 12 1 1 1 100 1 100 1 1 1 1 1 1 1 1 1 1 1 1 1 1 1 1 1 1 1 1 1 1 1 1 1 1 1 1 1 1 1 1 1 1 1 1 1 1 1 1
ciMethod java/util/zip/ZipFile$1 getMetaInfVersions (Ljava/util/jar/JarFile;)[I 512 0 320 0 0
ciInstanceKlass java/util/zip/ZipFile$Source 1 1 686 100 1 100 1 7 1 7 1 9 7 12 1 1 1 10 12 1 1 5 0 8 1 10 12 1 1 10 12 1 1 10 12 1 8 1 100 1 10 12 1 1 8 1 10 12 1 1 10 12 1 8 1 10 12 1 1 10 12 1 8 1 10 12 1 9 12 1 1 8 1 10 12 1 1 10 12 1 1 10 7 12 1 1 1 3 9 12 1 1 9 12 1 1 9 12 1 100 1 8 1 3 8 1 8 1 7 1 10 12 1 8 1 7 1 10 12 1 1 10 7 12 1 1 1 10 12 1 10 12 1 10 12 1 1 5 0 8 1 10 12 1 1 10 12 1 8 1 8 1 7 1 9 12 1 1 10 7 12 1 1 10 7 12 1 1 7 1 7 1 10 7 12 1 1 1 10 12 1 100 1 100 1 10 12 1 9 12 1 1 10 7 12 1 1 1 9 12 1 10 12 1 10 12 1 1 10 12 1 10 12 1 1 9 12 1 1 10 12 1 10 9 12 1 9 12 1 9 12 1 1 9 12 1 10 7 12 1 1 1 9 12 1 1 8 1 11 100 12 1 1 1 9 12 1 1 7 1 10 12 1 10 12 1 1 10 12 1 1 10 12 1 1 10 12 1 1 5 0 9 12 1 10 9 12 1 9 12 1 9 12 1 10 12 1 1 10 7 12 1 1 1 10 12 1 1 10 12 1 10 12 1 1 8 1 7 1 10 5 0 10 7 12 1 1 1 8 1 10 12 1 1 10 12 1 1 9 12 1 10 12 1 9 12 1 1 10 12 1 9 12 1 9 12 1 10 12 1 5 0 10 12 1 9 12 1 8 1 5 0 5 0 10 12 1 5 0 10 12 1 10 12 1 10 12 1 100 1 10 12 10 12 1 1 9 12 1 9 12 1 8 1 8 1 5 0 8 1 8 1 10 12 1 10 12 1 10 12 1 10 12 1 1 10 12 1 1 10 12 1 100 1 10 12 10 12 1 10 12 1 7 1 10 11 7 1 10 12 1 1 10 12 1 1 10 12 1 10 12 1 11 11 12 1 1 11 7 12 1 1 11 12 1 1 10 12 1 10 12 1 1 10 12 1 1 10 12 1 10 12 1 10 12 10 12 1 10 12 1 1 10 12 1 1 10 12 1 100 1 10 12 1 10 12 1 9 12 1 1 9 12 1 9 100 12 1 1 1 10 12 1 9 100 12 1 1 1 10 12 1 1 10 100 12 1 1 100 1 10 10 7 12 1 1 10 12 1 1 9 12 1 1 10 10 7 12 1 1 1 1 1 3 1 1 1 3 1 1 1 3 1 1 1 1 1 1 1 1 1 1 1 1 1 1 1 1 1 1 100 1 1 1 1 1 1 1 1 1 1 1 1 1 1 1 1 1 100 1 1 1 1 1 1 1 1 1 1 1 1 1 1 1 1 1 1 1 1 1 1 1 1 1 1 1 1 1 1 1 1 1 1 1 1 1 1 1 1 1 100 1 1 1 1 1 1 1 1 1 1 1 1 1 1 1 1 1 1 1 1 1 1 1 1 100 1 1
staticfield java/util/zip/ZipFile$Source JUJA Ljdk/internal/access/JavaUtilJarAccess; java/util/jar/JavaUtilJarAccessImpl
staticfield java/util/zip/ZipFile$Source EMPTY_META_VERSIONS [I 0
staticfield java/util/zip/ZipFile$Source files Ljava/util/HashMap; java/util/HashMap
staticfield java/util/zip/ZipFile$Source builtInFS Ljava/nio/file/FileSystem; sun/nio/fs/WindowsFileSystem
staticfield java/util/zip/ZipFile$Source $assertionsDisabled Z 1
ciMethod java/util/zip/ZipFile$Source getEntryPos (Ljava/lang/String;Z)I 516 864 3425 0 0
ciMethod java/util/zip/ZipFile$Source getEntryPos (I)I 260 0 29312 0 0
ciMethod java/util/zip/ZipFile$Source zipCoderForPos (I)Ljava/util/zip/ZipCoder; 1624 0 28581 0 128
ciMethod java/util/zip/ZipFile$Source getEntryHash (I)I 782 0 7565 0 0
ciMethod java/util/zip/ZipFile$Source getEntryNext (I)I 520 0 4964 0 0
ciMethod jdk/internal/loader/URLClassPath$3 <init> (Ljdk/internal/loader/URLClassPath;Ljava/net/URL;)V 18 0 9 0 -1
ciMethod jdk/internal/loader/URLClassPath$JarLoader getResource (Ljava/lang/String;Z)Ljdk/internal/loader/Resource; 514 0 3051 0 0
ciMethod jdk/internal/loader/URLClassPath$JarLoader ensureOpen ()V 542 0 3067 0 0
ciMethod jdk/internal/loader/URLClassPath$JarLoader getClassPath ()[Ljava/net/URL; 18 0 9 0 0
ciMethod jdk/internal/loader/URLClassPath$JarLoader checkResource (Ljava/lang/String;ZLjava/util/jar/JarEntry;)Ljdk/internal/loader/Resource; 332 0 2571 0 0
ciMethod jdk/internal/loader/URLClassPath$JarLoader parseClassPath (Ljava/net/URL;Ljava/lang/String;)[Ljava/net/URL; 0 0 1 0 -1
ciMethod jdk/internal/access/JavaUtilJarAccess jarFileHasClassPathAttribute (Ljava/util/jar/JarFile;)Z 0 0 1 0 -1
ciMethod jdk/internal/access/JavaUtilJarAccess entryFor (Ljava/util/jar/JarFile;Ljava/lang/String;)Ljava/util/jar/JarEntry; 0 0 1 0 -1
ciMethod java/util/jar/JarFile$JarFileEntry getRealName ()Ljava/lang/String; 496 0 236 0 0
ciMethod java/util/jar/JarFile$JarFileEntry withBasename (Ljava/lang/String;)Ljava/util/jar/JarFile$JarFileEntry; 0 0 1 0 0
ciMethod java/util/ArrayDeque inc (II)I 514 0 5196 0 -1
ciMethod java/util/ArrayDeque elementAt ([Ljava/lang/Object;I)Ljava/lang/Object; 512 0 2755 0 -1
ciMethod java/util/HashMap$TreeNode getTreeNode (ILjava/lang/Object;)Ljava/util/HashMap$TreeNode; 0 0 1 0 -1
ciMethod jdk/internal/access/JavaLangAccess findBootstrapClassOrNull (Ljava/lang/String;)Ljava/lang/Class; 0 0 1 0 -1
ciMethod jdk/internal/access/JavaLangAccess newStringUTF8NoRepl ([BII)Ljava/lang/String; 0 0 1 0 -1
ciMethod java/util/HashMap getNode (Ljava/lang/Object;)Ljava/util/HashMap$Node; 1616 14 12341 0 1184
ciMethod java/util/HashMap putVal (ILjava/lang/Object;Ljava/lang/Object;ZZ)Ljava/lang/Object; 1354 48 9355 0 -1
ciMethod java/util/HashMap hash (Ljava/lang/Object;)I 2296 0 29659 0 -1
ciMethod java/util/LinkedHashMap <init> (I)V 10 0 12 0 -1
ciMethod jdk/internal/util/Preconditions checkIndex (IILjava/util/function/BiFunction;)I 514 0 3207 0 -1
ciMethod java/lang/ref/Reference reachabilityFence (Ljava/lang/Object;)V 644 0 17757 0 -1
ciMethod java/util/Arrays copyOfRange ([BII)[B 514 0 7462 0 736
ciMethod java/util/Arrays copyOf ([Ljava/lang/Object;I)[Ljava/lang/Object; 136 0 1196 0 -1
ciMethod java/util/Arrays copyOf ([BI)[B 124 0 5190 0 -1
ciMethod java/lang/Math max (II)I 520 0 7154 0 -1
ciMethod java/lang/Math min (II)I 512 0 25921 0 -1
ciMethod java/io/FilterInputStream <init> (Ljava/io/InputStream;)V 422 0 2685 0 -1
ciMethod java/io/ByteArrayInputStream <init> ([B)V 4 0 2 0 0
ciMethod java/io/InputStream close ()V 0 0 1 0 -1
ciMethod java/io/InputStream <init> ()V 516 0 5207 0 -1
ciMethod java/lang/StringConcatHelper newArray (J)[B 514 0 6021 0 -1
ciMethod java/lang/StringConcatHelper newString ([BJ)Ljava/lang/String; 518 0 5227 0 0
ciMethod java/lang/StringConcatHelper simpleConcat (Ljava/lang/Object;Ljava/lang/Object;)Ljava/lang/String; 514 0 5228 0 -1
ciMethod java/lang/StringConcatHelper initialCoder ()J 512 0 5228 0 0
ciMethod java/lang/StringConcatHelper mix (JLjava/lang/String;)J 772 0 10454 0 0
ciMethod java/lang/StringConcatHelper checkOverflow (J)J 772 0 10458 0 0
ciMethod java/lang/StringConcatHelper prepend (J[BLjava/lang/String;)J 772 0 5530 0 352
ciMethod java/lang/StringConcatHelper stringOf (Ljava/lang/Object;)Ljava/lang/String; 524 0 10458 0 0
ciMethod java/lang/System$2 findBootstrapClassOrNull (Ljava/lang/String;)Ljava/lang/Class; 514 0 2785 0 0
ciMethod java/lang/System$2 newStringUTF8NoRepl ([BII)Ljava/lang/String; 0 0 14288 0 0
ciMethod java/util/Map get (Ljava/lang/Object;)Ljava/lang/Object; 0 0 1 0 -1
ciMethod jdk/internal/access/SharedSecrets javaUtilJarAccess ()Ljdk/internal/access/JavaUtilJarAccess; 788 0 5136 0 -1
ciMethod jdk/internal/misc/Unsafe allocateUninitializedArray0 (Ljava/lang/Class;I)Ljava/lang/Object; 518 0 5536 0 -1
ciMethod jdk/internal/misc/Unsafe getReferenceAcquire (Ljava/lang/Object;J)Ljava/lang/Object; 584 0 5600 0 -1
ciMethod jdk/internal/misc/Unsafe allocateUninitializedArray (Ljava/lang/Class;I)Ljava/lang/Object; 518 0 5532 0 384
ciMethod jdk/internal/misc/VM initLevel ()I 242 0 2700 0 0
ciMethod jdk/internal/misc/VM isModuleSystemInited ()Z 228 0 2673 0 0
ciMethod jdk/internal/reflect/Reflection getCallerClass ()Ljava/lang/Class; 256 0 128 0 -1
ciMethod java/lang/StringBuilder <init> ()V 170 0 11411 0 384
ciMethod java/lang/StringBuilder toString ()Ljava/lang/String; 178 0 12647 0 1088
ciMethod java/lang/StringBuilder append (Ljava/lang/String;)Ljava/lang/StringBuilder; 338 0 30947 0 0
ciMethod java/lang/StringBuilder append (I)Ljava/lang/StringBuilder; 12 0 626 0 0
ciMethod java/security/CodeSource <init> (Ljava/net/URL;[Ljava/security/CodeSigner;)V 732 0 2581 0 -1
ciMethod java/security/CodeSource getCertificates ()[Ljava/security/cert/Certificate; 512 0 5292 0 -1
ciMethod java/security/ProtectionDomain getCodeSource ()Ljava/security/CodeSource; 256 0 128 0 -1
ciMethod java/security/ProtectionDomain implies (Ljava/security/Permission;)Z 0 0 1 0 -1
ciMethod java/lang/String isEmpty ()Z 768 0 57077 0 96
ciMethod java/lang/String charAt (I)C 908 0 393137 0 160
ciMethod java/lang/String length ()I 778 0 497005 0 96
ciMethod java/lang/String <init> ([BB)V 512 0 25657 0 0
ciMethod java/lang/String <init> (Ljava/lang/String;)V 0 0 4 0 0
ciMethod java/lang/String equals (Ljava/lang/Object;)Z 1024 0 8659 0 448
ciMethod java/lang/String toString ()Ljava/lang/String; 526 0 35710 0 64
ciMethod java/lang/String hashCode ()I 2262 0 6357 0 448
ciMethod java/lang/String indexOf (I)I 768 0 24092 0 416
ciMethod java/lang/String indexOf (II)I 626 0 20060 0 512
ciMethod java/lang/String coder ()B 1304 0 622730 0 64
ciMethod java/lang/String checkBoundsOffCount (III)V 516 0 12470 0 -1
ciMethod java/lang/String isNotContinuation (I)Z 2 0 1 0 -1
ciMethod java/lang/String decode2 (II)C 2 0 1 0 -1
ciMethod java/lang/String decodeUTF8_UTF16 ([BII[BIZ)I 2 14 1 0 -1
ciMethod java/lang/String newStringUTF8NoRepl ([BII)Ljava/lang/String; 0 0 12112 0 3520
ciMethod java/lang/String isLatin1 ()Z 1666 0 506348 0 96
ciMethod java/lang/String checkBoundsBeginEnd (III)V 538 0 5403 0 160
ciMethod java/lang/String getBytes ([BIB)V 772 0 5521 0 256
ciMethod java/lang/String regionMatches (ZILjava/lang/String;II)Z 512 0 5432 0 -1
ciMethod java/lang/String regionMatches (ILjava/lang/String;II)Z 0 0 4 0 -1
ciMethod java/lang/String startsWith (Ljava/lang/String;I)Z 552 2752 14131 0 576
ciMethod java/lang/String startsWith (Ljava/lang/String;)Z 524 0 17781 0 512
ciMethod java/lang/String lastIndexOf (II)I 518 0 47805 0 0
ciMethod java/lang/String lastIndexOf (I)I 808 0 45231 0 256
ciMethod java/lang/String substring (II)Ljava/lang/String; 518 0 5493 0 1312
ciMethod java/lang/String replace (CC)Ljava/lang/String; 512 0 5469 0 1664
ciMethod java/lang/String toLowerCase ()Ljava/lang/String; 796 0 5142 0 -1
ciMethod java/lang/String equalsIgnoreCase (Ljava/lang/String;)Z 454 0 3235 0 -1
ciMethod java/lang/String endsWith (Ljava/lang/String;)Z 46 0 26778 0 -1
ciMethod java/lang/String concat (Ljava/lang/String;)Ljava/lang/String; 512 0 5197 0 0
ciMethod java/util/concurrent/ConcurrentHashMap putIfAbsent (Ljava/lang/Object;Ljava/lang/Object;)Ljava/lang/Object; 1694 0 9848 0 0
ciMethod java/util/concurrent/ConcurrentHashMap get (Ljava/lang/Object;)Ljava/lang/Object; 512 32 5502 0 1600
ciMethod java/util/concurrent/ConcurrentHashMap spread (I)I 1614 0 14130 0 96
ciMethod java/util/concurrent/ConcurrentHashMap tabAt ([Ljava/util/concurrent/ConcurrentHashMap$Node;I)Ljava/util/concurrent/ConcurrentHashMap$Node; 584 0 5600 0 96
ciMethod java/util/concurrent/ConcurrentHashMap putVal (Ljava/lang/Object;Ljava/lang/Object;Z)Ljava/lang/Object; 1128 22 5892 0 -1
ciMethod java/util/concurrent/ConcurrentHashMap initTable ()[Ljava/util/concurrent/ConcurrentHashMap$Node; 16 0 73 0 -1
ciMethod java/util/concurrent/ConcurrentHashMap casTabAt ([Ljava/util/concurrent/ConcurrentHashMap$Node;ILjava/util/concurrent/ConcurrentHashMap$Node;Ljava/util/concurrent/ConcurrentHashMap$Node;)Z 1382 0 1783 0 -1
ciMethod java/util/concurrent/ConcurrentHashMap helpTransfer ([Ljava/util/concurrent/ConcurrentHashMap$Node;Ljava/util/concurrent/ConcurrentHashMap$Node;)[Ljava/util/concurrent/ConcurrentHashMap$Node; 0 0 1 0 -1
ciMethod java/util/concurrent/ConcurrentHashMap treeifyBin ([Ljava/util/concurrent/ConcurrentHashMap$Node;I)V 0 0 1 0 -1
ciMethod java/util/concurrent/ConcurrentHashMap addCount (JI)V 1734 0 4939 0 -1
ciMethod java/util/ArrayList addAll (Ljava/util/Collection;)Z 0 0 381 0 -1
ciMethod java/util/ArrayList toArray ([Ljava/lang/Object;)[Ljava/lang/Object; 6 0 1131 0 -1
ciMethod java/util/ArrayList size ()I 256 0 128 0 0
ciMethod java/util/ArrayList get (I)Ljava/lang/Object; 514 0 3200 0 0
ciMethod java/util/ArrayList add (Ljava/lang/Object;)Z 514 0 17843 0 1952
ciMethod java/util/ArrayList <init> ()V 22 0 1434 0 -1
ciMethod java/util/ArrayList add (Ljava/lang/Object;[Ljava/lang/Object;I)V 514 0 17846 0 -1
ciMethod java/util/ArrayList elementData (I)Ljava/lang/Object; 514 0 3204 0 0
ciMethod java/util/ArrayList grow ()[Ljava/lang/Object; 56 0 1697 0 -1
ciMethod java/util/ArrayList grow (I)[Ljava/lang/Object; 58 0 1725 0 -1
ciMethod java/security/SecureClassLoader defineClass (Ljava/lang/String;[BIILjava/security/CodeSource;)Ljava/lang/Class; 732 0 2581 0 -1
ciMethod java/security/SecureClassLoader defineClass (Ljava/lang/String;Ljava/nio/ByteBuffer;Ljava/security/CodeSource;)Ljava/lang/Class; 0 0 1 0 -1
ciMethod java/security/SecureClassLoader getProtectionDomain (Ljava/security/CodeSource;)Ljava/security/ProtectionDomain; 992 0 2646 0 -1
ciMethod java/security/AccessController executePrivileged (Ljava/security/PrivilegedExceptionAction;Ljava/security/AccessControlContext;Ljava/lang/Class;)Ljava/lang/Object; 174 0 56 0 -1
ciMethod java/security/AccessController getProtectionDomain (Ljava/lang/Class;)Ljava/security/ProtectionDomain; 2 0 1 0 -1
ciMethod java/security/AccessController doPrivileged (Ljava/security/PrivilegedAction;)Ljava/lang/Object; 34 0 308 0 -1
ciMethod java/security/AccessController doPrivileged (Ljava/security/PrivilegedExceptionAction;Ljava/security/AccessControlContext;)Ljava/lang/Object; 28 0 33 0 0
ciMethod java/security/AccessController isPrivileged ()Z 0 0 1 0 -1
ciMethod java/security/AccessController checkContext (Ljava/security/AccessControlContext;Ljava/lang/Class;)Ljava/security/AccessControlContext; 68 0 34 0 -1
ciMethod java/security/AccessController wrapException (Ljava/lang/Exception;)Ljava/security/PrivilegedActionException; 0 0 1 0 -1
ciMethod java/security/AccessController getInnocuousAcc ()Ljava/security/AccessControlContext; 0 0 1 0 -1
ciMethod java/security/AccessController ensureMaterializedForStackWalk (Ljava/lang/Object;)V 40 0 20 0 -1
ciMethod jdk/internal/loader/BuiltinClassLoader defineClass (Ljava/lang/String;Ljdk/internal/loader/Resource;)Ljava/lang/Class; 474 0 2540 0 0
ciMethod jdk/internal/loader/BuiltinClassLoader findLoadedModule (Ljava/lang/String;)Ljdk/internal/loader/BuiltinClassLoader$LoadedModule; 514 0 5324 0 0
ciMethod jdk/internal/loader/BuiltinClassLoader findClassInModuleOrNull (Ljdk/internal/loader/BuiltinClassLoader$LoadedModule;Ljava/lang/String;)Ljava/lang/Class; 0 0 1 0 -1
ciMethod jdk/internal/loader/BuiltinClassLoader findClassOnClassPathOrNull (Ljava/lang/String;)Ljava/lang/Class; 218 0 2549 0 0
ciMethod jdk/internal/loader/BuiltinClassLoader loadClassOrNull (Ljava/lang/String;)Ljava/lang/Class; 518 0 5324 0 0
ciMethod java/lang/Object <init> ()V 1506 0 229740 0 64
ciInstanceKlass org/jetbrains/kotlin/config/MavenComparableVersion$ListItem 1 1 118 1 7 1 1 7 1 7 1 1 100 1 1 1 100 1 1 12 10 1 1 1 1 1 1 1 12 10 1 1 1 12 10 12 11 1 12 10 1 1 1 1 1 1 12 11 12 11 1 1 12 10 1 7 1 12 11 1 1 12 11 1 100 1 7 10 1 8 1 1 12 10 1 100 1 1 12 10 1 12 10 1 1 12 10 1 12 10 1 1 1 1 1 1 1 1 1 1 12 10 1 12 10 1 1 1 1 10 1 1 1 1 1 1 1 1 1 1
instanceKlass org/jetbrains/kotlin/descriptors/InvalidModuleException
ciInstanceKlass java/lang/IllegalStateException 0 0 35 10 100 12 1 1 1 10 12 1 10 12 1 10 12 1 100 1 1 1 1 5 0 1 1 1 1 1 1 1 1 1 1 1 1
ciInstanceKlass java/lang/AssertionError 0 0 79 10 100 12 1 1 1 10 12 1 10 100 12 1 1 1 10 100 1 100 1 10 12 1 1 10 12 1 10 12 1 10 12 1 10 12 1 10 12 1 10 12 1 10 12 1 1 1 1 5 0 1 1 1 1 1 1 1 1 1 1 100 1 1 1 1 1 1 1 1 1 1 1 1 1 1 1 1 1
instanceKlass java/io/EOFException
instanceKlass org/jetbrains/kotlin/protobuf/CodedOutputStream$OutOfSpaceException
instanceKlass org/jetbrains/kotlin/protobuf/InvalidProtocolBufferException
instanceKlass org/jetbrains/kotlin/com/intellij/openapi/util/io/FileTooBigException
instanceKlass java/net/MalformedURLException
instanceKlass java/io/CharConversionException
instanceKlass java/io/UnsupportedEncodingException
instanceKlass java/nio/file/FileSystemException
instanceKlass kotlin/io/FileSystemException
instanceKlass java/io/FileNotFoundException
ciInstanceKlass java/io/IOException 0 0 34 10 100 12 1 1 1 10 12 1 10 12 1 10 12 1 100 1 1 1 1 5 0 1 1 1 1 1 1 1 1 1 1 1
ciInstanceKlass java/lang/reflect/ProxyGenerator$ProxyMethod 1 1 342 7 1 100 1 10 7 12 1 1 1 9 7 12 1 1 1 9 12 1 1 9 12 1 1 9 12 1 1 9 12 1 9 12 1 9 12 1 10 7 12 1 1 1 10 12 1 1 10 12 1 1 10 12 1 10 12 1 10 12 1 10 7 12 1 1 1 10 12 1 10 12 1 1 10 12 1 10 7 12 1 1 1 10 12 1 1 10 7 12 1 1 1 10 12 1 1 10 7 12 1 1 7 1 10 10 12 1 1 11 7 12 1 1 1 11 12 1 1 11 7 12 1 1 11 12 1 1 7 1 10 10 12 1 1 10 12 1 1 8 1 10 12 1 1 10 12 1 1 8 1 8 1 8 1 10 12 1 1 8 10 12 1 1 8 10 12 1 1 10 12 1 1 10 12 1 1 8 1 8 1 8 1 10 12 1 1 9 7 12 1 1 10 12 1 1 8 1 8 8 1 10 12 1 10 12 1 10 12 1 10 7 12 1 1 1 9 7 1 9 7 1 9 100 1 9 100 1 9 100 1 9 100 1 9 100 1 9 100 1 100 1 10 9 12 1 8 1 9 12 1 9 12 1 9 12 1 10 12 1 10 12 1 1 8 8 8 8 1 8 1 8 1 8 1 10 12 1 10 12 1 10 12 1 1 1 1 1 1 1 1 1 1 1 1 1 1 1 1 1 1 1 1 1 1 1 1 1 1 1 1 1 1 1 1 1 1 1 1 1 1 1 100 1 100 1 1 1 1 1 1 1 1 1 1 1 1 1 1 1 1 1
ciInstanceKlass java/lang/SecurityException 0 0 35 10 100 12 1 1 1 10 12 1 10 12 1 10 12 1 100 1 1 1 1 5 0 1 1 1 1 1 1 1 1 1 1 1 1
ciInstanceKlass sun/net/www/protocol/jar/URLJarFile 1 1 304 10 7 12 1 1 1 10 12 1 1 8 1 10 7 12 1 1 1 10 7 12 1 1 1 10 7 12 1 1 1 10 12 1 10 12 1 1 10 12 1 10 12 1 100 1 10 12 1 9 12 1 1 10 12 1 7 1 10 12 1 10 7 12 1 1 1 10 12 1 10 12 1 8 1 10 12 1 1 10 12 1 10 12 1 1 8 1 8 1 10 12 1 1 7 1 7 1 10 12 1 100 1 100 1 10 12 1 10 100 12 1 1 1 10 12 1 1 8 1 10 12 1 10 12 1 10 10 12 1 100 1 10 10 12 1 1 9 12 1 1 10 100 12 1 1 1 100 1 10 12 1 1 9 12 1 1 10 12 1 1 11 12 1 1 11 100 12 1 1 1 11 100 12 1 1 11 12 1 11 12 1 1 11 12 1 1 11 7 12 1 1 1 10 12 9 12 1 1 10 12 1 1 9 12 1 1 11 100 12 1 1 10 12 1 1 10 100 12 1 1 1 100 1 10 12 1 10 100 12 1 1 1 10 100 1 100 1 10 12 1 1 100 1 10 12 1 1 100 1 9 12 1 1 1 1 1 1 1 1 1 1 1 1 1 100 1 1 1 1 1 1 1 1 1 1 1 100 1 1 1 1 1 1 1 1 1 1 1 1 1 1 1 1 1 1 1 1 1 1 100 1 1 1
ciInstanceKlass java/net/MalformedURLException 0 0 26 10 100 12 1 1 1 10 12 1 100 1 1 1 1 5 0 1 1 1 1 1 1 1 1 1
ciMethodData java/lang/Object <init> ()V 2 229753 orig 80 0 0 0 0 0 0 0 0 0 0 0 0 223 1 0 0 0 0 0 0 0 0 0 0 0 0 0 0 0 0 0 0 0 0 0 0 0 0 0 0 0 0 0 0 0 0 0 0 0 0 0 0 0 0 0 0 0 0 0 0 0 0 0 0 0 0 0 0 0 0 0 0 0 0 0 0 0 0 0 0 data 4 0x0 0x9 0x1 0x0 oops 0 methods 0
ciMethodData java/lang/StringLatin1 hashCode ([B)I 2 33555 orig 80 0 0 0 0 0 0 0 0 0 0 0 0 223 1 0 0 0 0 0 0 0 0 0 0 0 0 0 0 0 0 0 0 0 0 0 0 0 0 0 0 0 0 0 0 0 0 0 0 0 0 0 0 0 0 0 0 0 0 0 0 0 0 0 0 0 0 0 0 0 0 0 0 0 0 0 0 0 0 0 0 data 14 0xd0007 0x3a8 0x38 0x66f8 0x250003 0x66f8 0xffffffffffffffe0 0x0 0x0 0x0 0x0 0x9 0x1 0x0 oops 0 methods 0
ciMethodData java/lang/String isLatin1 ()Z 2 506348 orig 80 0 0 0 0 0 0 0 0 0 0 0 0 223 1 0 0 0 0 0 0 0 0 0 0 0 0 0 0 0 0 0 0 0 0 0 0 0 0 0 0 0 0 0 0 0 0 0 0 0 0 0 0 0 0 0 0 0 0 0 0 0 0 0 0 0 0 0 0 0 0 0 0 0 0 0 0 0 0 0 0 data 18 0x30007 0x0 0x58 0x7b6ab 0xa0007 0x4 0x38 0x7b6a7 0xe0003 0x7b6a7 0x18 0x0 0x0 0x0 0x0 0x9 0x1 0x0 oops 0 methods 0
ciMethodData java/lang/String hashCode ()I 2 6357 orig 80 0 0 0 0 0 0 0 0 0 0 0 0 223 1 0 0 0 0 0 0 0 0 0 0 0 0 0 0 0 0 0 0 0 0 0 0 0 0 0 0 0 0 0 0 0 0 0 0 0 0 0 0 0 0 0 0 0 0 0 0 0 0 0 0 0 0 0 0 0 0 0 0 0 0 0 0 0 0 0 0 data 42 0x60007 0xe76 0x108 0x5f4 0xd0007 0x32 0xe8 0x5c2 0x110005 0x5c2 0x0 0x0 0x0 0x0 0x0 0x140007 0x1 0x48 0x5c1 0x1b0002 0x5c1 0x1e0003 0x5c1 0x28 0x250002 0x1 0x2a0007 0x5c1 0x38 0x1 0x320003 0x1 0x18 0x0 0x0 0x0 0x0 0x0 0x0 0x9 0x1 0xe oops 0 methods 0
ciMethodData java/lang/StringUTF16 hashCode ([B)I 1 17 orig 80 0 0 0 0 0 0 0 0 0 0 0 0 0 0 0 0 0 0 0 0 0 0 0 0 0 0 0 0 0 0 0 0 0 0 0 0 0 0 0 0 0 0 0 0 0 0 0 0 0 0 0 0 0 0 0 0 0 0 0 0 0 0 0 0 0 0 0 0 0 0 0 0 0 0 0 0 0 0 0 0 data 18 0xb0007 0x1 0x48 0x11 0x140002 0x11 0x1c0003 0x11 0xffffffffffffffd0 0x0 0x0 0x0 0x0 0x0 0x0 0x9 0x1 0x0 oops 0 methods 0
ciMethodData java/lang/String equals (Ljava/lang/Object;)Z 2 8659 orig 80 0 0 0 0 0 0 0 0 0 0 0 0 223 1 0 0 0 0 0 0 0 0 0 0 0 0 0 0 0 0 0 0 0 0 0 0 0 0 0 0 0 0 0 0 0 0 0 0 0 0 0 0 0 0 0 0 0 0 0 0 0 0 0 0 0 0 0 0 0 0 0 0 0 0 0 0 0 0 0 0 data 49 0x20007 0x1b6d 0x20 0x466 0x80104 0x0 0x0 0x1df6001b450 0x1b6a 0x0 0x0 0xb0007 0x3 0xe0 0x1b6a 0xf0004 0x0 0x0 0x1df6001b450 0x1b6a 0x0 0x0 0x160007 0x0 0x40 0x1b6a 0x210007 0x0 0x68 0x1b6a 0x2c0002 0x1b6a 0x2f0007 0x16a9 0x38 0x4c1 0x330003 0x4c1 0x18 0x0 0x0 0x0 0x0 0x0 0x0 0x9 0x2 0x0 0x0 oops 2 7 java/lang/String 18 java/lang/String methods 0
ciMethodData java/lang/String coder ()B 2 622730 orig 80 0 0 0 0 0 0 0 0 0 0 0 0 223 1 0 0 0 0 0 0 0 0 0 0 0 0 0 0 0 0 0 0 0 0 0 0 0 0 0 0 0 0 0 0 0 0 0 0 0 0 0 0 0 0 0 0 0 0 0 0 0 0 0 0 0 0 0 0 0 0 0 0 0 0 0 0 0 0 0 0 data 14 0x30007 0x0 0x38 0x97dfe 0xa0003 0x97dfe 0x18 0x0 0x0 0x0 0x0 0x9 0x1 0x0 oops 0 methods 0
ciMethodData java/lang/String length ()I 2 497005 orig 80 0 0 0 0 0 0 0 0 0 0 0 0 223 1 0 0 0 0 0 0 0 0 0 0 0 0 0 0 0 0 0 0 0 0 0 0 0 0 0 0 0 0 0 0 0 0 0 0 0 0 0 0 0 0 0 0 0 0 0 0 0 0 0 0 0 0 0 0 0 0 0 0 0 0 0 0 0 0 0 0 data 16 0x60005 0x793e8 0x0 0x0 0x0 0x0 0x0 0x0 0x0 0x0 0x0 0x0 0x0 0x9 0x1 0x0 oops 0 methods 0
ciMethodData java/lang/String charAt (I)C 2 393137 orig 80 0 0 0 0 0 0 0 0 0 0 0 0 223 1 0 0 0 0 0 0 0 0 0 0 0 0 0 0 0 0 0 0 0 0 0 0 0 0 0 0 0 0 0 0 0 0 0 0 0 0 0 0 0 0 0 0 0 0 0 0 0 0 0 0 0 0 0 0 0 0 0 0 0 0 0 0 0 0 0 0 data 25 0x10005 0x5fdeb 0x0 0x0 0x0 0x0 0x0 0x40007 0x3 0x30 0x5fde8 0xc0002 0x5fde8 0x150002 0x3 0x0 0x0 0x0 0x0 0x0 0x0 0x9 0x2 0x0 0x0 oops 0 methods 0
ciMethodData java/lang/StringLatin1 charAt ([BI)C 2 393043 orig 80 0 0 0 0 0 0 0 0 0 0 0 0 0 0 0 0 0 0 0 0 0 0 0 0 0 0 0 0 0 0 0 0 0 0 0 0 0 0 0 0 0 0 0 0 0 0 0 0 0 0 0 0 0 0 0 0 0 0 0 0 0 0 0 0 0 0 0 0 0 0 0 0 0 0 0 0 0 0 0 0 data 18 0x10007 0x0 0x40 0x5fd8d 0x70007 0x5fd8d 0x30 0x0 0xf0002 0x0 0x0 0x0 0x0 0x0 0x9 0x2 0x0 0x0 oops 0 methods 0
ciMethodData java/lang/StringUTF16 charAt ([BI)C 1 5 orig 80 0 0 0 0 0 0 0 0 0 0 0 0 0 0 0 0 0 0 0 0 0 0 0 0 0 0 0 0 0 0 0 0 0 0 0 0 0 0 0 0 0 0 0 0 0 0 0 0 0 0 0 0 0 0 0 0 0 0 0 0 0 0 0 0 0 0 0 0 0 0 0 0 0 0 0 0 0 0 0 0 data 14 0x20002 0x5 0x70002 0x2 0x0 0x0 0x0 0x0 0x0 0x0 0x9 0x2 0x0 0x0 oops 0 methods 0
ciMethodData java/util/concurrent/ConcurrentHashMap tabAt ([Ljava/util/concurrent/ConcurrentHashMap$Node;I)Ljava/util/concurrent/ConcurrentHashMap$Node; 2 5600 orig 80 0 0 0 0 0 0 0 0 0 0 0 0 223 1 0 0 0 0 0 0 0 0 0 0 0 0 0 0 0 0 0 0 0 0 0 0 0 0 0 0 0 0 0 0 0 0 0 0 0 0 0 0 0 0 0 0 0 0 0 0 0 0 0 0 0 0 0 0 0 0 0 0 0 0 0 0 0 0 0 0 data 27 0xf000b 0x14bc 0x0 0x0 0x0 0x0 0x0 0x2 0x1 0x1df60176a30 0x120104 0x0 0x0 0x1df60176980 0xa19 0x1df61056a70 0x370 0x0 0x0 0x0 0x0 0x0 0x0 0x9 0x2 0x0 0x0 oops 3 9 [Ljava/util/concurrent/ConcurrentHashMap$Node; 13 java/util/concurrent/ConcurrentHashMap$Node 15 java/util/concurrent/ConcurrentHashMap$ForwardingNode methods 0
ciMethodData java/util/concurrent/ConcurrentHashMap putVal (Ljava/lang/Object;Ljava/lang/Object;Z)Ljava/lang/Object; 2 5892 orig 80 0 0 0 0 0 0 0 0 0 0 0 0 223 1 0 0 0 0 0 0 0 0 0 0 0 0 0 0 0 0 0 0 0 0 0 0 0 0 0 0 0 0 0 0 0 0 0 0 0 0 0 0 0 0 0 0 0 0 0 0 0 0 0 0 0 0 0 0 0 0 0 0 0 0 0 0 0 0 0 0 data 250 0x10007 0x0 0x40 0x14d0 0x50007 0x14d0 0x30 0x0 0xc0002 0x0 0x110005 0x1e4 0x0 0x1df6001b450 0x12e9 0x1df60baaaf0 0x3 0x140002 0x14d0 0x240007 0x28 0x40 0x14d0 0x2d0007 0x14d0 0x70 0x0 0x310005 0x28 0x0 0x0 0x0 0x0 0x0 0x360003 0x28 0x5f8 0x450002 0x14d0 0x4b0007 0xa7e 0x78 0xa52 0x5b0002 0xa52 0x5e0002 0xa52 0x610007 0x0 0x590 0xa52 0x640003 0xa52 0x588 0x700007 0xa7e 0x70 0x0 0x780005 0x0 0x0 0x0 0x0 0x0 0x0 0x7d0003 0x0 0x500 0x810007 0x2f 0xf8 0xa4f 0x880007 0x6b0 0xd8 0x39f 0x940007 0x0 0x98 0x39f 0x990007 0x0 0x98 0x39f 0x9f0005 0x0 0x0 0x1df6001b450 0x39f 0x0 0x0 0xa20007 0x0 0x40 0x39f 0xad0007 0x0 0x20 0x39f 0xc00002 0x6df 0xc50007 0x0 0x330 0x6df 0xca0007 0x0 0x188 0x6df 0xdb0007 0x890 0xf0 0xf7 0xe70007 0xb 0x98 0xec 0xec0007 0x0 0xb0 0xec 0xf20005 0x0 0x0 0x1df6001b450 0xec 0x0 0x0 0xf50007 0x0 0x58 0xec 0x1000007 0xec 0x98 0xb 0x1090003 0xb 0x78 0x1180007 0x2a8 0x48 0x5e8 0x1250002 0x5e8 0x12b0003 0x5e8 0x30 0x1310003 0x2a8 0xfffffffffffffec8 0x1340003 0x6df 0x1a0 0x1390004 0x0 0x0 0x0 0x0 0x0 0x0 0x13c0007 0x0 0xe8 0x0 0x1440004 0x0 0x0 0x0 0x0 0x0 0x0 0x14b0005 0x0 0x0 0x0 0x0 0x0 0x0 0x1510007 0x0 0x40 0x0 0x15c0007 0x0 0x20 0x0 0x1650003 0x0 0x80 0x16a0004 0x0 0x0 0x0 0x0 0x0 0x0 0x16d0007 0x0 0x30 0x0 0x1760002 0x0 0x17d0003 0x6df 0x18 0x18a0007 0x0 0x98 0x6df 0x1910007 0x6df 0x58 0x0 0x1990005 0x0 0x0 0x0 0x0 0x0 0x0 0x19e0007 0x5e8 0x38 0xf7 0x1a40003 0x28 0xfffffffffffff990 0x1ab0005 0x103a 0x0 0x0 0x0 0x0 0x0 0x0 0x0 0x0 0x0 0x0 0x0 0x0 0x0 0x0 0x9 0x4 0x0 0x0 0x0 0x0 oops 4 13 java/lang/String 15 jdk/internal/loader/ClassLoaderValue 87 java/lang/String 124 java/lang/String methods 0
ciMethodData java/util/concurrent/ConcurrentHashMap spread (I)I 2 14131 orig 80 0 0 0 0 0 0 0 0 0 0 0 0 0 0 0 0 0 0 0 0 0 0 0 0 0 0 0 0 0 0 0 0 0 0 0 0 0 0 0 0 0 0 0 0 0 0 0 0 0 0 0 0 0 0 0 0 0 0 0 0 0 0 0 0 0 0 0 0 0 0 0 0 0 0 0 0 0 0 0 0 data 5 0x0 0x0 0x9 0x1 0x0 oops 0 methods 0
ciMethodData java/util/HashMap hash (Ljava/lang/Object;)I 2 29659 orig 80 0 0 0 0 0 0 0 0 0 0 0 0 223 1 0 0 0 0 0 0 0 0 0 0 0 0 0 0 0 0 0 0 0 0 0 0 0 0 0 0 0 0 0 0 0 0 0 0 0 0 0 0 0 0 0 0 0 0 0 0 0 0 0 0 0 0 0 0 0 0 0 0 0 0 0 0 0 0 0 0 data 23 0x10007 0x6f5f 0x38 0x0 0x50003 0x0 0x50 0x90005 0x3d21 0x0 0x1df6001ca80 0xcc 0x1df6001b450 0x3172 0x0 0x0 0x0 0x0 0x0 0x0 0x9 0x1 0xffffffffffffffff oops 2 10 java/lang/Module 12 java/lang/String methods 0
ciMethodData java/util/HashMap putVal (ILjava/lang/Object;Ljava/lang/Object;ZZ)Ljava/lang/Object; 2 9355 orig 80 0 0 0 0 0 0 0 0 0 0 0 0 223 1 0 0 0 0 0 0 0 0 0 0 0 0 0 0 0 0 0 0 0 0 0 0 0 0 0 0 0 0 0 0 0 0 0 0 0 0 0 0 0 0 0 0 0 0 0 0 0 0 0 0 0 0 0 0 0 0 0 0 0 0 0 0 0 0 0 0 data 198 0x70007 0x2fb 0x40 0x1eeb 0x100007 0x1eeb 0x58 0x0 0x140005 0x2fb 0x0 0x0 0x0 0x0 0x0 0x2c0007 0xa75 0xa8 0x1771 0x380005 0x1f 0x0 0x1df6022f6c0 0x103b 0x1df60ba9cf0 0x717 0x3b0004 0x0 0x0 0x1df60d66b40 0x105a 0x1df60bb0020 0x717 0x3c0003 0x1771 0x410 0x450007 0xa5b 0xd0 0x1a 0x510007 0x11 0x98 0x9 0x550007 0x0 0x90 0x9 0x5b0005 0x0 0x0 0x1df6001b450 0x9 0x0 0x0 0x5e0007 0x0 0x38 0x9 0x650003 0x1a 0x2a8 0x6a0004 0xfffffffffffff5a5 0x0 0x1df60d66b40 0x3b 0x0 0x0 0x6d0007 0xa5b 0xa8 0x0 0x720004 0x0 0x0 0x0 0x0 0x0 0x0 0x7b0005 0x0 0x0 0x0 0x0 0x0 0x0 0x800003 0x0 0x1c8 0x8e0007 0x2c9 0xc8 0xa2e 0x980005 0x14 0x0 0x1df6022f6c0 0x8c9 0x1df60ba9cf0 0x151 0xa20007 0xa2e 0x158 0x0 0xa90005 0x0 0x0 0x0 0x0 0x0 0x0 0xac0003 0x0 0x100 0xb50007 0x29c 0xd0 0x2d 0xc10007 0x0 0xc8 0x2d 0xc50007 0x0 0x90 0x2d 0xcb0005 0x0 0x0 0x1df6001b450 0x2d 0x0 0x0 0xce0007 0x0 0x38 0x2d 0xd10003 0x2d 0x30 0xdb0003 0x29c 0xfffffffffffffe68 0xe00007 0xa2e 0x98 0x47 0xec0007 0x47 0x40 0x0 0xf10007 0x0 0x20 0x0 0xfd0005 0x0 0x0 0x1df6022f6c0 0x11 0x1df60ba9cf0 0x36 0x11c0007 0x2145 0x58 0x5a 0x1200005 0x5a 0x0 0x0 0x0 0x0 0x0 0x1270005 0x33 0x0 0x1df6022f6c0 0x1904 0x1df60ba9cf0 0x868 0x0 0x0 0x0 0x0 0x0 0x0 0x0 0x0 0x0 0x9 0x6 0x0 0x0 0x0 0x0 0x0 0x0 oops 13 22 java/util/HashMap 24 java/util/LinkedHashMap 29 java/util/HashMap$Node 31 java/util/LinkedHashMap$Entry 51 java/lang/String 65 java/util/HashMap$Node 97 java/util/HashMap 99 java/util/LinkedHashMap 130 java/lang/String 159 java/util/HashMap 161 java/util/LinkedHashMap 177 java/util/HashMap 179 java/util/LinkedHashMap methods 0
ciMethodData java/util/HashMap getNode (Ljava/lang/Object;)Ljava/util/HashMap$Node; 2 12341 orig 80 1 0 0 0 0 0 0 0 0 0 0 0 223 1 0 0 0 0 0 0 4 0 0 0 0 0 0 0 0 0 0 0 0 0 0 0 0 0 0 0 0 0 0 0 0 0 0 0 0 0 0 0 0 0 0 0 0 0 0 0 0 0 0 0 0 0 0 0 0 0 0 0 0 0 0 0 0 0 0 0 data 103 0x60007 0x13f 0x2e8 0x2bce 0xe0007 0x0 0x2c8 0x2bce 0x170002 0x2bce 0x210007 0x15a 0x298 0x2a74 0x2a0007 0x69 0xb8 0x2a0b 0x350007 0x14fb 0x98 0x1510 0x390007 0x0 0x78 0x1510 0x80000004003f0005 0x0 0x0 0x1df6001b450 0x150e 0x1df612cb810 0x5 0x420007 0x0 0x20 0x1513 0x4e0007 0x27 0x1c0 0x42 0x520004 0xffffffffffffffbe 0x0 0x1df60d66b40 0x3 0x0 0x0 0x550007 0x42 0x90 0x0 0x590004 0x0 0x0 0x0 0x0 0x0 0x0 0x5f0005 0x0 0x0 0x0 0x0 0x0 0x0 0x6a0007 0xf 0xb8 0x33 0x760007 0x4 0x98 0x2f 0x7a0007 0x0 0x78 0x2f 0x400800005 0x0 0x0 0x1df6001b450 0x2d 0x1df612cb810 0x3 0x830007 0x0 0x20 0x30 0x910007 0x0 0xffffffffffffff48 0xf 0x0 0x0 0x0 0x0 0x0 0x0 0x9 0x2 0x0 0xffffffffffffffff oops 5 29 java/lang/String 31 java/util/zip/ZipFile$Source$Key 44 java/util/HashMap$Node 81 java/lang/String 83 java/util/zip/ZipFile$Source$Key methods 0
ciMethodData java/util/HashMap put (Ljava/lang/Object;Ljava/lang/Object;)Ljava/lang/Object; 2 16677 orig 80 0 0 0 0 0 0 0 0 0 0 0 0 223 1 0 0 0 0 0 0 0 0 0 0 0 0 0 0 0 0 0 0 0 0 0 0 0 0 0 0 0 0 0 0 0 0 0 0 0 0 0 0 0 0 0 0 0 0 0 0 0 0 0 0 0 0 0 0 0 0 0 0 0 0 0 0 0 0 0 0 data 20 0x20002 0x3d4a 0x90005 0x3d4a 0x0 0x0 0x0 0x0 0x0 0x0 0x0 0x0 0x0 0x0 0x0 0x9 0x3 0xffffffffffffffff 0xffffffffffffffff 0xffffffffffffffff oops 0 methods 0
ciMethodData java/util/concurrent/ConcurrentHashMap putIfAbsent (Ljava/lang/Object;Ljava/lang/Object;)Ljava/lang/Object; 2 9850 orig 80 0 0 0 0 0 0 0 0 0 0 0 0 223 1 0 0 0 0 0 0 0 0 0 0 0 0 0 0 0 0 0 0 0 0 0 0 0 0 0 0 0 0 0 0 0 0 0 0 0 0 0 0 0 0 0 0 0 0 0 0 0 0 0 0 0 0 0 0 0 0 0 0 0 0 0 0 0 0 0 0 data 18 0x40005 0x232b 0x0 0x0 0x0 0x0 0x0 0x0 0x0 0x0 0x0 0x0 0x0 0x9 0x3 0xffffffffffffffff 0xffffffffffffffff 0xffffffffffffffff oops 0 methods 0
ciMethodData java/lang/StringLatin1 canEncode (I)Z 2 39343 orig 80 0 0 0 0 0 0 0 0 0 0 0 0 223 1 0 0 0 0 0 0 0 0 0 0 0 0 0 0 0 0 0 0 0 0 0 0 0 0 0 0 0 0 0 0 0 0 0 0 0 0 0 0 0 0 0 0 0 0 0 0 0 0 0 0 0 0 0 0 0 0 0 0 0 0 0 0 0 0 0 0 data 11 0x40007 0x0 0x38 0x9833 0x80003 0x9833 0x18 0x0 0x9 0x1 0x0 oops 0 methods 0
ciMethodData java/lang/String indexOf (II)I 2 20060 orig 80 0 0 0 0 0 0 0 0 0 0 0 0 223 1 0 0 0 0 0 0 0 0 0 0 0 0 0 0 0 0 0 0 0 0 0 0 0 0 0 0 0 0 0 0 0 0 0 0 0 0 0 0 0 0 0 0 0 0 0 0 0 0 0 0 0 0 0 0 0 0 0 0 0 0 0 0 0 0 0 0 data 29 0x10005 0x4d23 0x0 0x0 0x0 0x0 0x0 0x40007 0x0 0x48 0x4d23 0xd0002 0x4d23 0x100003 0x4d23 0x28 0x190002 0x0 0x0 0x0 0x0 0x0 0x0 0x0 0x9 0x3 0x0 0x0 0x0 oops 0 methods 0
ciMethodData java/lang/StringLatin1 indexOf ([BII)I 2 5915 orig 80 0 0 0 0 0 0 0 0 0 0 0 0 0 0 0 0 0 0 0 0 0 0 0 0 0 0 0 0 0 0 0 0 0 0 0 0 0 0 0 0 0 0 0 0 0 0 0 0 0 0 0 0 0 0 0 0 0 0 0 0 0 0 0 0 0 0 0 0 0 0 0 0 0 0 0 0 0 0 0 0 data 30 0x10002 0x15e2 0x40007 0x15e2 0x20 0x0 0xd0007 0x15e2 0x38 0x0 0x120003 0x0 0x38 0x170007 0x143b 0x20 0x1a7 0x200002 0x143b 0x0 0x0 0x0 0x0 0x0 0x0 0x9 0x3 0x0 0x0 0x0 oops 0 methods 0
ciMethodData java/util/zip/ZipUtils SH ([BI)I 2 731887 orig 80 0 0 0 0 0 0 0 0 0 0 0 0 223 1 0 0 0 0 0 0 0 0 0 0 0 0 0 0 0 0 0 0 0 0 0 0 0 0 0 0 0 0 0 0 0 0 0 0 0 0 0 0 0 0 0 0 0 0 0 0 0 0 0 0 0 0 0 0 0 0 0 0 0 0 0 0 0 0 0 0 data 8 0x0 0x0 0x0 0x0 0x9 0x2 0x0 0x0 oops 0 methods 0
ciMethodData java/lang/System$2 newStringUTF8NoRepl ([BII)Ljava/lang/String; 2 14288 orig 80 0 0 0 0 0 0 0 0 0 0 0 0 223 1 0 0 0 0 0 0 0 0 0 0 0 0 0 0 0 0 0 0 0 0 0 0 0 0 0 0 0 0 0 0 0 0 0 0 0 0 0 0 0 0 0 0 0 0 0 0 0 0 0 0 0 0 0 0 0 0 0 0 0 0 0 0 0 0 0 0 data 14 0x30002 0x37d0 0x0 0x0 0x0 0x0 0x0 0x0 0x9 0x4 0x0 0x0 0x0 0x0 oops 0 methods 0
ciMethodData java/lang/String newStringUTF8NoRepl ([BII)Ljava/lang/String; 2 12112 orig 80 0 0 0 0 0 0 0 0 0 0 0 0 0 0 0 0 0 0 0 0 0 0 0 0 0 0 0 0 0 0 0 0 0 0 0 0 0 0 0 0 0 0 0 0 0 0 0 0 0 0 0 0 0 0 0 0 0 0 0 0 0 0 0 0 0 0 0 0 0 0 0 0 0 0 0 0 0 0 0 0 data 107 0x40002 0x2f50 0x80007 0x2f50 0x20 0x0 0x110007 0x0 0x70 0x2f50 0x170002 0x2f50 0x1a0007 0x1 0x40 0x2f4f 0x260002 0x2f4f 0x2a0002 0x2f4f 0x3b0007 0x0 0x188 0x1 0x450007 0x0 0x108 0xb 0x4f0007 0x1 0x38 0xa 0x600003 0xa 0xffffffffffffffc0 0x6c0007 0x1 0xb0 0x0 0x730007 0x0 0x90 0x0 0x7f0002 0x0 0x820007 0x0 0x48 0x0 0x900002 0x0 0x980003 0x0 0xffffffffffffff28 0x9b0003 0x0 0x18 0xa00007 0x1 0x60 0x0 0xa80007 0x0 0x30 0x0 0xaf0002 0x0 0xbb0002 0x0 0xc10007 0x0 0x40 0x1 0xc60007 0x1 0x48 0x0 0xca0002 0x0 0xcf0003 0x0 0x38 0xd30002 0x1 0xe00002 0x1 0xef0002 0x1 0xf70007 0x0 0x30 0x1 0x1000002 0x1 0x10c0002 0x1 0x0 0x0 0x0 0x0 0x0 0x0 0x9 0x3 0x0 0x0 0x0 oops 0 methods 0
ciMethodData java/util/zip/ZipCoder hash (Ljava/lang/String;)I 2 3427 orig 80 0 0 0 0 0 0 0 0 0 0 0 0 0 0 0 0 0 0 0 0 0 0 0 0 0 0 0 0 0 0 0 0 0 0 0 0 0 0 0 0 0 0 0 0 0 0 0 0 0 0 0 0 0 0 0 0 0 0 0 0 0 0 0 0 0 0 0 0 0 0 0 0 0 0 0 0 0 0 0 0 data 38 0x10005 0xd63 0x0 0x0 0x0 0x0 0x0 0x60005 0xd63 0x0 0x0 0x0 0x0 0x0 0xb0007 0x0 0x78 0xd63 0x120005 0xd63 0x0 0x0 0x0 0x0 0x0 0x170007 0x0 0x20 0xd63 0x0 0x0 0x0 0x0 0x0 0x0 0x9 0x1 0xe oops 0 methods 0
ciMethodData java/lang/StringLatin1 newString ([BII)Ljava/lang/String; 2 7372 orig 80 0 0 0 0 0 0 0 0 0 0 0 0 0 0 0 0 0 0 0 0 0 0 0 0 0 0 0 0 0 0 0 0 0 0 0 0 0 0 0 0 0 0 0 0 0 0 0 0 0 0 0 0 0 0 0 0 0 0 0 0 0 0 0 0 0 0 0 0 0 0 0 0 0 0 0 0 0 0 0 0 data 19 0x10007 0x1c45 0x20 0x2 0x100002 0x1c45 0x140002 0x1c45 0x0 0x0 0x0 0x0 0x0 0x0 0x9 0x3 0x0 0x0 0x0 oops 0 methods 0
ciMethodData java/util/zip/ZipUtils CENNAM ([BI)I 2 81945 orig 80 0 0 0 0 0 0 0 0 0 0 0 0 0 0 0 0 0 0 0 0 0 0 0 0 0 0 0 0 0 0 0 0 0 0 0 0 0 0 0 0 0 0 0 0 0 0 0 0 0 0 0 0 0 0 0 0 0 0 0 0 0 0 0 0 0 0 0 0 0 0 0 0 0 0 0 0 0 0 0 0 data 12 0x50002 0x13d30 0x0 0x0 0x0 0x0 0x0 0x0 0x9 0x2 0x0 0x0 oops 0 methods 0
ciMethodData java/util/zip/ZipFile$Source zipCoderForPos (I)Ljava/util/zip/ZipCoder; 2 28581 orig 80 0 0 0 0 0 0 0 0 0 0 0 0 0 0 0 0 0 0 0 0 0 0 0 0 0 0 0 0 0 0 0 0 0 0 0 0 0 0 0 0 0 0 0 0 0 0 0 0 0 0 0 0 0 0 0 0 0 0 0 0 0 0 0 0 0 0 0 0 0 0 0 0 0 0 0 0 0 0 0 0 data 27 0x40005 0x0 0x0 0x1df60d31500 0x6c79 0x0 0x0 0x70007 0x0 0x20 0x6c79 0x140002 0x0 0x1b0007 0x0 0x20 0x0 0x0 0x0 0x0 0x0 0x0 0x0 0x9 0x2 0x0 0x0 oops 1 3 java/util/zip/ZipCoder$UTF8ZipCoder methods 0
ciMethodData java/lang/String <init> ([BB)V 2 25657 orig 80 0 0 0 0 0 0 0 0 0 0 0 0 223 1 0 0 0 0 0 0 0 0 0 0 0 0 0 0 0 0 0 0 0 0 0 0 0 0 0 0 0 0 0 0 0 0 0 0 0 0 0 0 0 0 0 0 0 0 0 0 0 0 0 0 0 0 0 0 0 0 0 0 0 0 0 0 0 0 0 0 data 11 0x10002 0x6339 0x0 0x0 0x0 0x0 0x9 0x3 0xc 0x0 0x0 oops 0 methods 0
ciMethodData java/lang/String isEmpty ()Z 2 57077 orig 80 0 0 0 0 0 0 0 0 0 0 0 0 223 1 0 0 0 0 0 0 0 0 0 0 0 0 0 0 0 0 0 0 0 0 0 0 0 0 0 0 0 0 0 0 0 0 0 0 0 0 0 0 0 0 0 0 0 0 0 0 0 0 0 0 0 0 0 0 0 0 0 0 0 0 0 0 0 0 0 0 data 14 0x50007 0xc94c 0x38 0x1429 0x90003 0x1429 0x18 0x0 0x0 0x0 0x0 0x9 0x1 0x0 oops 0 methods 0
ciMethodData java/lang/StringLatin1 lastIndexOf ([BII)I 2 40390 orig 80 1 0 0 0 0 0 0 0 0 0 0 0 223 1 0 0 0 0 0 0 0 0 0 0 0 0 0 0 0 0 0 0 0 0 1 0 0 0 0 0 0 0 0 0 0 0 0 0 0 0 0 0 0 0 0 0 0 0 0 0 0 0 0 0 0 0 0 0 0 0 0 0 0 0 0 0 0 0 0 0 data 30 0x10002 0x301 0x40007 0x301 0x20 0x0 0xe0002 0x301 0x130007 0x8d 0x58 0x881d 0x1b0007 0x85a8 0x20 0x275 0x230003 0x85a8 0xffffffffffffffc0 0x0 0x0 0x0 0x0 0x0 0x0 0x9 0x3 0x0 0x0 0x0 oops 0 methods 0
ciMethodData java/util/Arrays copyOfRange ([BII)[B 2 7462 orig 80 0 0 0 0 0 0 0 0 0 0 0 0 223 1 0 0 0 0 0 0 0 0 0 0 0 0 0 0 0 0 0 0 0 0 0 0 0 0 0 0 0 0 0 0 0 0 0 0 0 0 0 0 0 0 0 0 0 0 0 0 0 0 0 0 0 0 0 0 0 0 0 0 0 0 0 0 0 0 0 0 data 51 0x50007 0x1c25 0x120 0x0 0x100002 0x0 0x140005 0x0 0x0 0x0 0x0 0x0 0x0 0x1a0005 0x0 0x0 0x0 0x0 0x0 0x0 0x1e0005 0x0 0x0 0x0 0x0 0x0 0x0 0x210005 0x0 0x0 0x0 0x0 0x0 0x0 0x240002 0x0 0x370002 0x1c25 0x3a0002 0x1c25 0x0 0x0 0x0 0x0 0x0 0x0 0x9 0x3 0xffffffffffffffff 0x0 0x0 oops 0 methods 0
ciMethodData java/lang/String indexOf (I)I 2 24092 orig 80 0 0 0 0 0 0 0 0 0 0 0 0 223 1 0 0 0 0 0 0 0 0 0 0 0 0 0 0 0 0 0 0 0 0 0 0 0 0 0 0 0 0 0 0 0 0 0 0 0 0 0 0 0 0 0 0 0 0 0 0 0 0 0 0 0 0 0 0 0 0 0 0 0 0 0 0 0 0 0 0 data 17 0x30005 0x5c9c 0x0 0x0 0x0 0x0 0x0 0x0 0x0 0x0 0x0 0x0 0x0 0x9 0x2 0xffffffffffffffff 0x0 oops 0 methods 0
ciMethod java/lang/IllegalStateException <init> (Ljava/lang/String;)V 0 0 1 0 -1
ciMethod java/lang/AssertionError <init> ()V 0 0 1 0 -1
ciMethodData java/util/concurrent/ConcurrentHashMap get (Ljava/lang/Object;)Ljava/lang/Object; 2 5502 orig 80 0 0 0 0 0 0 0 0 0 0 0 0 223 1 0 0 0 0 0 0 0 0 0 2 0 0 0 0 0 0 0 0 0 0 0 0 0 0 0 0 0 0 0 0 0 0 0 0 0 0 0 0 0 0 0 0 0 0 0 0 0 0 0 0 0 0 0 0 0 0 0 0 0 0 0 0 0 0 0 0 data 101 0x10005 0x331 0x0 0x1df6001b450 0x1090 0x1df6045d800 0xbd 0x40002 0x147e 0xf0007 0x21 0x290 0x145d 0x170007 0x0 0x270 0x145d 0x220002 0x145d 0x270007 0x5de 0x240 0xe7f 0x330007 0x40c 0xb8 0xa73 0x3e0007 0x318 0x98 0x75b 0x430007 0x0 0x108 0x75b 0x490005 0xb9 0x0 0x1df6001b450 0x545 0x1df6001d980 0x15d 0x4c0007 0x0 0xb0 0x75b 0x560007 0x40c 0x90 0x0 0x5d0005 0x0 0x0 0x0 0x0 0x0 0x0 0x630007 0x0 0x38 0x0 0x6b0003 0x0 0x18 0x760007 0x250 0xd8 0x235 0x7f0007 0x79 0xffffffffffffffe0 0x1bc 0x8a0007 0xb8 0x98 0x104 0x8f0007 0x0 0xffffffffffffffa0 0x104 0x700950005 0x2 0x0 0x1df6001b450 0xef 0x1df6001d980 0x15 0x980007 0x0 0xffffffffffffff48 0x106 0x0 0x0 0x0 0x0 0x0 0x0 0x9 0x2 0x0 0x0 oops 6 3 java/lang/String 5 jdk/internal/module/ModuleReferenceImpl 38 java/lang/String 40 java/lang/invoke/MethodType 83 java/lang/String 85 java/lang/invoke/MethodType methods 0
ciMethodData java/lang/String lastIndexOf (II)I 2 47805 orig 80 0 0 0 0 0 0 0 0 0 0 0 0 223 1 0 0 0 0 0 0 0 0 0 0 0 0 0 0 0 0 0 0 0 0 0 0 0 0 0 0 0 0 0 0 0 0 0 0 0 0 0 0 0 0 0 0 0 0 0 0 0 0 0 0 0 0 0 0 0 0 0 0 0 0 0 0 0 0 0 0 data 29 0x10005 0xb9ba 0x0 0x0 0x0 0x0 0x0 0x40007 0x0 0x48 0xb9ba 0xd0002 0xb9ba 0x100003 0xb9ba 0x28 0x190002 0x0 0x0 0x0 0x0 0x0 0x0 0x0 0x9 0x3 0x0 0x0 0x0 oops 0 methods 0
ciMethodData java/lang/ref/Reference reachabilityFence (Ljava/lang/Object;)V 2 17757 orig 80 0 0 0 0 0 0 0 0 0 0 0 0 223 1 0 0 0 0 0 0 0 0 0 0 0 0 0 0 0 0 0 0 0 0 0 0 0 0 0 0 0 0 0 0 0 0 0 0 0 0 0 0 0 0 0 0 0 0 0 0 0 0 0 0 0 0 0 0 0 0 0 0 0 0 0 0 0 0 0 0 data 4 0x0 0x9 0x1 0x0 oops 0 methods 0
ciMethodData java/lang/System getSecurityManager ()Ljava/lang/SecurityManager; 2 9609 orig 80 0 0 0 0 0 0 0 0 0 0 0 0 223 1 0 0 0 0 0 0 0 0 0 0 0 0 0 0 0 0 0 0 0 0 0 0 0 0 0 0 0 0 0 0 0 0 0 0 0 0 0 0 0 0 0 0 0 0 0 0 0 0 0 0 0 0 0 0 0 0 0 0 0 0 0 0 0 0 0 0 data 14 0x2 0x2482 0x30007 0x0 0x20 0x2482 0x0 0x0 0x0 0x0 0x0 0x0 0x9 0x0 oops 0 methods 0
ciMethodData java/lang/System allowSecurityManager ()Z 2 9609 orig 80 0 0 0 0 0 0 0 0 0 0 0 0 0 0 0 0 0 0 0 0 0 0 0 0 0 0 0 0 0 0 0 0 0 0 0 0 0 0 0 0 0 0 0 0 0 0 0 0 0 0 0 0 0 0 0 0 0 0 0 0 0 0 0 0 0 0 0 0 0 0 0 0 0 0 0 0 0 0 0 0 data 11 0x40007 0x0 0x38 0x2482 0x80003 0x2482 0x18 0x0 0x0 0x9 0x0 oops 0 methods 0
ciMethodData java/lang/String toString ()Ljava/lang/String; 2 35710 orig 80 0 0 0 0 0 0 0 0 0 0 0 0 223 1 0 0 0 0 0 0 0 0 0 0 0 0 0 0 0 0 0 0 0 0 0 0 0 0 0 0 0 0 0 0 0 0 0 0 0 0 0 0 0 0 0 0 0 0 0 0 0 0 0 0 0 0 0 0 0 0 0 0 0 0 0 0 0 0 0 0 data 5 0x0 0x0 0x9 0x1 0x0 oops 0 methods 0
ciMethodData java/lang/StringConcatHelper stringOf (Ljava/lang/Object;)Ljava/lang/String; 2 10460 orig 80 0 0 0 0 0 0 0 0 0 0 0 0 223 1 0 0 0 0 0 0 0 0 0 0 0 0 0 0 0 0 0 0 0 0 0 0 0 0 0 0 0 0 0 0 0 0 0 0 0 0 0 0 0 0 0 0 0 0 0 0 0 0 0 0 0 0 0 0 0 0 0 0 0 0 0 0 0 0 0 0 data 27 0x10007 0x0 0x78 0x27d6 0x50005 0x26a0 0x0 0x1df6001b450 0x136 0x0 0x0 0xa0007 0x27d6 0x38 0x0 0xf0003 0x0 0x18 0x0 0x0 0x0 0x0 0x0 0x0 0x9 0x1 0x0 oops 1 7 java/lang/String methods 0
ciMethodData java/lang/String substring (II)Ljava/lang/String; 2 5493 orig 80 0 0 0 0 0 0 0 0 0 0 0 0 223 1 0 0 0 0 0 0 0 0 0 0 0 0 0 0 0 0 0 0 0 0 0 0 0 0 0 0 0 0 0 0 0 0 0 0 0 0 0 0 0 0 0 0 0 0 0 0 0 0 0 0 0 0 0 0 0 0 0 0 0 0 0 0 0 0 0 0 data 46 0x10005 0x1472 0x0 0x0 0x0 0x0 0x0 0x80002 0x1472 0xc0007 0x3a5 0x40 0x10cd 0x110007 0xdf1 0x20 0x2dc 0x1c0005 0x1196 0x0 0x0 0x0 0x0 0x0 0x1f0007 0x0 0x48 0x1196 0x290002 0x1196 0x2c0003 0x1196 0x28 0x360002 0x0 0x0 0x0 0x0 0x0 0x0 0x0 0x9 0x3 0x0 0x0 0x0 oops 0 methods 0
ciMethodData java/lang/String checkBoundsBeginEnd (III)V 2 5403 orig 80 0 0 0 0 0 0 0 0 0 0 0 0 0 0 0 0 0 0 0 0 0 0 0 0 0 0 0 0 0 0 0 0 0 0 0 0 0 0 0 0 0 0 0 0 0 0 0 0 0 0 0 0 0 0 0 0 0 0 0 0 0 0 0 0 0 0 0 0 0 0 0 0 0 0 0 0 0 0 0 0 data 76 0x10007 0x0 0x60 0x140e 0x60007 0x0 0x40 0x140e 0xb0007 0x140e 0x1c8 0x0 0x160002 0x0 0x1c0005 0x0 0x0 0x0 0x0 0x0 0x0 0x200005 0x0 0x0 0x0 0x0 0x0 0x0 0x260005 0x0 0x0 0x0 0x0 0x0 0x0 0x2a0005 0x0 0x0 0x0 0x0 0x0 0x0 0x300005 0x0 0x0 0x0 0x0 0x0 0x0 0x340005 0x0 0x0 0x0 0x0 0x0 0x0 0x370005 0x0 0x0 0x0 0x0 0x0 0x0 0x3a0002 0x0 0x0 0x0 0x0 0x0 0x0 0x0 0x9 0x3 0x0 0x0 0x0 oops 0 methods 0
ciMethodData java/util/Objects requireNonNull (Ljava/lang/Object;Ljava/lang/String;)Ljava/lang/Object; 2 38602 orig 80 0 0 0 0 0 0 0 0 0 0 0 0 223 1 0 0 0 0 0 0 0 0 0 0 0 0 0 0 0 0 0 0 0 0 0 0 0 0 0 0 0 0 0 0 0 0 0 0 0 0 0 0 0 0 0 0 0 0 0 0 0 0 0 0 0 0 0 0 0 0 0 0 0 0 0 0 0 0 0 0 data 16 0x10007 0x9547 0x30 0x0 0x90002 0x0 0x0 0x0 0x0 0x0 0x0 0x0 0x9 0x2 0x0 0xffffffffffffffff oops 0 methods 0
ciMethodData java/lang/StringConcatHelper newArray (J)[B 2 6021 orig 80 0 0 0 0 0 0 0 0 0 0 0 0 223 1 0 0 0 0 0 0 0 0 0 0 0 0 0 0 0 0 0 0 0 0 0 0 0 0 0 0 0 0 0 0 0 0 0 0 0 0 0 0 0 0 0 0 0 0 0 0 0 0 0 0 0 0 0 0 0 0 0 0 0 0 0 0 0 0 0 0 data 30 0xd0007 0x1684 0x30 0x0 0x160002 0x0 0x210005 0x1684 0x0 0x0 0x0 0x0 0x0 0x240004 0x0 0x0 0x1df6002bf60 0x1684 0x0 0x0 0x0 0x0 0x0 0x0 0x0 0x0 0x9 0x2 0x0 0x0 oops 1 16 [B methods 0
ciMethodData jdk/internal/misc/Unsafe allocateUninitializedArray (Ljava/lang/Class;I)Ljava/lang/Object; 2 5532 orig 80 1 0 0 0 0 0 0 0 0 0 0 0 0 0 0 0 0 0 0 0 4 0 0 0 0 0 0 0 0 0 0 0 0 0 0 0 0 0 0 0 0 0 0 0 0 0 0 0 0 0 0 0 0 0 0 0 0 0 0 0 0 0 0 0 0 0 0 0 0 0 0 0 0 0 0 0 0 0 0 0 data 43 0x10007 0x1499 0x30 0x0 0xb0002 0x0 0x100005 0x1499 0x0 0x0 0x0 0x0 0x0 0x130007 0x1499 0x30 0x0 0x1d0002 0x0 0x220007 0x1499 0x30 0x0 0x2c0002 0x0 0x8000000400330005 0x149d 0x0 0x0 0x0 0x0 0x0 0x0 0x0 0x0 0x0 0x0 0x0 0x9 0x3 0x0 0xffffffffffffffff 0x0 oops 0 methods 0
ciMethodData java/lang/StringLatin1 replace ([BCC)Ljava/lang/String; 2 31161 orig 80 0 0 0 0 0 0 0 0 0 0 0 0 223 1 0 0 0 0 0 0 0 0 0 0 0 0 0 0 0 0 0 0 0 0 0 0 0 0 0 0 0 0 0 0 0 0 0 0 0 0 0 0 0 0 0 0 0 0 0 0 0 0 0 0 0 0 0 0 0 0 0 0 0 0 0 0 0 0 0 0 data 85 0x10002 0x2a4 0x40007 0x0 0x240 0x2a4 0x130007 0x9 0x58 0xdc7 0x1c0007 0xb2c 0xffffffffffffffe0 0x29b 0x1f0003 0x29b 0x18 0x250007 0x9 0x1c8 0x29b 0x290002 0x29b 0x2c0007 0x0 0xe8 0x29b 0x310002 0x29b 0x3d0007 0x29b 0x38 0xaf6 0x4c0003 0xaf6 0xffffffffffffffe0 0x520007 0x29b 0x70 0x4f88 0x630007 0x4672 0x38 0x916 0x680003 0x916 0x18 0x710003 0x4f88 0xffffffffffffffa8 0x7b0002 0x29b 0x800002 0x0 0x8c0002 0x0 0x920007 0x0 0x80 0x0 0xa70007 0x0 0x38 0x0 0xab0003 0x0 0x18 0xb00002 0x0 0xb60003 0x0 0xffffffffffffff98 0xc00002 0x0 0x0 0x0 0x0 0x0 0x0 0x0 0x9 0x3 0x0 0x0 0x0 oops 0 methods 0
ciMethodData java/lang/String lastIndexOf (I)I 2 45231 orig 80 0 0 0 0 0 0 0 0 0 0 0 0 223 1 0 0 0 0 0 0 0 0 0 0 0 0 0 0 0 0 0 0 0 0 0 0 0 0 0 0 0 0 0 0 0 0 0 0 0 0 0 0 0 0 0 0 0 0 0 0 0 0 0 0 0 0 0 0 0 0 0 0 0 0 0 0 0 0 0 0 data 24 0x30005 0xaf1b 0x0 0x0 0x0 0x0 0x0 0x80005 0xaf1b 0x0 0x0 0x0 0x0 0x0 0x0 0x0 0x0 0x0 0x0 0x0 0x9 0x2 0x0 0x0 oops 0 methods 0
ciMethodData java/lang/String startsWith (Ljava/lang/String;)Z 2 17781 orig 80 0 0 0 0 0 0 0 0 0 0 0 0 223 1 0 0 0 0 0 0 0 0 0 0 0 0 0 0 0 0 0 0 0 0 0 0 0 0 0 0 0 0 0 0 0 0 0 0 0 0 0 0 0 0 0 0 0 0 0 0 0 0 0 0 0 0 0 0 0 0 0 0 0 0 0 0 0 0 0 0 data 17 0x30005 0x446f 0x0 0x0 0x0 0x0 0x0 0x0 0x0 0x0 0x0 0x0 0x0 0x9 0x2 0x0 0x0 oops 0 methods 0
ciMethodData java/lang/String startsWith (Ljava/lang/String;I)Z 2 22635 orig 80 1 0 0 0 0 0 0 0 0 0 0 0 0 0 0 0 0 0 0 0 0 0 0 0 0 0 0 0 0 0 0 0 0 0 0 0 0 0 0 1 0 0 0 0 0 0 0 0 0 0 0 0 0 0 0 0 0 0 0 0 0 0 0 0 0 0 0 0 0 0 0 0 0 0 0 0 0 0 0 0 data 83 0x8000000600010007 0x10 0xb0 0x3610 0x60005 0x3610 0x0 0x0 0x0 0x0 0x0 0xa0005 0x3610 0x0 0x0 0x0 0x0 0x0 0xe0007 0x3473 0x20 0x19d 0x270005 0x3473 0x0 0x0 0x0 0x0 0x0 0x2f0005 0x3473 0x0 0x0 0x0 0x0 0x0 0x320007 0x0 0xb0 0x3473 0x370007 0x0 0x38 0x3473 0x3b0003 0x3473 0x18 0x470007 0x43c 0x40 0x8342 0x590007 0x530b 0xffffffffffffffe0 0x3037 0x5e0003 0x43c 0x88 0x630007 0x0 0x20 0x0 0x6c0007 0x0 0x50 0x0 0x740002 0x0 0x830007 0x0 0xffffffffffffffd0 0x0 0x0 0x0 0x0 0x0 0x0 0x0 0x9 0x3 0x0 0x0 0x0 oops 0 methods 0
ciMethodData java/lang/ClassLoader checkName (Ljava/lang/String;)Z 2 5395 orig 80 0 0 0 0 0 0 0 0 0 0 0 0 223 1 0 0 0 0 0 0 0 0 0 0 0 0 0 0 0 0 0 0 0 0 0 0 0 0 0 0 0 0 0 0 0 0 0 0 0 0 0 0 0 0 0 0 0 0 0 0 0 0 0 0 0 0 0 0 0 0 0 0 0 0 0 0 0 0 0 0 data 46 0x10007 0x0 0x78 0x140e 0x50005 0x140e 0x0 0x0 0x0 0x0 0x0 0x80007 0x140e 0x20 0x0 0x100005 0x140e 0x0 0x0 0x0 0x0 0x0 0x140007 0x0 0x78 0x140e 0x190005 0x140e 0x0 0x0 0x0 0x0 0x0 0x1e0007 0x140e 0x20 0x0 0x0 0x0 0x0 0x0 0x0 0x0 0x9 0x1 0xffffffffffffffff oops 0 methods 0
ciMethodData java/lang/StringConcatHelper mix (JLjava/lang/String;)J 2 10458 orig 80 0 0 0 0 0 0 0 0 0 0 0 0 223 1 0 0 0 0 0 0 0 0 0 0 0 0 0 0 0 0 0 0 0 0 0 0 0 0 0 0 0 0 0 0 0 0 0 0 0 0 0 0 0 0 0 0 0 0 0 0 0 0 0 0 0 0 0 0 0 0 0 0 0 0 0 0 0 0 0 0 data 31 0x20005 0x2758 0x0 0x0 0x0 0x0 0x0 0x90005 0x2758 0x0 0x0 0x0 0x0 0x0 0xd0007 0x2758 0x20 0x0 0x170002 0x2758 0x0 0x0 0x0 0x0 0x0 0x0 0x9 0x3 0x0 0x0 0x0 oops 0 methods 0
ciMethodData java/lang/StringConcatHelper checkOverflow (J)J 2 10458 orig 80 0 0 0 0 0 0 0 0 0 0 0 0 0 0 0 0 0 0 0 0 0 0 0 0 0 0 0 0 0 0 0 0 0 0 0 0 0 0 0 0 0 0 0 0 0 0 0 0 0 0 0 0 0 0 0 0 0 0 0 0 0 0 0 0 0 0 0 0 0 0 0 0 0 0 0 0 0 0 0 0 data 14 0x20007 0x0 0x20 0x2758 0xd0002 0x0 0x0 0x0 0x0 0x0 0x9 0x2 0x0 0x0 oops 0 methods 0
ciMethodData java/lang/StringConcatHelper prepend (J[BLjava/lang/String;)J 2 5530 orig 80 0 0 0 0 0 0 0 0 0 0 0 0 223 1 0 0 0 0 0 0 0 0 0 0 0 0 0 0 0 0 0 0 0 0 0 0 0 0 0 0 0 0 0 0 0 0 0 0 0 0 0 0 0 0 0 0 0 0 0 0 0 0 0 0 0 0 0 0 0 0 0 0 0 0 0 0 0 0 0 0 data 40 0x20005 0x1418 0x0 0x0 0x0 0x0 0x0 0xd0007 0x0 0x70 0x1418 0x150005 0x1418 0x0 0x0 0x0 0x0 0x0 0x180003 0x1418 0x50 0x200005 0x0 0x0 0x0 0x0 0x0 0x0 0x0 0x0 0x0 0x0 0x0 0x0 0x9 0x4 0x0 0x0 0x0 0x0 oops 0 methods 0
ciMethodData java/lang/String getBytes ([BIB)V 2 5521 orig 80 0 0 0 0 0 0 0 0 0 0 0 0 0 0 0 0 0 0 0 0 0 0 0 0 0 0 0 0 0 0 0 0 0 0 0 0 0 0 0 0 0 0 0 0 0 0 0 0 0 0 0 0 0 0 0 0 0 0 0 0 0 0 0 0 0 0 0 0 0 0 0 0 0 0 0 0 0 0 0 0 data 30 0x10005 0x140f 0x0 0x0 0x0 0x0 0x0 0x50007 0x0 0x48 0x140f 0x160002 0x140f 0x190003 0x140f 0x28 0x280002 0x0 0x0 0x0 0x0 0x0 0x0 0x0 0x9 0x4 0x0 0x0 0x0 0x0 oops 0 methods 0
ciMethodData java/util/zip/ZipFile ensureOpen ()V 2 5408 orig 80 0 0 0 0 0 0 0 0 0 0 0 0 223 1 0 0 0 0 0 0 0 0 0 0 0 0 0 0 0 0 0 0 0 0 0 0 0 0 0 0 0 0 0 0 0 0 0 0 0 0 0 0 0 0 0 0 0 0 0 0 0 0 0 0 0 0 0 0 0 0 0 0 0 0 0 0 0 0 0 0 data 21 0x40007 0x1420 0x30 0x0 0xe0002 0x0 0x190007 0x1420 0x30 0x0 0x230002 0x0 0x0 0x0 0x0 0x0 0x0 0x0 0x9 0x1 0x0 oops 0 methods 0
ciMethodData java/util/zip/ZipFile$Source getEntryNext (I)I 2 4965 orig 80 0 0 0 0 0 0 0 0 0 0 0 0 223 1 0 0 0 0 0 0 0 0 0 0 0 0 0 0 0 0 0 0 0 0 0 0 0 0 0 0 0 0 0 0 0 0 0 0 0 0 0 0 0 0 0 0 0 0 0 0 0 0 0 0 0 0 0 0 0 0 0 0 0 0 0 0 0 0 0 0 data 8 0x0 0x0 0x0 0x0 0x9 0x2 0x0 0x0 oops 0 methods 0
ciMethodData java/util/zip/ZipFile$Source getEntryHash (I)I 2 7565 orig 80 0 0 0 0 0 0 0 0 0 0 0 0 223 1 0 0 0 0 0 0 0 0 0 0 0 0 0 0 0 0 0 0 0 0 0 0 0 0 0 0 0 0 0 0 0 0 0 0 0 0 0 0 0 0 0 0 0 0 0 0 0 0 0 0 0 0 0 0 0 0 0 0 0 0 0 0 0 0 0 0 data 8 0x0 0x0 0x0 0x0 0x9 0x2 0x0 0x0 oops 0 methods 0
ciMethodData java/lang/String regionMatches (ZILjava/lang/String;II)Z 2 5432 orig 80 0 0 0 0 0 0 0 0 0 0 0 0 223 1 0 0 0 0 0 0 0 0 0 0 0 0 0 0 0 0 0 0 0 0 0 0 0 0 0 0 0 0 0 0 0 0 0 0 0 0 0 0 0 0 0 0 0 0 0 0 0 0 0 0 0 0 0 0 0 0 0 0 0 0 0 0 0 0 0 0 data 95 0x10007 0x1438 0x58 0x0 0xb0005 0x0 0x0 0x0 0x0 0x0 0x0 0x110007 0x0 0xf0 0x1438 0x150007 0x0 0xd0 0x1438 0x1b0005 0x1438 0x0 0x0 0x0 0x0 0x0 0x240007 0x0 0x78 0x1438 0x2b0005 0x1438 0x0 0x0 0x0 0x0 0x0 0x340007 0x1438 0x20 0x0 0x460005 0x1438 0x0 0x0 0x0 0x0 0x0 0x4e0005 0x1438 0x0 0x0 0x0 0x0 0x0 0x510007 0x0 0x78 0x1438 0x560007 0x0 0x48 0x1438 0x620002 0x1438 0x650003 0x1438 0x28 0x710002 0x0 0x770007 0x0 0x48 0x0 0x830002 0x0 0x860003 0x0 0x28 0x920002 0x0 0x0 0x0 0x0 0x0 0x0 0x0 0x9 0x6 0xffffffffffffffff 0x0 0x0 0xffffffffffffffff 0x0 0x0 oops 0 methods 0
ciMethodData java/lang/String regionMatches (ILjava/lang/String;II)Z 1 4 orig 80 0 0 0 0 0 0 0 0 0 0 0 0 0 0 0 0 0 0 0 0 0 0 0 0 0 0 0 0 0 0 0 0 0 0 0 0 0 0 0 0 0 0 0 0 0 0 0 0 0 0 0 0 0 0 0 0 0 0 0 0 0 0 0 0 0 0 0 0 0 0 0 0 0 0 0 0 0 0 0 0 data 112 0xd0007 0x0 0xf0 0x4 0x110007 0x0 0xd0 0x4 0x170005 0x4 0x0 0x0 0x0 0x0 0x0 0x200007 0x0 0x78 0x4 0x260005 0x4 0x0 0x0 0x0 0x0 0x0 0x2f0007 0x4 0x20 0x0 0x350005 0x4 0x0 0x0 0x0 0x0 0x0 0x3d0005 0x4 0x0 0x0 0x0 0x0 0x0 0x400007 0x0 0xd8 0x4 0x440005 0x4 0x0 0x0 0x0 0x0 0x0 0x470007 0x4 0x40 0x0 0x4c0007 0x0 0x20 0x0 0x620007 0x0 0x120 0x4 0x730007 0x0 0xffffffffffffffe0 0x4 0x7a0007 0x0 0x80 0x0 0x820007 0x0 0xc0 0x0 0x8b0002 0x0 0x940002 0x0 0x970007 0x0 0xffffffffffffffc0 0x0 0xa10007 0x0 0x60 0x0 0xaa0002 0x0 0xb30002 0x0 0xb60007 0x0 0xffffffffffffffc0 0x0 0x0 0x0 0x0 0x0 0x0 0x0 0x9 0x5 0x0 0x0 0x0 0x0 0x0 oops 0 methods 0
ciMethodData java/lang/StringConcatHelper initialCoder ()J 2 5230 orig 80 0 0 0 0 0 0 0 0 0 0 0 0 223 1 0 0 0 0 0 0 0 0 0 0 0 0 0 0 0 0 0 0 0 0 0 0 0 0 0 0 0 0 0 0 0 0 0 0 0 0 0 0 0 0 0 0 0 0 0 0 0 0 0 0 0 0 0 0 0 0 0 0 0 0 0 0 0 0 0 0 data 12 0x30007 0x0 0x38 0x136e 0x70003 0x136e 0x18 0x0 0x0 0x0 0x9 0x0 oops 0 methods 0
ciMethodData java/lang/String concat (Ljava/lang/String;)Ljava/lang/String; 2 5203 orig 80 0 0 0 0 0 0 0 0 0 0 0 0 223 1 0 0 0 0 0 0 0 0 0 0 0 0 0 0 0 0 0 0 0 0 0 0 0 0 0 0 0 0 0 0 0 0 0 0 0 0 0 0 0 0 0 0 0 0 0 0 0 0 0 0 0 0 0 0 0 0 0 0 0 0 0 0 0 0 0 0 data 23 0x10005 0x1353 0x0 0x0 0x0 0x0 0x0 0x40007 0x1353 0x20 0x0 0xb0002 0x1353 0x0 0x0 0x0 0x0 0x0 0x0 0x9 0x2 0x0 0x0 oops 0 methods 0
ciMethodData java/lang/StringConcatHelper simpleConcat (Ljava/lang/Object;Ljava/lang/Object;)Ljava/lang/String; 2 5230 orig 80 0 0 0 0 0 0 0 0 0 0 0 0 0 0 0 0 0 0 0 0 0 0 0 0 0 0 0 0 0 0 0 0 0 0 0 0 0 0 0 0 0 0 0 0 0 0 0 0 0 0 0 0 0 0 0 0 0 0 0 0 0 0 0 0 0 0 0 0 0 0 0 0 0 0 0 0 0 0 0 0 data 54 0x10002 0x136d 0x60002 0x136d 0xb0005 0x136d 0x0 0x0 0x0 0x0 0x0 0xe0007 0x136a 0x30 0x3 0x160002 0x3 0x1b0005 0x136a 0x0 0x0 0x0 0x0 0x0 0x1e0007 0x136a 0x30 0x0 0x260002 0x0 0x2a0002 0x136a 0x2e0002 0x136a 0x360002 0x136a 0x3d0002 0x136a 0x470002 0x136a 0x510002 0x136a 0x5a0002 0x136a 0x0 0x0 0x0 0x0 0x0 0x0 0x9 0x2 0x0 0x0 oops 0 methods 0
ciMethodData java/lang/String <init> (Ljava/lang/String;)V 1 4 orig 80 0 0 0 0 0 0 0 0 0 0 0 0 0 0 0 0 0 0 0 0 0 0 0 0 0 0 0 0 0 0 0 0 0 0 0 0 0 0 0 0 0 0 0 0 0 0 0 0 0 0 0 0 0 0 0 0 0 0 0 0 0 0 0 0 0 0 0 0 0 0 0 0 0 0 0 0 0 0 0 0 data 10 0x10002 0x4 0x0 0x0 0x0 0x0 0x9 0x2 0xe 0x0 oops 0 methods 0
ciMethodData java/lang/StringConcatHelper newString ([BJ)Ljava/lang/String; 2 5229 orig 80 0 0 0 0 0 0 0 0 0 0 0 0 0 0 0 0 0 0 0 0 0 0 0 0 0 0 0 0 0 0 0 0 0 0 0 0 0 0 0 0 0 0 0 0 0 0 0 0 0 0 0 0 0 0 0 0 0 0 0 0 0 0 0 0 0 0 0 0 0 0 0 0 0 0 0 0 0 0 0 0 data 55 0x30007 0x0 0x30 0x136a 0xc0002 0x136a 0x150007 0x0 0x30 0x0 0x1e0002 0x0 0x2a0002 0x0 0x2f0005 0x0 0x0 0x0 0x0 0x0 0x0 0x340005 0x0 0x0 0x0 0x0 0x0 0x0 0x390005 0x0 0x0 0x0 0x0 0x0 0x0 0x3c0005 0x0 0x0 0x0 0x0 0x0 0x0 0x3f0002 0x0 0x0 0x0 0x0 0x0 0x0 0x0 0x9 0x3 0x0 0x0 0x0 oops 0 methods 0
ciMethodData java/util/jar/JarFile isMultiRelease ()Z 2 5635 orig 80 0 0 0 0 0 0 0 0 0 0 0 0 223 1 0 0 0 0 0 0 0 0 0 0 0 0 0 0 0 0 0 0 0 0 0 0 0 0 0 0 0 0 0 0 0 0 0 0 0 0 0 0 0 0 0 0 0 0 0 0 0 0 0 0 0 0 0 0 0 0 0 0 0 0 0 0 0 0 0 0 data 27 0x40007 0x1329 0x20 0x1d8 0xc0007 0x0 0x70 0x1329 0x100005 0x1329 0x0 0x0 0x0 0x0 0x0 0x130003 0x1329 0x18 0x0 0x0 0x0 0x0 0x0 0x0 0x9 0x1 0x0 oops 0 methods 0
ciMethodData java/util/jar/JarFile checkForSpecialAttributes ()V 2 5082 orig 80 0 0 0 0 0 0 0 0 0 0 0 0 0 0 0 0 0 0 0 0 0 0 0 0 0 0 0 0 0 0 0 0 0 0 0 0 0 0 0 0 0 0 0 0 0 0 0 0 0 0 0 0 0 0 0 0 0 0 0 0 0 0 0 0 0 0 0 0 0 0 0 0 0 0 0 0 0 0 0 0 data 93 0x40007 0x4 0x20 0x1327 0x100007 0x4 0x20 0x0 0x170005 0x4 0x0 0x0 0x0 0x0 0x0 0x1c0007 0x0 0x1f0 0x4 0x210005 0x4 0x0 0x0 0x0 0x0 0x0 0x310005 0x4 0x0 0x0 0x0 0x0 0x0 0x350007 0x4 0x38 0x0 0x390003 0x0 0x18 0x430007 0x0 0x128 0x4 0x510005 0x4 0x0 0x0 0x0 0x0 0x0 0x590007 0x4 0xd0 0x0 0x670002 0x0 0x770002 0x0 0x7a0002 0x0 0x7f0005 0x0 0x0 0x0 0x0 0x0 0x0 0x880005 0x0 0x0 0x0 0x0 0x0 0x0 0x8b0002 0x0 0x980003 0x4 0x18 0x0 0x0 0x0 0x0 0x0 0x0 0x0 0x0 0x0 0x0 0x9 0x1 0x0 oops 0 methods 0
ciMethodData java/util/jar/Attributes getValue (Ljava/util/jar/Attributes$Name;)Ljava/lang/String; 2 4155 orig 80 0 0 0 0 0 0 0 0 0 0 0 0 223 1 0 0 0 0 0 0 0 0 0 0 0 0 0 0 0 0 0 0 0 0 0 0 0 0 0 0 0 0 0 0 0 0 0 0 0 0 0 0 0 0 0 0 0 0 0 0 0 0 0 0 0 0 0 0 0 0 0 0 0 0 0 0 0 0 0 0 data 24 0x20005 0x0 0x0 0x1df611acfa0 0xf3b 0x0 0x0 0x50104 0x0 0x0 0x1df6001b450 0x29a 0x0 0x0 0x0 0x0 0x0 0x0 0x0 0x0 0x9 0x2 0x0 0x0 oops 2 3 java/util/jar/Attributes 10 java/lang/String methods 0
ciMethodData java/util/jar/Attributes get (Ljava/lang/Object;)Ljava/lang/Object; 2 4155 orig 80 0 0 0 0 0 0 0 0 0 0 0 0 223 1 0 0 0 0 0 0 0 0 0 0 0 0 0 0 0 0 0 0 0 0 0 0 0 0 0 0 0 0 0 0 0 0 0 0 0 0 0 0 0 0 0 0 0 0 0 0 0 0 0 0 0 0 0 0 0 0 0 0 0 0 0 0 0 0 0 0 data 17 0x50005 0x0 0x0 0x1df60ba9cf0 0xf3b 0x0 0x0 0x0 0x0 0x0 0x0 0x0 0x0 0x9 0x2 0x0 0xffffffffffffffff oops 1 3 java/util/LinkedHashMap methods 0
ciMethodData jdk/internal/loader/BuiltinClassLoader loadClassOrNull (Ljava/lang/String;Z)Ljava/lang/Class; 2 5378 orig 80 0 0 0 0 0 0 0 0 0 0 0 0 223 1 0 0 0 0 0 0 0 0 0 0 0 0 0 0 0 0 0 0 0 0 0 0 0 0 0 0 0 0 0 0 0 0 0 0 0 0 0 0 0 0 0 0 0 0 0 0 0 0 0 0 0 0 0 0 0 0 0 0 0 0 0 0 0 0 0 0 data 131 0x20005 0x0 0x0 0x1df6001e590 0xa78 0x1df6001e620 0x989 0xa0005 0x1401 0x0 0x0 0x0 0x0 0x0 0x110007 0x36 0x2d8 0x13cb 0x160005 0x13cb 0x0 0x0 0x0 0x0 0x0 0x1d0007 0x1312 0x148 0xb9 0x220005 0x0 0x0 0x1df60f21320 0xb9 0x0 0x0 0x2a0007 0xb9 0xa0 0x0 0x2d0002 0x0 0x300007 0x0 0xa8 0x0 0x370005 0x0 0x0 0x0 0x0 0x0 0x0 0x3c0003 0x0 0x50 0x420005 0xb9 0x0 0x0 0x0 0x0 0x0 0x470003 0xb9 0x150 0x4e0007 0x0 0x58 0x1312 0x560005 0x1312 0x0 0x0 0x0 0x0 0x0 0x5d0007 0x0 0xe0 0x1312 0x610005 0x0 0x0 0x1df6001e620 0x989 0x1df6001e590 0x989 0x640007 0x989 0x88 0x989 0x670002 0x989 0x6a0007 0x0 0x58 0x989 0x6f0005 0x989 0x0 0x0 0x0 0x0 0x0 0x750007 0x1400 0x78 0x0 0x7a0007 0x0 0x58 0x0 0x800005 0x0 0x0 0x0 0x0 0x0 0x0 0x0 0x0 0x0 0x0 0x0 0x0 0x9 0x3 0x0 0xffffffffffffffff 0x0 oops 5 3 jdk/internal/loader/ClassLoaders$AppClassLoader 5 jdk/internal/loader/ClassLoaders$PlatformClassLoader 32 jdk/internal/loader/BuiltinClassLoader$LoadedModule 84 jdk/internal/loader/ClassLoaders$PlatformClassLoader 86 jdk/internal/loader/ClassLoaders$AppClassLoader methods 0
ciMethodData java/lang/ClassLoader getClassLoadingLock (Ljava/lang/String;)Ljava/lang/Object; 2 5383 orig 80 0 0 0 0 0 0 0 0 0 0 0 0 0 0 0 0 0 0 0 0 0 0 0 0 0 0 0 0 0 0 0 0 0 0 0 0 0 0 0 0 0 0 0 0 0 0 0 0 0 0 0 0 0 0 0 0 0 0 0 0 0 0 0 0 0 0 0 0 0 0 0 0 0 0 0 0 0 0 0 0 data 27 0x60007 0x0 0x88 0x1406 0xd0002 0x1406 0x170005 0x0 0x0 0x1df6001e740 0x1406 0x0 0x0 0x1c0007 0x36 0x20 0x13d0 0x0 0x0 0x0 0x0 0x0 0x0 0x9 0x2 0x0 0xffffffffffffffff oops 1 9 java/util/concurrent/ConcurrentHashMap methods 0
ciMethodData java/lang/ClassLoader findLoadedClass (Ljava/lang/String;)Ljava/lang/Class; 2 5459 orig 80 0 0 0 0 0 0 0 0 0 0 0 0 0 0 0 0 0 0 0 0 0 0 0 0 0 0 0 0 0 0 0 0 0 0 0 0 0 0 0 0 0 0 0 0 0 0 0 0 0 0 0 0 0 0 0 0 0 0 0 0 0 0 0 0 0 0 0 0 0 0 0 0 0 0 0 0 0 0 0 0 data 23 0x10002 0x1452 0x40007 0x1452 0x20 0x0 0xb0005 0x1452 0x0 0x0 0x0 0x0 0x0 0x0 0x0 0x0 0x0 0x0 0x0 0x9 0x2 0x0 0x0 oops 0 methods 0
ciMethodData jdk/internal/loader/BuiltinClassLoader findLoadedModule (Ljava/lang/String;)Ljdk/internal/loader/BuiltinClassLoader$LoadedModule; 2 5328 orig 80 0 0 0 0 0 0 0 0 0 0 0 0 0 0 0 0 0 0 0 0 0 0 0 0 0 0 0 0 0 0 0 0 0 0 0 0 0 0 0 0 0 0 0 0 0 0 0 0 0 0 0 0 0 0 0 0 0 0 0 0 0 0 0 0 0 0 0 0 0 0 0 0 0 0 0 0 0 0 0 0 data 42 0x30005 0x13cf 0x0 0x0 0x0 0x0 0x0 0x80007 0x13cf 0x20 0x0 0x100005 0x13cf 0x0 0x0 0x0 0x0 0x0 0x180005 0x0 0x0 0x1df6001e740 0x13cf 0x0 0x0 0x1d0104 0x0 0x0 0x1df60f21320 0xb9 0x0 0x0 0x0 0x0 0x0 0x0 0x0 0x0 0x9 0x2 0x0 0x0 oops 2 21 java/util/concurrent/ConcurrentHashMap 28 jdk/internal/loader/BuiltinClassLoader$LoadedModule methods 0
ciMethodData jdk/internal/misc/VM isModuleSystemInited ()Z 2 2680 orig 80 0 0 0 0 0 0 0 0 0 0 0 0 0 0 0 0 0 0 0 0 0 0 0 0 0 0 0 0 0 0 0 0 0 0 0 0 0 0 0 0 0 0 0 0 0 0 0 0 0 0 0 0 0 0 0 0 0 0 0 0 0 0 0 0 0 0 0 0 0 0 0 0 0 0 0 0 0 0 0 0 data 17 0x2 0xa06 0x40007 0x0 0x38 0xa06 0x80003 0xa06 0x18 0x0 0x0 0x0 0x0 0x0 0x0 0x9 0x0 oops 0 methods 0
ciMethodData jdk/internal/misc/VM initLevel ()I 2 2700 orig 80 0 0 0 0 0 0 0 0 0 0 0 0 0 0 0 0 0 0 0 0 0 0 0 0 0 0 0 0 0 0 0 0 0 0 0 0 0 0 0 0 0 0 0 0 0 0 0 0 0 0 0 0 0 0 0 0 0 0 0 0 0 0 0 0 0 0 0 0 0 0 0 0 0 0 0 0 0 0 0 0 data 4 0x0 0x0 0x9 0x0 oops 0 methods 0
ciMethodData jdk/internal/loader/BuiltinClassLoader loadClassOrNull (Ljava/lang/String;)Ljava/lang/Class; 2 5332 orig 80 0 0 0 0 0 0 0 0 0 0 0 0 0 0 0 0 0 0 0 0 0 0 0 0 0 0 0 0 0 0 0 0 0 0 0 0 0 0 0 0 0 0 0 0 0 0 0 0 0 0 0 0 0 0 0 0 0 0 0 0 0 0 0 0 0 0 0 0 0 0 0 0 0 0 0 0 0 0 0 0 data 17 0x30005 0x0 0x0 0x1df6001e620 0x98c 0x1df610bff70 0xa45 0x0 0x0 0x0 0x0 0x0 0x0 0x9 0x2 0xffffffffffffffff 0xffffffffffffffff oops 2 3 jdk/internal/loader/ClassLoaders$PlatformClassLoader 5 jdk/internal/loader/ClassLoaders$BootClassLoader methods 0
ciMethodData jdk/internal/loader/BuiltinClassLoader hasClassPath ()Z 2 5134 orig 80 0 0 0 0 0 0 0 0 0 0 0 0 0 0 0 0 0 0 0 0 0 0 0 0 0 0 0 0 0 0 0 0 0 0 0 0 0 0 0 0 0 0 0 0 0 0 0 0 0 0 0 0 0 0 0 0 0 0 0 0 0 0 0 0 0 0 0 0 0 0 0 0 0 0 0 0 0 0 0 0 data 16 0x40007 0x99c 0x38 0x995 0x80003 0x995 0x18 0x0 0x0 0x0 0x0 0x0 0x0 0x9 0x1 0x0 oops 0 methods 0
ciMethodData jdk/internal/loader/BuiltinClassLoader findClassOnClassPathOrNull (Ljava/lang/String;)Ljava/lang/Class; 2 2556 orig 80 0 0 0 0 0 0 0 0 0 0 0 0 0 0 0 0 0 0 0 0 0 0 0 0 0 0 0 0 0 0 0 0 0 0 0 0 0 0 0 0 0 0 0 0 0 0 0 0 0 0 0 0 0 0 0 0 0 0 0 0 0 0 0 0 0 0 0 0 0 0 0 0 0 0 0 0 0 0 0 0 data 59 0x50005 0x98f 0x0 0x0 0x0 0x0 0x0 0xa0005 0x98f 0x0 0x0 0x0 0x0 0x0 0xe0002 0x98f 0x110007 0x0 0xb0 0x98f 0x1a0005 0x0 0x0 0x1df610c6390 0x98f 0x0 0x0 0x1f0007 0x10 0x58 0x97f 0x250005 0x97f 0x0 0x0 0x0 0x0 0x0 0x340002 0x0 0x390002 0x0 0x3c0004 0x0 0x0 0x0 0x0 0x0 0x0 0x0 0x0 0x0 0x0 0x0 0x0 0x9 0x2 0xffffffffffffffff 0xffffffffffffffff oops 1 23 jdk/internal/loader/URLClassPath methods 0
ciMethodData sun/net/www/ParseUtil firstEncodeIndex (Ljava/lang/String;)I 2 56205 orig 80 0 0 0 0 0 0 0 0 0 0 0 0 223 1 0 0 0 0 0 0 0 0 0 0 0 0 0 0 0 0 0 0 0 0 0 0 0 0 0 0 0 0 0 0 0 0 0 0 0 0 0 0 0 0 0 0 0 0 0 0 0 0 0 0 0 0 0 0 0 0 0 0 0 0 0 0 0 0 0 0 data 67 0x10005 0x2e0 0x0 0x0 0x0 0x0 0x0 0x90007 0x2e0 0x198 0xc36d 0xe0005 0xc36d 0x0 0x0 0x0 0x0 0x0 0x150007 0x2126 0x40 0xa247 0x1b0007 0xa247 0x108 0x0 0x210007 0x1cf 0x40 0x1f57 0x270007 0x1296 0xc8 0xcc1 0x2d0007 0x1cf 0x58 0xcc1 0x330007 0x3d 0x38 0xc84 0x360003 0xc84 0x68 0x3c0007 0x0 0x50 0x20c 0x460002 0x20c 0x490007 0x20c 0x20 0x0 0x510003 0xc36d 0xfffffffffffffe80 0x0 0x0 0x0 0x0 0x0 0x0 0x9 0x1 0x0 oops 0 methods 0
ciMethodData sun/net/www/ParseUtil match (CJJ)Z 1 709 orig 80 0 0 0 0 0 0 0 0 0 0 0 0 0 0 0 0 0 0 0 0 0 0 0 0 0 0 0 0 0 0 0 0 0 0 0 0 0 0 0 0 0 0 0 0 0 0 0 0 0 0 0 0 0 0 0 0 0 0 0 0 0 0 0 0 0 0 0 0 0 0 0 0 0 0 0 0 0 0 0 0 data 32 0x30007 0x3d 0x58 0x1cf 0xd0007 0x1cf 0x38 0x0 0x110003 0x0 0x18 0x1a0007 0x0 0x58 0x3d 0x270007 0x3d 0x38 0x0 0x2b0003 0x0 0x18 0x0 0x0 0x0 0x9 0x5 0x0 0x0 0x0 0x0 0x0 oops 0 methods 0
ciMethodData java/lang/String replace (CC)Ljava/lang/String; 2 5469 orig 80 0 0 0 0 0 0 0 0 0 0 0 0 223 1 0 0 0 0 0 0 0 0 0 0 0 0 0 0 0 0 0 0 0 0 0 0 0 0 0 0 0 0 0 0 0 0 0 0 0 0 0 0 0 0 0 0 0 0 0 0 0 0 0 0 0 0 0 0 0 0 0 0 0 0 0 0 0 0 0 0 data 37 0x20007 0x0 0xd0 0x145d 0x60005 0x145d 0x0 0x0 0x0 0x0 0x0 0x90007 0x0 0x48 0x145d 0x120002 0x145d 0x150003 0x145d 0x28 0x1e0002 0x0 0x230007 0x28 0x20 0x1435 0x0 0x0 0x0 0x0 0x0 0x0 0x9 0x3 0x0 0x0 0x0 oops 0 methods 0
ciMethodData java/io/InputStream <init> ()V 2 5376 orig 80 0 0 0 0 0 0 0 0 0 0 0 0 223 1 0 0 0 0 0 0 0 0 0 0 0 0 0 0 0 0 0 0 0 0 0 0 0 0 0 0 0 0 0 0 0 0 0 0 0 0 0 0 0 0 0 0 0 0 0 0 0 0 0 0 0 0 0 0 0 0 0 0 0 0 0 0 0 0 0 0 data 7 0x10002 0x13fe 0x0 0x0 0x9 0x1 0x0 oops 0 methods 0
ciMethodData java/util/zip/ZipFile$Source getEntryPos (Ljava/lang/String;Z)I 2 4964 orig 80 0 0 0 0 0 0 0 0 0 0 0 0 223 1 0 0 0 0 0 0 0 0 0 0 0 0 0 0 0 0 0 0 0 0 0 0 0 0 0 0 0 0 0 0 0 0 0 0 0 0 0 0 0 0 0 0 0 0 0 0 0 0 0 0 0 0 0 0 0 0 0 0 0 0 0 0 0 0 0 0 data 141 0x40007 0xc60 0x20 0x0 0xa0002 0xc60 0x210007 0x2b9 0x3e0 0x1b5b 0x270005 0x1b5b 0x0 0x0 0x0 0x0 0x0 0x2b0007 0x11b4 0x338 0x9a7 0x310005 0x9a7 0x0 0x0 0x0 0x0 0x0 0x390005 0x9a7 0x0 0x0 0x0 0x0 0x0 0x4f0002 0x9a7 0x520005 0x0 0x0 0x1df60d31500 0x9a7 0x0 0x0 0x590005 0x9a7 0x0 0x0 0x0 0x0 0x0 0x5f0005 0x9a7 0x0 0x0 0x0 0x0 0x0 0x680007 0x0 0x78 0x9a7 0x6e0005 0x9a7 0x0 0x0 0x0 0x0 0x0 0x710007 0x0 0x20 0x9a7 0x780007 0x0 0x160 0x0 0x810007 0x0 0x140 0x0 0x870005 0x0 0x0 0x0 0x0 0x0 0x0 0x8a0007 0x0 0xe8 0x0 0x930005 0x0 0x0 0x0 0x0 0x0 0x0 0x980007 0x0 0x90 0x0 0x9e0005 0x0 0x0 0x0 0x0 0x0 0x0 0xa60007 0x0 0x38 0x0 0xab0003 0x0 0x18 0xb10003 0x0 0x18 0xb90005 0x11b4 0x0 0x0 0x0 0x0 0x0 0xbe0003 0x11b4 0xfffffffffffffc38 0x0 0x0 0x0 0x0 0x0 0x0 0x9 0x3 0x0 0x0 0x0 oops 1 40 java/util/zip/ZipCoder$UTF8ZipCoder methods 0
ciMethodData java/util/zip/ZipFile$Source getEntryPos (I)I 2 29312 orig 80 0 0 0 0 0 0 0 0 0 0 0 0 0 0 0 0 0 0 0 0 0 0 0 0 0 0 0 0 0 0 0 0 0 0 0 0 0 0 0 0 0 0 0 0 0 0 0 0 0 0 0 0 0 0 0 0 0 0 0 0 0 0 0 0 0 0 0 0 0 0 0 0 0 0 0 0 0 0 0 0 data 8 0x0 0x0 0x0 0x0 0x9 0x2 0x0 0x0 oops 0 methods 0
ciMethodData java/security/CodeSource getCertificates ()[Ljava/security/cert/Certificate; 2 5292 orig 80 0 0 0 0 0 0 0 0 0 0 0 0 223 1 0 0 0 0 0 0 0 0 0 0 0 0 0 0 0 0 0 0 0 0 0 0 0 0 0 0 0 0 0 0 0 0 0 0 0 0 0 0 0 0 0 0 0 0 0 0 0 0 0 0 0 0 0 0 0 0 0 0 0 0 0 0 0 0 0 0 data 96 0x40007 0x13ac 0x90 0x0 0xb0005 0x0 0x0 0x0 0x0 0x0 0x0 0xe0004 0x0 0x0 0x0 0x0 0x0 0x0 0x160007 0x13ac 0x228 0x0 0x1d0002 0x0 0x290007 0x0 0xe0 0x0 0x330005 0x0 0x0 0x0 0x0 0x0 0x0 0x360005 0x0 0x0 0x0 0x0 0x0 0x0 0x390005 0x0 0x0 0x0 0x0 0x0 0x0 0x400003 0x0 0xffffffffffffff38 0x460005 0x0 0x0 0x0 0x0 0x0 0x0 0x4c0005 0x0 0x0 0x0 0x0 0x0 0x0 0x4f0004 0x0 0x0 0x0 0x0 0x0 0x0 0x590005 0x0 0x0 0x0 0x0 0x0 0x0 0x5c0004 0x0 0x0 0x0 0x0 0x0 0x0 0x0 0x0 0x0 0x0 0x0 0x0 0x9 0x1 0xc oops 0 methods 0
ciMethod java/io/IOException <init> (Ljava/lang/String;)V 0 0 1 0 -1
ciMethodData java/util/ArrayList get (I)Ljava/lang/Object; 2 3204 orig 80 0 0 0 0 0 0 0 0 0 0 0 0 223 1 0 0 0 0 0 0 0 0 0 0 0 0 0 0 0 0 0 0 0 0 0 0 0 0 0 0 0 0 0 0 0 0 0 0 0 0 0 0 0 0 0 0 0 0 0 0 0 0 0 0 0 0 0 0 0 0 0 0 0 0 0 0 0 0 0 0 data 19 0x50002 0xb83 0xb0005 0x0 0x0 0x1df6001e880 0xb6f 0x1df611b2260 0x14 0x0 0x0 0x0 0x0 0x0 0x0 0x9 0x2 0x0 0x0 oops 2 5 java/util/ArrayList 7 org/jetbrains/kotlin/config/MavenComparableVersion$ListItem methods 0
ciMethodData java/util/Objects checkIndex (II)I 2 3207 orig 80 0 0 0 0 0 0 0 0 0 0 0 0 0 0 0 0 0 0 0 0 0 0 0 0 0 0 0 0 0 0 0 0 0 0 0 0 0 0 0 0 0 0 0 0 0 0 0 0 0 0 0 0 0 0 0 0 0 0 0 0 0 0 0 0 0 0 0 0 0 0 0 0 0 0 0 0 0 0 0 0 data 12 0x30002 0xb86 0x0 0x0 0x0 0x0 0x0 0x0 0x9 0x2 0x0 0x0 oops 0 methods 0
ciMethodData java/util/ArrayList elementData (I)Ljava/lang/Object; 2 3204 orig 80 0 0 0 0 0 0 0 0 0 0 0 0 0 0 0 0 0 0 0 0 0 0 0 0 0 0 0 0 0 0 0 0 0 0 0 0 0 0 0 0 0 0 0 0 0 0 0 0 0 0 0 0 0 0 0 0 0 0 0 0 0 0 0 0 0 0 0 0 0 0 0 0 0 0 0 0 0 0 0 0 data 8 0x0 0x0 0x0 0x0 0x9 0x2 0x0 0x0 oops 0 methods 0
ciMethodData java/util/ArrayList add (Ljava/lang/Object;)Z 2 17930 orig 80 0 0 0 0 0 0 0 0 0 0 0 0 223 1 0 0 0 0 0 0 0 0 0 0 0 0 0 0 0 0 0 0 0 0 0 0 0 0 0 0 0 0 0 0 0 0 0 0 0 0 0 0 0 0 0 0 0 0 0 0 0 0 0 0 0 0 0 0 0 0 0 0 0 0 0 0 0 0 0 0 data 17 0x140005 0x4509 0x0 0x0 0x0 0x0 0x0 0x0 0x0 0x0 0x0 0x0 0x0 0x9 0x2 0xe 0x0 oops 0 methods 0
ciMethodData java/util/ArrayList add (Ljava/lang/Object;[Ljava/lang/Object;I)V 2 17930 orig 80 0 0 0 0 0 0 0 0 0 0 0 0 0 0 0 0 0 0 0 0 0 0 0 0 0 0 0 0 0 0 0 0 0 0 0 0 0 0 0 0 0 0 0 0 0 0 0 0 0 0 0 0 0 0 0 0 0 0 0 0 0 0 0 0 0 0 0 0 0 0 0 0 0 0 0 0 0 0 0 0 data 30 0x30007 0x3e84 0x58 0x685 0x70005 0x685 0x0 0x0 0x0 0x0 0x0 0xe0104 0x0 0x0 0x1df60bb0840 0x1c 0x1df6001b4e0 0xa16 0x0 0x0 0x0 0x0 0x0 0x0 0x9 0x4 0xc 0x0 0xffffffffffffffff 0x0 oops 2 14 java/lang/reflect/ProxyGenerator$ProxyMethod 16 java/lang/Class methods 0
ciMethodData java/util/ArrayList grow ()[Ljava/lang/Object; 2 1697 orig 80 0 0 0 0 0 0 0 0 0 0 0 0 0 0 0 0 0 0 0 0 0 0 0 0 0 0 0 0 0 0 0 0 0 0 0 0 0 0 0 0 0 0 0 0 0 0 0 0 0 0 0 0 0 0 0 0 0 0 0 0 0 0 0 0 0 0 0 0 0 0 0 0 0 0 0 0 0 0 0 0 data 16 0x70005 0x685 0x0 0x0 0x0 0x0 0x0 0x0 0x0 0x0 0x0 0x0 0x0 0x9 0x1 0xc oops 0 methods 0
ciMethodData java/util/ArrayList grow (I)[Ljava/lang/Object; 2 1725 orig 80 0 0 0 0 0 0 0 0 0 0 0 0 0 0 0 0 0 0 0 0 0 0 0 0 0 0 0 0 0 0 0 0 0 0 0 0 0 0 0 0 0 0 0 0 0 0 0 0 0 0 0 0 0 0 0 0 0 0 0 0 0 0 0 0 0 0 0 0 0 0 0 0 0 0 0 0 0 0 0 0 data 24 0x70007 0x30f 0x40 0x391 0x110007 0x391 0x40 0x0 0x1b0002 0x30f 0x250002 0x30f 0x310002 0x391 0x0 0x0 0x0 0x0 0x0 0x0 0x9 0x2 0xc 0x0 oops 0 methods 0
ciMethodData java/util/jar/JarFile getJarEntry (Ljava/lang/String;)Ljava/util/jar/JarEntry; 2 3061 orig 80 0 0 0 0 0 0 0 0 0 0 0 0 223 1 0 0 0 0 0 0 0 0 0 0 0 0 0 0 0 0 0 0 0 0 0 0 0 0 0 0 0 0 0 0 0 0 0 0 0 0 0 0 0 0 0 0 0 0 0 0 0 0 0 0 0 0 0 0 0 0 0 0 0 0 0 0 0 0 0 0 data 24 0x20005 0x0 0x0 0x1df611ac490 0xaf5 0x0 0x0 0x50104 0x0 0x0 0x1df60fad3f0 0x96c 0x0 0x0 0x0 0x0 0x0 0x0 0x0 0x0 0x9 0x2 0x0 0x0 oops 2 3 java/util/jar/JarFile 10 java/util/jar/JarFile$JarFileEntry methods 0
ciMethodData java/util/jar/JarFile getEntry (Ljava/lang/String;)Ljava/util/zip/ZipEntry; 2 3063 orig 80 0 0 0 0 0 0 0 0 0 0 0 0 223 1 0 0 0 0 0 0 0 0 0 0 0 0 0 0 0 0 0 0 0 0 0 0 0 0 0 0 0 0 0 0 0 0 0 0 0 0 0 0 0 0 0 0 0 0 0 0 0 0 0 0 0 0 0 0 0 0 0 0 0 0 0 0 0 0 0 0 data 43 0x10005 0xaf7 0x0 0x0 0x0 0x0 0x0 0x40007 0xa05 0xc0 0xf2 0xa0005 0xf2 0x0 0x0 0x0 0x0 0x0 0xf0007 0x0 0x68 0xf2 0x140002 0xf2 0x170104 0x0 0x0 0x1df60fad3f0 0x9a 0x0 0x0 0x1f0002 0xa05 0x0 0x0 0x0 0x0 0x0 0x0 0x9 0x2 0x0 0x0 oops 1 27 java/util/jar/JarFile$JarFileEntry methods 0
ciMethodData java/util/jar/JarFile getVersionedEntry (Ljava/lang/String;Ljava/util/jar/JarEntry;)Ljava/util/jar/JarEntry; 1 328 orig 80 0 0 0 0 0 0 0 0 0 0 0 0 0 0 0 0 0 0 0 0 0 0 0 0 0 0 0 0 0 0 0 0 0 0 0 0 0 0 0 0 0 0 0 0 0 0 0 0 0 0 0 0 0 0 0 0 0 0 0 0 0 0 0 0 0 0 0 0 0 0 0 0 0 0 0 0 0 0 0 0 data 115 0x30005 0xf2 0x0 0x0 0x0 0x0 0x0 0x60007 0x4 0x308 0xee 0xd0005 0x0 0x0 0x1df6043e980 0xee 0x0 0x0 0x1a0007 0x0 0x2b0 0xee 0x1f0007 0x0 0x290 0xee 0x2a0007 0xee 0x270 0xee 0x390007 0xee 0x38 0x0 0x3c0003 0x0 0x218 0x440007 0xee 0x38 0x0 0x470003 0x0 0x1f8 0x4f0002 0xee 0x540005 0xee 0x0 0x0 0x0 0x0 0x0 0x590005 0xee 0x0 0x0 0x0 0x0 0x0 0x5f0005 0xee 0x0 0x0 0x0 0x0 0x0 0x630005 0xee 0x0 0x0 0x0 0x0 0x0 0x660005 0xee 0x0 0x0 0x0 0x0 0x0 0x690002 0xee 0x6c0104 0x0 0x0 0x0 0x0 0x0 0x0 0x730007 0xee 0x58 0x0 0x790005 0x0 0x0 0x0 0x0 0x0 0x0 0x800003 0xee 0xfffffffffffffda8 0x0 0x0 0x0 0x0 0x0 0x0 0x9 0x3 0x0 0x0 0x0 oops 1 14 java/util/zip/ZipFile$1 methods 0
ciMethodData java/util/zip/ZipFile getEntry (Ljava/lang/String;)Ljava/util/zip/ZipEntry; 2 3420 orig 80 0 0 0 0 0 0 0 0 0 0 0 0 0 0 0 0 0 0 0 0 0 0 0 0 0 0 0 0 0 0 0 0 0 0 0 0 0 0 0 0 0 0 0 0 0 0 0 0 0 0 0 0 0 0 0 0 0 0 0 0 0 0 0 0 0 0 0 0 0 0 0 0 0 0 0 0 0 0 0 0 data 40 0x30002 0xc03 0xe0005 0xc03 0x0 0x0 0x0 0x0 0x0 0x1a0005 0xc03 0x0 0x0 0x0 0x0 0x0 0x220007 0x287 0x58 0x97c 0x290005 0x97c 0x0 0x0 0x0 0x0 0x0 0x2f0003 0xc03 0x18 0x0 0x0 0x0 0x0 0x0 0x0 0x9 0x2 0xffffffffffffffff 0xffffffffffffffff oops 0 methods 0
ciMethodData jdk/internal/loader/URLClassPath$JarLoader getResource (Ljava/lang/String;Z)Ljdk/internal/loader/Resource; 2 3051 orig 80 0 0 0 0 0 0 0 0 0 0 0 0 223 1 0 0 0 0 0 0 0 0 0 0 0 0 0 0 0 0 0 0 0 0 0 0 0 0 0 0 0 0 0 0 0 0 0 0 0 0 0 0 0 0 0 0 0 0 0 0 0 0 0 0 0 0 0 0 0 0 0 0 0 0 0 0 0 0 0 0 data 54 0x10005 0xaea 0x0 0x0 0x0 0x0 0x0 0x40003 0xaea 0x28 0xd0002 0x0 0x160005 0x0 0x0 0x1df611ac490 0xaea 0x0 0x0 0x1b0007 0x185 0x58 0x965 0x220005 0x0 0x0 0x1df6118e9d0 0x965 0x0 0x0 0x2a0007 0x0 0x20 0x185 0x330002 0x0 0x3d0005 0x0 0x0 0x0 0x0 0x0 0x0 0x0 0x0 0x0 0x0 0x0 0x0 0x9 0x3 0x0 0x0 0x0 oops 2 15 java/util/jar/JarFile 26 jdk/internal/loader/URLClassPath$JarLoader methods 0
ciMethodData jdk/internal/loader/URLClassPath$JarLoader ensureOpen ()V 2 3069 orig 80 0 0 0 0 0 0 0 0 0 0 0 0 0 0 0 0 0 0 0 0 0 0 0 0 0 0 0 0 0 0 0 0 0 0 0 0 0 0 0 0 0 0 0 0 0 0 0 0 0 0 0 0 0 0 0 0 0 0 0 0 0 0 0 0 0 0 0 0 0 0 0 0 0 0 0 0 0 0 0 0 data 34 0x40007 0xaec 0xc8 0x2 0xc0002 0x2 0x130002 0x2 0x170003 0x2 0x88 0x1c0005 0x0 0x0 0x0 0x0 0x0 0x0 0x1f0004 0x0 0x0 0x0 0x0 0x0 0x0 0x0 0x0 0x0 0x0 0x0 0x0 0x9 0x1 0x0 oops 0 methods 0
ciMethodData jdk/internal/loader/URLClassPath$JarLoader checkResource (Ljava/lang/String;ZLjava/util/jar/JarEntry;)Ljdk/internal/loader/Resource; 2 2583 orig 80 0 0 0 0 0 0 0 0 0 0 0 0 223 1 0 0 0 0 0 0 0 0 0 0 0 0 0 0 0 0 0 0 0 0 0 0 0 0 0 0 0 0 0 0 0 0 0 0 0 0 0 0 0 0 0 0 0 0 0 0 0 0 0 0 0 0 0 0 0 0 0 0 0 0 0 0 0 0 0 0 data 55 0x40005 0x971 0x0 0x0 0x0 0x0 0x0 0x70007 0x8d9 0x70 0x98 0xb0005 0x0 0x0 0x1df60fad3f0 0x98 0x0 0x0 0x100003 0x98 0x18 0x1b0005 0x0 0x0 0x1df6118e9d0 0x971 0x0 0x0 0x210002 0x971 0x240002 0x971 0x2a0007 0x971 0x30 0x0 0x2f0002 0x0 0x320003 0x971 0x18 0x4a0002 0x971 0x0 0x0 0x0 0x0 0x0 0x0 0x9 0x4 0x0 0x0 0x0 0x0 oops 2 14 java/util/jar/JarFile$JarFileEntry 24 jdk/internal/loader/URLClassPath$JarLoader methods 0
ciMethodData java/lang/System$2 findBootstrapClassOrNull (Ljava/lang/String;)Ljava/lang/Class; 2 2785 orig 80 0 0 0 0 0 0 0 0 0 0 0 0 223 1 0 0 0 0 0 0 0 0 0 0 0 0 0 0 0 0 0 0 0 0 0 0 0 0 0 0 0 0 0 0 0 0 0 0 0 0 0 0 0 0 0 0 0 0 0 0 0 0 0 0 0 0 0 0 0 0 0 0 0 0 0 0 0 0 0 0 data 12 0x10002 0x9e0 0x0 0x0 0x0 0x0 0x0 0x0 0x9 0x2 0x0 0x0 oops 0 methods 0
ciMethodData java/lang/ClassLoader findBootstrapClassOrNull (Ljava/lang/String;)Ljava/lang/Class; 2 2785 orig 80 0 0 0 0 0 0 0 0 0 0 0 0 0 0 0 0 0 0 0 0 0 0 0 0 0 0 0 0 0 0 0 0 0 0 0 0 0 0 0 0 0 0 0 0 0 0 0 0 0 0 0 0 0 0 0 0 0 0 0 0 0 0 0 0 0 0 0 0 0 0 0 0 0 0 0 0 0 0 0 0 data 17 0x10002 0x9e0 0x40007 0x9e0 0x20 0x0 0xa0002 0x9e0 0x0 0x0 0x0 0x0 0x0 0x0 0x9 0x1 0xffffffffffffffff oops 0 methods 0
ciMethodData jdk/internal/loader/Resource cachedInputStream ()Ljava/io/InputStream; 2 5292 orig 80 0 0 0 0 0 0 0 0 0 0 0 0 223 1 0 0 0 0 0 0 0 0 0 0 0 0 0 0 0 0 0 0 0 0 0 0 0 0 0 0 0 0 0 0 0 0 0 0 0 0 0 0 0 0 0 0 0 0 0 0 0 0 0 0 0 0 0 0 0 0 0 0 0 0 0 0 0 0 0 0 data 20 0x40007 0x995 0x58 0x995 0x90005 0x0 0x0 0x1df6118e5b0 0x995 0x0 0x0 0x0 0x0 0x0 0x0 0x0 0x0 0x9 0x1 0x0 oops 1 7 jdk/internal/loader/URLClassPath$JarLoader$2 methods 0
ciMethodData jdk/internal/loader/URLClassPath$JarLoader$2 getInputStream ()Ljava/io/InputStream; 2 2646 orig 80 0 0 0 0 0 0 0 0 0 0 0 0 0 0 0 0 0 0 0 0 0 0 0 0 0 0 0 0 0 0 0 0 0 0 0 0 0 0 0 0 0 0 0 0 0 0 0 0 0 0 0 0 0 0 0 0 0 0 0 0 0 0 0 0 0 0 0 0 0 0 0 0 0 0 0 0 0 0 0 0 data 16 0xb0005 0x0 0x0 0x1df611ac490 0x995 0x0 0x0 0x0 0x0 0x0 0x0 0x0 0x0 0x9 0x1 0x0 oops 1 3 java/util/jar/JarFile methods 0
ciMethodData java/util/jar/JarFile getManEntry ()Ljava/util/jar/JarEntry; 1 18 orig 80 0 0 0 0 0 0 0 0 0 0 0 0 0 0 0 0 0 0 0 0 0 0 0 0 0 0 0 0 0 0 0 0 0 0 0 0 0 0 0 0 0 0 0 0 0 0 0 0 0 0 0 0 0 0 0 0 0 0 0 0 0 0 0 0 0 0 0 0 0 0 0 0 0 0 0 0 0 0 0 0 data 33 0x40007 0x3 0xc0 0x5 0xc0005 0x0 0x0 0x1df6043e980 0x5 0x0 0x0 0x130007 0x0 0x68 0x5 0x190002 0x5 0x1c0004 0x0 0x0 0x1df60fad3f0 0x5 0x0 0x0 0x0 0x0 0x0 0x0 0x0 0x0 0x9 0x1 0xffffffffffffffff oops 2 7 java/util/zip/ZipFile$1 20 java/util/jar/JarFile$JarFileEntry methods 0
ciMethodData java/util/jar/JarFile getBytes (Ljava/util/zip/ZipEntry;)[B 1 12 orig 80 0 0 0 0 0 0 0 0 0 0 0 0 0 0 0 0 0 0 0 0 0 0 0 0 0 0 0 0 0 0 0 0 0 0 0 0 0 0 0 0 0 0 0 0 0 0 0 0 0 0 0 0 0 0 0 0 0 0 0 0 0 0 0 0 0 0 0 0 0 0 0 0 0 0 0 0 0 0 0 0 data 194 0x20002 0x5 0x70005 0x0 0x0 0x1df60fad3f0 0x5 0x0 0x0 0x110007 0x5 0x238 0x0 0x1c0002 0x0 0x220005 0x0 0x0 0x0 0x0 0x0 0x0 0x260005 0x0 0x0 0x0 0x0 0x0 0x0 0x2c0005 0x0 0x0 0x0 0x0 0x0 0x0 0x300005 0x0 0x0 0x0 0x0 0x0 0x0 0x330005 0x0 0x0 0x0 0x0 0x0 0x0 0x390005 0x0 0x0 0x0 0x0 0x0 0x0 0x3f0005 0x0 0x0 0x0 0x0 0x0 0x0 0x450005 0x0 0x0 0x0 0x0 0x0 0x0 0x480005 0x0 0x0 0x0 0x0 0x0 0x0 0x4b0002 0x0 0x560007 0x0 0x90 0x5 0x5e0007 0x0 0x70 0x5 0x6d0005 0x0 0x0 0x1df6121a620 0x5 0x0 0x0 0x720003 0x5 0x50 0x760005 0x0 0x0 0x0 0x0 0x0 0x0 0x830007 0x0 0x178 0x5 0x8a0007 0x5 0x158 0x0 0x950002 0x0 0x9b0005 0x0 0x0 0x0 0x0 0x0 0x0 0xa00005 0x0 0x0 0x0 0x0 0x0 0x0 0xa60005 0x0 0x0 0x0 0x0 0x0 0x0 0xab0005 0x0 0x0 0x0 0x0 0x0 0x0 0xae0005 0x0 0x0 0x0 0x0 0x0 0x0 0xb10002 0x0 0xba0007 0x0 0x58 0x5 0xbe0005 0x0 0x0 0x1df6121a620 0x5 0x0 0x0 0xc60007 0x0 0xa8 0x0 0xca0005 0x0 0x0 0x0 0x0 0x0 0x0 0xcd0003 0x0 0x50 0xd50005 0x0 0x0 0x0 0x0 0x0 0x0 0x0 0x0 0x0 0x0 0x0 0x0 0x9 0x2 0x0 0x0 oops 3 5 java/util/jar/JarFile$JarFileEntry 91 java/util/zip/ZipFile$ZipFileInflaterInputStream 159 java/util/zip/ZipFile$ZipFileInflaterInputStream methods 0
ciMethodData java/util/jar/JarFile match ([B[B[B[B)I 1 328 orig 80 0 0 0 0 0 0 0 0 0 0 0 0 0 0 0 0 0 0 0 0 0 0 0 0 0 0 0 0 0 0 0 0 0 0 0 0 0 0 0 0 0 0 0 0 0 0 0 0 0 0 0 0 0 0 0 0 0 0 0 0 0 0 0 0 0 0 0 0 0 0 0 0 0 0 0 0 0 0 0 0 data 48 0x120007 0xa 0x118 0x54 0x1d0007 0x0 0xf8 0x57 0x2d0007 0x8 0xa8 0x4f 0x340007 0x0 0x88 0x4f 0x3b0007 0x11 0x20 0x3e 0x4c0007 0x3 0x60 0x4c 0x660002 0x4c 0x6c0003 0x4c 0xffffffffffffff30 0x760003 0x8 0xffffffffffffff18 0x7c0003 0x3 0xffffffffffffff20 0x0 0x0 0x0 0x0 0x0 0x0 0x9 0x5 0x0 0x0 0x0 0x0 0x0 oops 0 methods 0
ciMethodData java/util/jar/Attributes <init> ()V 1 8 orig 80 0 0 0 0 0 0 0 0 0 0 0 0 0 0 0 0 0 0 0 0 0 0 0 0 0 0 0 0 0 0 0 0 0 0 0 0 0 0 0 0 0 0 0 0 0 0 0 0 0 0 0 0 0 0 0 0 0 0 0 0 0 0 0 0 0 0 0 0 0 0 0 0 0 0 0 0 0 0 0 0 data 7 0x30002 0x3 0x0 0x0 0x9 0x1 0x6 oops 0 methods 0
ciMethodData java/util/jar/Attributes <init> (I)V 1 8 orig 80 0 0 0 0 0 0 0 0 0 0 0 0 0 0 0 0 0 0 0 0 0 0 0 0 0 0 0 0 0 0 0 0 0 0 0 0 0 0 0 0 0 0 0 0 0 0 0 0 0 0 0 0 0 0 0 0 0 0 0 0 0 0 0 0 0 0 0 0 0 0 0 0 0 0 0 0 0 0 0 0 data 12 0x10002 0x3 0xa0002 0x3 0x0 0x0 0x0 0x0 0x9 0x2 0x6 0x0 oops 0 methods 0
ciMethodData java/io/ByteArrayInputStream <init> ([B)V 1 2 orig 80 0 0 0 0 0 0 0 0 0 0 0 0 0 0 0 0 0 0 0 0 0 0 0 0 0 0 0 0 0 0 0 0 0 0 0 0 0 0 0 0 0 0 0 0 0 0 0 0 0 0 0 0 0 0 0 0 0 0 0 0 0 0 0 0 0 0 0 0 0 0 0 0 0 0 0 0 0 0 0 0 data 10 0x10002 0x0 0x0 0x0 0x0 0x0 0x9 0x2 0xe 0x0 oops 0 methods 0
ciMethodData java/util/jar/Manifest$FastInputStream <init> (Ljava/io/InputStream;)V 1 8 orig 80 0 0 0 0 0 0 0 0 0 0 0 0 0 0 0 0 0 0 0 0 0 0 0 0 0 0 0 0 0 0 0 0 0 0 0 0 0 0 0 0 0 0 0 0 0 0 0 0 0 0 0 0 0 0 0 0 0 0 0 0 0 0 0 0 0 0 0 0 0 0 0 0 0 0 0 0 0 0 0 0 data 8 0x50002 0x3 0x0 0x0 0x9 0x2 0xe 0x0 oops 0 methods 0
ciMethodData java/util/jar/Manifest$FastInputStream <init> (Ljava/io/InputStream;I)V 1 8 orig 80 0 0 0 0 0 0 0 0 0 0 0 0 0 0 0 0 0 0 0 0 0 0 0 0 0 0 0 0 0 0 0 0 0 0 0 0 0 0 0 0 0 0 0 0 0 0 0 0 0 0 0 0 0 0 0 0 0 0 0 0 0 0 0 0 0 0 0 0 0 0 0 0 0 0 0 0 0 0 0 0 data 11 0x20002 0x3 0x0 0x0 0x0 0x0 0x9 0x3 0xe 0x0 0x0 oops 0 methods 0
ciMethodData java/io/FilterInputStream <init> (Ljava/io/InputStream;)V 2 2685 orig 80 0 0 0 0 0 0 0 0 0 0 0 0 0 0 0 0 0 0 0 0 0 0 0 0 0 0 0 0 0 0 0 0 0 0 0 0 0 0 0 0 0 0 0 0 0 0 0 0 0 0 0 0 0 0 0 0 0 0 0 0 0 0 0 0 0 0 0 0 0 0 0 0 0 0 0 0 0 0 0 0 data 10 0x10002 0x9aa 0x0 0x0 0x0 0x0 0x9 0x2 0x6 0x0 oops 0 methods 0
ciMethodData java/util/jar/Attributes read (Ljava/util/jar/Manifest$FastInputStream;[B)V 1 2 orig 80 0 0 0 0 0 0 0 0 0 0 0 0 223 1 0 0 0 0 0 0 0 0 0 0 0 0 0 0 0 0 0 0 0 0 0 0 0 0 0 0 0 0 0 0 0 0 0 0 0 0 0 0 0 0 0 0 0 0 0 0 0 0 0 0 0 0 0 0 0 0 0 0 0 0 0 0 0 0 0 0 data 18 0x50005 0x0 0x0 0x0 0x0 0x0 0x0 0x0 0x0 0x0 0x0 0x0 0x0 0x9 0x3 0xffffffffffffffff 0xffffffffffffffff 0xffffffffffffffff oops 0 methods 0
ciMethodData java/lang/Boolean parseBoolean (Ljava/lang/String;)Z 1 31 orig 80 0 0 0 0 0 0 0 0 0 0 0 0 0 0 0 0 0 0 0 0 0 0 0 0 0 0 0 0 0 0 0 0 0 0 0 0 0 0 0 0 0 0 0 0 0 0 0 0 0 0 0 0 0 0 0 0 0 0 0 0 0 0 0 0 0 0 0 0 0 0 0 0 0 0 0 0 0 0 0 0 data 16 0x30005 0xf 0x0 0x0 0x0 0x0 0x0 0x0 0x0 0x0 0x0 0x0 0x0 0x9 0x1 0xffffffffffffffff oops 0 methods 0
ciMethodData java/lang/String equalsIgnoreCase (Ljava/lang/String;)Z 2 3319 orig 80 0 0 0 0 0 0 0 0 0 0 0 0 0 0 0 0 0 0 0 0 0 0 0 0 0 0 0 0 0 0 0 0 0 0 0 0 0 0 0 0 0 0 0 0 0 0 0 0 0 0 0 0 0 0 0 0 0 0 0 0 0 0 0 0 0 0 0 0 0 0 0 0 0 0 0 0 0 0 0 0 data 60 0x20007 0xc0d 0x38 0x7 0x60003 0x7 0x170 0xa0007 0xa00 0x158 0x20d 0xe0005 0x20d 0x0 0x0 0x0 0x0 0x0 0x120005 0x20d 0x0 0x0 0x0 0x0 0x0 0x150007 0x190 0xc8 0x7d 0x1e0005 0x7d 0x0 0x0 0x0 0x0 0x0 0x210005 0x7d 0x0 0x0 0x0 0x0 0x0 0x240007 0x2 0x38 0x7b 0x280003 0x7b 0x18 0x0 0x0 0x0 0x0 0x0 0x0 0x9 0x2 0xffffffffffffffff 0xffffffffffffffff oops 0 methods 0
ciMethodData java/util/zip/ZipFile getZipEntry (Ljava/lang/String;I)Ljava/util/zip/ZipEntry; 2 23430 orig 80 0 0 0 0 0 0 0 0 0 0 0 0 0 0 0 0 0 0 0 0 0 0 0 0 0 0 0 0 0 0 0 0 0 0 0 0 0 0 0 0 0 0 0 0 0 0 0 0 0 0 0 0 0 0 0 0 0 0 0 0 0 0 0 0 0 0 0 0 0 0 0 0 0 0 0 0 0 0 0 0 data 174 0xd0002 0x5aba 0x140002 0x5aba 0x1b0002 0x5aba 0x280005 0x5aba 0x0 0x0 0x0 0x0 0x0 0x2e0007 0x5350 0x218 0x76a 0x330007 0x0 0x230 0x76a 0x370005 0x76a 0x0 0x0 0x0 0x0 0x0 0x3a0007 0x0 0x1d8 0x76a 0x470005 0x0 0x0 0x1df60d31500 0x76a 0x0 0x0 0x4a0007 0x76a 0x180 0x0 0x510005 0x0 0x0 0x0 0x0 0x0 0x0 0x540007 0x0 0x128 0x0 0x5b0002 0x0 0x5f0005 0x0 0x0 0x0 0x0 0x0 0x0 0x640005 0x0 0x0 0x0 0x0 0x0 0x0 0x670005 0x0 0x0 0x0 0x0 0x0 0x0 0x6b0003 0x0 0x50 0x770005 0x0 0x0 0x1df60d31500 0x5350 0x0 0x0 0x7c0004 0xffffffffffffacac 0x0 0x1df611ac490 0x764 0x1df60babfc0 0x2 0x7f0007 0x5354 0xa8 0x766 0x860004 0x0 0x0 0x1df611ac490 0x764 0x1df60babfc0 0x2 0x8a0005 0x0 0x0 0x1df60bac070 0x766 0x0 0x0 0x910003 0x766 0x28 0x990002 0x5354 0xa20002 0x5aba 0xac0002 0x5aba 0xb60002 0x5aba 0xc00002 0x5aba 0xca0002 0x5aba 0xd40002 0x5aba 0xdc0002 0x5aba 0xe00007 0x77e 0x30 0x533c 0xe70002 0x533c 0xf30007 0x5ab6 0x68 0x4 0x1090002 0x4 0x10e0005 0x0 0x0 0x1df60fad120 0x4 0x0 0x0 0x1130007 0x5aba 0x58 0x0 0x12b0005 0x0 0x0 0x0 0x0 0x0 0x0 0x0 0x0 0x0 0x0 0x0 0x0 0x0 0x0 0x9 0x3 0x0 0x0 0x0 oops 8 35 java/util/zip/ZipCoder$UTF8ZipCoder 83 java/util/zip/ZipCoder$UTF8ZipCoder 90 java/util/jar/JarFile 92 sun/net/www/protocol/jar/URLJarFile 101 java/util/jar/JarFile 103 sun/net/www/protocol/jar/URLJarFile 108 java/util/jar/JavaUtilJarAccessImpl 146 java/util/zip/ZipEntry methods 0
ciMethodData jdk/internal/loader/URLClassPath getLoader (I)Ljdk/internal/loader/URLClassPath$Loader; 2 3066 orig 80 0 0 0 0 0 0 0 0 0 0 0 0 223 1 0 0 0 0 0 0 0 0 0 0 0 0 0 0 0 0 0 0 0 0 0 0 0 0 0 0 0 0 0 0 0 0 0 0 0 0 0 0 0 0 0 0 0 0 0 0 0 0 0 0 0 0 0 0 0 0 0 0 0 0 0 0 0 0 0 0 data 178 0x40007 0xa7a 0x20 0x0 0xd0005 0x0 0x0 0x1df6001e880 0xa7c 0x0 0x0 0x130007 0xa68 0x460 0x14 0x210005 0x0 0x0 0x1df61191820 0x14 0x0 0x0 0x240104 0x0 0x0 0x1df6001e350 0x2 0x0 0x0 0x290007 0x2 0x20 0x12 0x320003 0x2 0x18 0x3d0002 0x2 0x460005 0x0 0x0 0x1df6022f6c0 0x2 0x0 0x0 0x490007 0x2 0x38 0x0 0x4c0003 0x0 0xfffffffffffffe98 0x510005 0x2 0x0 0x0 0x0 0x0 0x0 0x580005 0x0 0x0 0x1df6118e9d0 0x2 0x0 0x0 0x5f0007 0x2 0x58 0x0 0x650005 0x0 0x0 0x0 0x0 0x0 0x0 0x680003 0x2 0x1c8 0x6d0003 0x0 0xfffffffffffffda0 0x750007 0x0 0x180 0x0 0x7f0002 0x0 0x840005 0x0 0x0 0x0 0x0 0x0 0x0 0x880005 0x0 0x0 0x0 0x0 0x0 0x0 0x8d0005 0x0 0x0 0x0 0x0 0x0 0x0 0x920005 0x0 0x0 0x0 0x0 0x0 0x0 0x950005 0x0 0x0 0x0 0x0 0x0 0x0 0x980005 0x0 0x0 0x0 0x0 0x0 0x0 0x9b0003 0x0 0xfffffffffffffc08 0xa40005 0x0 0x0 0x1df6001e880 0x2 0x0 0x0 0xaf0005 0x0 0x0 0x1df6022f6c0 0x2 0x0 0x0 0xb30003 0x2 0xfffffffffffffb80 0xbb0005 0x0 0x0 0x1df6001e880 0xa68 0x0 0x0 0xbe0004 0x0 0x0 0x1df6118e9d0 0xa68 0x0 0x0 0x0 0x0 0x0 0x0 0x0 0x0 0x0 0x0 0x0 0x9 0x2 0x0 0x0 oops 9 7 java/util/ArrayList 18 java/util/ArrayDeque 25 java/net/URL 41 java/util/HashMap 62 jdk/internal/loader/URLClassPath$JarLoader 137 java/util/ArrayList 144 java/util/HashMap 154 java/util/ArrayList 161 jdk/internal/loader/URLClassPath$JarLoader methods 0
ciMethodData java/util/ArrayDeque pollFirst ()Ljava/lang/Object; 2 2804 orig 80 0 0 0 0 0 0 0 0 0 0 0 0 223 1 0 0 0 0 0 0 0 0 0 0 0 0 0 0 0 0 0 0 0 0 0 0 0 0 0 0 0 0 0 0 0 0 0 0 0 0 0 0 0 0 0 0 0 0 0 0 0 0 0 0 0 0 0 0 0 0 0 0 0 0 0 0 0 0 0 0 data 24 0xc0002 0xa0c 0x110007 0x6d 0x68 0x99f 0x170104 0x0 0x0 0x0 0x0 0x0 0x0 0x1c0002 0x99f 0x0 0x0 0x0 0x0 0x0 0x0 0x9 0x1 0x6 oops 0 methods 0
ciMethodData sun/net/util/URLUtil urlNoFragString (Ljava/net/URL;)Ljava/lang/String; 2 2655 orig 80 0 0 0 0 0 0 0 0 0 0 0 0 0 0 0 0 0 0 0 0 0 0 0 0 0 0 0 0 0 0 0 0 0 0 0 0 0 0 0 0 0 0 0 0 0 0 0 0 0 0 0 0 0 0 0 0 0 0 0 0 0 0 0 0 0 0 0 0 0 0 0 0 0 0 0 0 0 0 0 0 data 129 0x40002 0x986 0x90005 0x986 0x0 0x0 0x0 0x0 0x0 0xe0007 0x0 0xc8 0x986 0x120005 0x986 0x0 0x0 0x0 0x0 0x0 0x180005 0x986 0x0 0x0 0x0 0x0 0x0 0x1f0005 0x986 0x0 0x0 0x0 0x0 0x0 0x240005 0x986 0x0 0x0 0x0 0x0 0x0 0x290007 0x0 0x1b0 0x986 0x2d0005 0x986 0x0 0x0 0x0 0x0 0x0 0x330005 0x986 0x0 0x0 0x0 0x0 0x0 0x380005 0x986 0x0 0x0 0x0 0x0 0x0 0x400007 0x0 0x58 0x986 0x440005 0x986 0x0 0x0 0x0 0x0 0x0 0x4c0007 0x986 0x90 0x0 0x520005 0x0 0x0 0x0 0x0 0x0 0x0 0x570005 0x0 0x0 0x0 0x0 0x0 0x0 0x5c0005 0x986 0x0 0x0 0x0 0x0 0x0 0x630007 0x0 0x58 0x986 0x690005 0x986 0x0 0x0 0x0 0x0 0x0 0x6e0005 0x986 0x0 0x0 0x0 0x0 0x0 0x0 0x0 0x0 0x0 0x0 0x0 0x9 0x1 0x0 oops 0 methods 0
ciMethodData jdk/internal/loader/URLClassPath getLoader (Ljava/net/URL;)Ljdk/internal/loader/URLClassPath$Loader; 1 9 orig 80 0 0 0 0 0 0 0 0 0 0 0 0 0 0 0 0 0 0 0 0 0 0 0 0 0 0 0 0 0 0 0 0 0 0 0 0 0 0 0 0 0 0 0 0 0 0 0 0 0 0 0 0 0 0 0 0 0 0 0 0 0 0 0 0 0 0 0 0 0 0 0 0 0 0 0 0 0 0 0 0 data 35 0x60002 0x2 0xd0002 0x2 0x100004 0x0 0x0 0x1df6118e9d0 0x2 0x0 0x0 0x160005 0x0 0x0 0x0 0x0 0x0 0x0 0x190004 0x0 0x0 0x0 0x0 0x0 0x0 0x0 0x0 0x0 0x0 0x0 0x0 0x9 0x2 0x0 0x0 oops 1 7 jdk/internal/loader/URLClassPath$JarLoader methods 0
ciMethodData jdk/internal/loader/URLClassPath push ([Ljava/net/URL;)V 1 0 orig 80 0 0 0 0 0 0 0 0 0 0 0 0 0 0 0 0 0 0 0 0 0 0 0 0 0 0 0 0 0 0 0 0 0 0 0 0 0 0 0 0 0 0 0 0 0 0 0 0 0 0 0 0 0 0 0 0 0 0 0 0 0 0 0 0 0 0 0 0 0 0 0 0 0 0 0 0 0 0 0 0 data 27 0xd0007 0x0 0x70 0x0 0x170005 0x0 0x0 0x0 0x0 0x0 0x0 0x1d0003 0x0 0xffffffffffffffa8 0x220003 0x0 0x18 0x0 0x0 0x0 0x0 0x0 0x0 0x9 0x2 0x0 0x0 oops 0 methods 0
ciMethodData jdk/internal/loader/URLClassPath$JarLoader$1 <init> (Ljdk/internal/loader/URLClassPath$JarLoader;)V 1 9 orig 80 0 0 0 0 0 0 0 0 0 0 0 0 0 0 0 0 0 0 0 0 0 0 0 0 0 0 0 0 0 0 0 0 0 0 0 0 0 0 0 0 0 0 0 0 0 0 0 0 0 0 0 0 0 0 0 0 0 0 0 0 0 0 0 0 0 0 0 0 0 0 0 0 0 0 0 0 0 0 0 0 data 10 0x60002 0x2 0x0 0x0 0x0 0x0 0x9 0x2 0x6 0x0 oops 0 methods 0
ciMethodData java/security/AccessController doPrivileged (Ljava/security/PrivilegedExceptionAction;Ljava/security/AccessControlContext;)Ljava/lang/Object; 1 33 orig 80 0 0 0 0 0 0 0 0 0 0 0 0 0 0 0 0 0 0 0 0 0 0 0 0 0 0 0 0 0 0 0 0 0 0 0 0 0 0 0 0 0 0 0 0 0 0 0 0 0 0 0 0 0 0 0 0 0 0 0 0 0 0 0 0 0 0 0 0 0 0 0 0 0 0 0 0 0 0 0 0 data 18 0x2 0x13 0x60002 0x13 0xd0002 0x13 0x160002 0x0 0x0 0x0 0x0 0x0 0x0 0x0 0x9 0x2 0xffffffffffffffff 0x0 oops 0 methods 0
ciMethodData jdk/internal/loader/URLClassPath getResource (Ljava/lang/String;Z)Ljdk/internal/loader/Resource; 2 2576 orig 80 0 0 0 0 0 0 0 0 0 0 0 0 223 1 0 0 0 0 0 0 0 0 0 0 0 0 0 0 0 0 0 0 0 0 0 0 0 0 0 0 0 0 0 0 0 0 0 0 0 0 0 0 0 0 0 0 0 0 0 0 0 0 0 0 0 0 0 0 0 0 0 0 0 0 0 0 0 0 0 0 data 77 0x30007 0x922 0x148 0x0 0xd0002 0x0 0x120005 0x0 0x0 0x0 0x0 0x0 0x0 0x160005 0x0 0x0 0x0 0x0 0x0 0x0 0x1b0005 0x0 0x0 0x0 0x0 0x0 0x0 0x1e0005 0x0 0x0 0x0 0x0 0x0 0x0 0x210005 0x0 0x0 0x0 0x0 0x0 0x0 0x2a0005 0xa46 0x0 0x0 0x0 0x0 0x0 0x2f0007 0x10 0x90 0xa36 0x350005 0x0 0x0 0x1df6118e9d0 0xa36 0x0 0x0 0x3c0007 0x124 0x20 0x912 0x450003 0x124 0xffffffffffffff50 0x0 0x0 0x0 0x0 0x0 0x0 0x9 0x3 0x0 0x0 0x0 oops 1 55 jdk/internal/loader/URLClassPath$JarLoader methods 0
ciMethodData jdk/internal/loader/BuiltinClassLoader defineClass (Ljava/lang/String;Ljdk/internal/loader/Resource;)Ljava/lang/Class; 2 2631 orig 80 0 0 0 0 0 0 0 0 0 0 0 0 0 0 0 0 0 0 0 0 0 0 0 0 0 0 0 0 0 0 0 0 0 0 0 0 0 0 0 0 0 0 0 0 0 0 0 0 0 0 0 0 0 0 0 0 0 0 0 0 0 0 0 0 0 0 0 0 0 0 0 0 0 0 0 0 0 0 0 0 data 100 0x10005 0x0 0x0 0x1df6118e5b0 0x95a 0x0 0x0 0x80005 0x95a 0x0 0x0 0x0 0x0 0x0 0x100007 0x0 0xc8 0x95a 0x170005 0x95a 0x0 0x0 0x0 0x0 0x0 0x1d0005 0x0 0x0 0x1df6118e5b0 0x95a 0x0 0x0 0x280005 0x0 0x0 0x1df6001e590 0x95a 0x0 0x0 0x2d0005 0x0 0x0 0x1df6118e5b0 0x95a 0x0 0x0 0x340007 0x95a 0xa0 0x0 0x380005 0x0 0x0 0x0 0x0 0x0 0x0 0x440002 0x0 0x4f0005 0x0 0x0 0x0 0x0 0x0 0x0 0x540005 0x0 0x0 0x1df6118e5b0 0x95a 0x0 0x0 0x5a0005 0x0 0x0 0x1df6118e5b0 0x959 0x0 0x0 0x660002 0x959 0x750005 0x959 0x0 0x0 0x0 0x0 0x0 0x0 0x0 0x0 0x0 0x0 0x0 0x9 0x3 0x0 0x0 0x0 oops 6 3 jdk/internal/loader/URLClassPath$JarLoader$2 28 jdk/internal/loader/URLClassPath$JarLoader$2 35 jdk/internal/loader/ClassLoaders$AppClassLoader 42 jdk/internal/loader/URLClassPath$JarLoader$2 69 jdk/internal/loader/URLClassPath$JarLoader$2 76 jdk/internal/loader/URLClassPath$JarLoader$2 methods 0
ciMethodData java/net/URL getDefaultPort ()I 2 2655 orig 80 0 0 0 0 0 0 0 0 0 0 0 0 223 1 0 0 0 0 0 0 0 0 0 0 0 0 0 0 0 0 0 0 0 0 0 0 0 0 0 0 0 0 0 0 0 0 0 0 0 0 0 0 0 0 0 0 0 0 0 0 0 0 0 0 0 0 0 0 0 0 0 0 0 0 0 0 0 0 0 0 data 16 0x40005 0x0 0x0 0x1df60ba9340 0x95f 0x0 0x0 0x0 0x0 0x0 0x0 0x0 0x0 0x9 0x1 0x0 oops 1 3 sun/net/www/protocol/file/Handler methods 0
ciMethodData java/net/URL <init> (Ljava/net/URL;Ljava/lang/String;Ljava/net/URLStreamHandler;)V 2 8747 orig 80 0 0 0 0 0 0 0 0 0 0 0 0 223 1 0 0 0 0 0 0 0 0 0 0 0 0 0 0 0 0 0 0 0 0 0 0 0 0 0 0 0 0 0 0 0 0 0 0 0 0 0 0 0 0 0 0 0 0 0 0 0 0 0 0 0 0 0 0 0 0 0 0 0 0 0 0 0 0 0 0 data 332 0x10002 0x96d 0x1e0007 0x96d 0x88 0x0 0x210002 0x0 0x280007 0x0 0x58 0x0 0x2e0005 0x0 0x0 0x0 0x0 0x0 0x0 0x320005 0x96d 0x0 0x0 0x0 0x0 0x0 0x390007 0x0 0x90 0x96d 0x410005 0x96d 0x0 0x0 0x0 0x0 0x0 0x460007 0x96d 0x38 0x0 0x4c0003 0x0 0xffffffffffffff88 0x530007 0x0 0x90 0x96d 0x590005 0x96d 0x0 0x0 0x0 0x0 0x0 0x5e0007 0x96d 0x38 0x0 0x640003 0x0 0xffffffffffffff88 0x6f0005 0x96d 0x0 0x0 0x0 0x0 0x0 0x720007 0x96d 0x20 0x0 0x7b0005 0x96d 0x0 0x0 0x0 0x0 0x0 0x7e0007 0x0 0x78 0x96d 0x840005 0x96d 0x0 0x0 0x0 0x0 0x0 0x890007 0x96d 0x20 0x0 0x950007 0x0 0x188 0x2711 0x9c0007 0x0 0x168 0x2711 0xa20005 0x2711 0x0 0x0 0x0 0x0 0x0 0xaa0007 0x960 0x110 0x1db1 0xb10007 0x1da4 0xd8 0xd 0xb90005 0xd 0x0 0x0 0x0 0x0 0x0 0xbc0002 0xd 0xc40005 0xd 0x0 0x0 0x0 0x0 0x0 0xc70007 0x0 0x50 0xd 0xd40003 0xd 0x30 0xda0003 0x1da4 0xfffffffffffffe90 0xe40007 0xd 0x150 0x960 0xe90007 0x960 0x78 0x0 0xf20005 0x0 0x0 0x0 0x0 0x0 0x0 0xf50007 0x0 0xd8 0x0 0xf90007 0x0 0x20 0x960 0x1050007 0x0 0x78 0x960 0x10e0005 0x960 0x0 0x0 0x0 0x0 0x0 0x1110007 0x960 0x20 0x0 0x1190007 0x0 0x20 0x960 0x15b0007 0x96d 0xe8 0x0 0x1660002 0x0 0x16b0005 0x0 0x0 0x0 0x0 0x0 0x0 0x1700005 0x0 0x0 0x0 0x0 0x0 0x0 0x1730005 0x0 0x0 0x0 0x0 0x0 0x0 0x1760002 0x0 0x17b0007 0x960 0x118 0xd 0x1820002 0xd 0x1870007 0xd 0xe8 0x0 0x1920002 0x0 0x1970005 0x0 0x0 0x0 0x0 0x0 0x0 0x19e0005 0x0 0x0 0x0 0x0 0x0 0x0 0x1a10005 0x0 0x0 0x0 0x0 0x0 0x0 0x1a40002 0x0 0x1b20005 0x96d 0x0 0x0 0x0 0x0 0x0 0x1b90007 0x96d 0x58 0x0 0x1c40005 0x0 0x0 0x0 0x0 0x0 0x0 0x1d00007 0xd 0x60 0x960 0x1d70007 0x960 0x40 0x0 0x1e60007 0x0 0x20 0x0 0x1f80005 0x0 0x0 0x1df61320bc0 0x960 0x1df60ba9340 0xd 0x1fb0003 0x96d 0x98 0x20b0005 0x0 0x0 0x0 0x0 0x0 0x0 0x20e0002 0x0 0x2170005 0x0 0x0 0x0 0x0 0x0 0x0 0x0 0x0 0x0 0x0 0x0 0x0 0x0 0x0 0x0 0x0 0x0 0x0 0x0 0x0 0x0 0x0 0x0 0x0 0x0 0x0 0x9 0x4 0x0 0x0 0x0 0x0 oops 2 283 sun/net/www/protocol/jar/Handler 285 sun/net/www/protocol/file/Handler methods 0
ciMethodData java/net/URL <init> (Ljava/net/URL;Ljava/lang/String;)V 2 2591 orig 80 0 0 0 0 0 0 0 0 0 0 0 0 223 1 0 0 0 0 0 0 0 0 0 0 0 0 0 0 0 0 0 0 0 0 0 0 0 0 0 0 0 0 0 0 0 0 0 0 0 0 0 0 0 0 0 0 0 0 0 0 0 0 0 0 0 0 0 0 0 0 0 0 0 0 0 0 0 0 0 0 data 9 0x40002 0x91d 0x0 0x0 0x9 0x3 0x0 0x0 0x0 oops 0 methods 0
ciMethodData jdk/internal/loader/ClassLoaders$BootClassLoader loadClassOrNull (Ljava/lang/String;Z)Ljava/lang/Class; 2 2781 orig 80 0 0 0 0 0 0 0 0 0 0 0 0 223 1 0 0 0 0 0 0 0 0 0 0 0 0 0 0 0 0 0 0 0 0 0 0 0 0 0 0 0 0 0 0 0 0 0 0 0 0 0 0 0 0 0 0 0 0 0 0 0 0 0 0 0 0 0 0 0 0 0 0 0 0 0 0 0 0 0 0 data 18 0x40005 0x0 0x0 0x1df610c30e0 0x95d 0x0 0x0 0x0 0x0 0x0 0x0 0x0 0x0 0x9 0x3 0x0 0x0 0x0 oops 1 3 java/lang/System$2 methods 0
ciMethodData sun/net/www/ParseUtil encodePath (Ljava/lang/String;Z)Ljava/lang/String; 2 2590 orig 80 0 0 0 0 0 0 0 0 0 0 0 0 0 0 0 0 0 0 0 0 0 0 0 0 0 0 0 0 0 0 0 0 0 0 0 0 0 0 0 0 0 0 0 0 0 0 0 0 0 0 0 0 0 0 0 0 0 0 0 0 0 0 0 0 0 0 0 0 0 0 0 0 0 0 0 0 0 0 0 0 data 28 0x10007 0x8f1 0x50 0x0 0x90007 0x0 0x30 0x0 0x110002 0x0 0x160002 0x8f1 0x1c0007 0x8f1 0x30 0x0 0x230002 0x0 0x0 0x0 0x0 0x0 0x0 0x0 0x9 0x2 0x0 0x0 oops 0 methods 0
ciMethodData jdk/internal/loader/URLClassPath$JarLoader$2 <init> (Ljdk/internal/loader/URLClassPath$JarLoader;Ljava/lang/String;Ljava/net/URL;Ljava/util/jar/JarEntry;)V 2 2585 orig 80 0 0 0 0 0 0 0 0 0 0 0 0 0 0 0 0 0 0 0 0 0 0 0 0 0 0 0 0 0 0 0 0 0 0 0 0 0 0 0 0 0 0 0 0 0 0 0 0 0 0 0 0 0 0 0 0 0 0 0 0 0 0 0 0 0 0 0 0 0 0 0 0 0 0 0 0 0 0 0 0 data 13 0x160002 0x8f2 0x0 0x0 0x0 0x0 0x9 0x5 0x1c 0x0 0x0 0x0 0x0 oops 0 methods 0
ciMethodData jdk/internal/loader/Resource <init> ()V 2 2585 orig 80 0 0 0 0 0 0 0 0 0 0 0 0 0 0 0 0 0 0 0 0 0 0 0 0 0 0 0 0 0 0 0 0 0 0 0 0 0 0 0 0 0 0 0 0 0 0 0 0 0 0 0 0 0 0 0 0 0 0 0 0 0 0 0 0 0 0 0 0 0 0 0 0 0 0 0 0 0 0 0 0 data 7 0x10002 0x8f2 0x0 0x0 0x9 0x1 0x0 oops 0 methods 0
ciMethodData java/lang/ClassLoader compareCerts ([Ljava/security/cert/Certificate;[Ljava/security/cert/Certificate;)Z 2 2396 orig 80 0 0 0 0 0 0 0 0 0 0 0 0 223 1 0 0 0 0 0 0 0 0 0 0 0 0 0 0 0 0 0 0 0 0 0 0 0 0 0 0 0 0 0 0 0 0 0 0 0 0 0 0 0 0 0 0 0 0 0 0 0 0 0 0 0 0 0 0 0 0 0 0 0 0 0 0 0 0 0 0 data 90 0x20007 0x0 0x58 0x85c 0x70007 0x0 0x38 0x85c 0xb0003 0x85c 0x18 0x140007 0x0 0x20 0x0 0x280007 0x0 0x100 0x0 0x430007 0x0 0xa8 0x0 0x510005 0x0 0x0 0x0 0x0 0x0 0x0 0x540007 0x0 0x38 0x0 0x590003 0x0 0x30 0x5f0003 0x0 0xffffffffffffff70 0x630007 0x0 0x20 0x0 0x6b0003 0x0 0xffffffffffffff18 0x7d0007 0x0 0x100 0x0 0x980007 0x0 0xa8 0x0 0xa60005 0x0 0x0 0x0 0x0 0x0 0x0 0xa90007 0x0 0x38 0x0 0xae0003 0x0 0x30 0xb40003 0x0 0xffffffffffffff70 0xb80007 0x0 0x20 0x0 0xc00003 0x0 0xffffffffffffff18 0x0 0x0 0x0 0x0 0x0 0x0 0x9 0x3 0x0 0x0 0x0 oops 0 methods 0
ciMethodData jdk/internal/loader/URLClassPath$JarLoader$2 getCodeSourceURL ()Ljava/net/URL; 2 2646 orig 80 0 0 0 0 0 0 0 0 0 0 0 0 0 0 0 0 0 0 0 0 0 0 0 0 0 0 0 0 0 0 0 0 0 0 0 0 0 0 0 0 0 0 0 0 0 0 0 0 0 0 0 0 0 0 0 0 0 0 0 0 0 0 0 0 0 0 0 0 0 0 0 0 0 0 0 0 0 0 0 0 data 7 0x0 0x0 0x0 0x0 0x9 0x1 0x0 oops 0 methods 0
ciMethodData jdk/internal/loader/Resource getByteBuffer ()Ljava/nio/ByteBuffer; 2 2646 orig 80 0 0 0 0 0 0 0 0 0 0 0 0 0 0 0 0 0 0 0 0 0 0 0 0 0 0 0 0 0 0 0 0 0 0 0 0 0 0 0 0 0 0 0 0 0 0 0 0 0 0 0 0 0 0 0 0 0 0 0 0 0 0 0 0 0 0 0 0 0 0 0 0 0 0 0 0 0 0 0 0 data 41 0x10005 0x8e8 0x0 0x0 0x0 0x0 0x0 0x60004 0xfffffffffffff718 0x0 0x1df6121a620 0x54 0x0 0x0 0x90007 0x8e8 0x90 0x0 0xd0004 0x0 0x0 0x0 0x0 0x0 0x0 0x100005 0x0 0x0 0x0 0x0 0x0 0x0 0x0 0x0 0x0 0x0 0x0 0x0 0x9 0x1 0x0 oops 1 10 java/util/zip/ZipFile$ZipFileInflaterInputStream methods 0
ciMethodData jdk/internal/loader/URLClassPath$JarLoader$2 getBytes ()[B 2 2646 orig 80 0 0 0 0 0 0 0 0 0 0 0 0 0 0 0 0 0 0 0 0 0 0 0 0 0 0 0 0 0 0 0 0 0 0 0 0 0 0 0 0 0 0 0 0 0 0 0 0 0 0 0 0 0 0 0 0 0 0 0 0 0 0 0 0 0 0 0 0 0 0 0 0 0 0 0 0 0 0 0 0 data 40 0x10002 0x8e7 0x90002 0x8e7 0xf0005 0x0 0x0 0x1df6121c1e0 0x8e7 0x0 0x0 0x130005 0x0 0x0 0x1df6121c1e0 0x8e7 0x0 0x0 0x1a0005 0x0 0x0 0x1df60fad3f0 0x8e7 0x0 0x0 0x1e0007 0x8e7 0x30 0x0 0x280002 0x0 0x0 0x0 0x0 0x0 0x0 0x0 0x9 0x1 0xffffffffffffffff oops 3 7 java/util/zip/CRC32 14 java/util/zip/CRC32 21 java/util/jar/JarFile$JarFileEntry methods 0
ciMethodData java/security/SecureClassLoader defineClass (Ljava/lang/String;[BIILjava/security/CodeSource;)Ljava/lang/Class; 2 2646 orig 80 0 0 0 0 0 0 0 0 0 0 0 0 0 0 0 0 0 0 0 0 0 0 0 0 0 0 0 0 0 0 0 0 0 0 0 0 0 0 0 0 0 0 0 0 0 0 0 0 0 0 0 0 0 0 0 0 0 0 0 0 0 0 0 0 0 0 0 0 0 0 0 0 0 0 0 0 0 0 0 0 data 28 0x90005 0x8e8 0x0 0x0 0x0 0x0 0x0 0xc0005 0x8e8 0x0 0x0 0x0 0x0 0x0 0x0 0x0 0x0 0x0 0x0 0x0 0x9 0x6 0xffffffffffffffff 0xffffffffffffffff 0xffffffffffffffff 0x0 0x0 0x0 oops 0 methods 0
ciMethodData java/util/zip/ZipCoder$UTF8ZipCoder toString ([BII)Ljava/lang/String; 2 14287 orig 80 0 0 0 0 0 0 0 0 0 0 0 0 223 1 0 0 0 0 0 0 0 0 0 0 0 0 0 0 0 0 0 0 0 0 0 0 0 0 0 0 0 0 0 0 0 0 0 0 0 0 0 0 0 0 0 0 0 0 0 0 0 0 0 0 0 0 0 0 0 0 0 0 0 0 0 0 0 0 0 0 data 19 0x60005 0x0 0x0 0x1df610c30e0 0x364a 0x0 0x0 0x0 0x0 0x0 0x0 0x0 0x0 0x9 0x4 0x0 0x0 0x0 0x0 oops 1 3 java/lang/System$2 methods 0
ciMethodData jdk/internal/loader/Resource getBytes ()[B 2 6510 orig 80 0 0 0 0 0 0 0 0 0 0 0 0 223 1 0 0 0 0 0 0 0 0 0 0 0 0 0 0 0 0 0 0 0 0 0 0 0 0 0 0 0 0 0 0 0 0 0 0 0 0 0 0 0 0 0 0 0 0 0 0 0 0 0 0 0 0 0 0 0 0 0 0 0 0 0 0 0 0 0 0 data 145 0x10005 0x8c5 0x0 0x0 0x0 0x0 0x0 0x50002 0x8c5 0xa0005 0x0 0x0 0x1df6118e5b0 0x8c5 0x0 0x0 0xf0003 0x8c5 0x40 0x140002 0x0 0x1a0003 0x0 0xffffffffffffffa0 0x240007 0x8c5 0x20 0x0 0x320007 0x8c5 0x1a8 0x156e 0x390007 0xb 0x78 0x1563 0x470002 0x1563 0x4e0007 0x1563 0x20 0x0 0x5e0002 0x1563 0x620003 0x1563 0x18 0x750005 0x0 0x0 0x1df6121a620 0x156e 0x0 0x0 0x7a0003 0x156e 0x28 0x7f0002 0x0 0x870007 0x156e 0x98 0x0 0x8e0007 0x0 0x30 0x0 0x970002 0x0 0x9f0007 0x0 0x60 0x0 0xa50002 0x0 0xa90003 0x0 0x30 0xb30003 0x156e 0xfffffffffffffe70 0xb70005 0x0 0x0 0x1df6121a620 0x8c5 0x0 0x0 0xba0003 0x8c5 0x30 0xc10003 0x0 0x18 0xc70007 0x8c5 0x150 0x0 0xca0002 0x0 0xcd0005 0x0 0x0 0x0 0x0 0x0 0x0 0xd00003 0x0 0xe8 0xd60005 0x0 0x0 0x0 0x0 0x0 0x0 0xd90003 0x0 0x30 0xe00003 0x0 0x18 0xe60007 0x0 0x68 0x0 0xe90002 0x0 0xec0005 0x0 0x0 0x0 0x0 0x0 0x0 0x0 0x0 0x0 0x0 0x0 0x0 0x9 0x1 0x0 oops 3 12 jdk/internal/loader/URLClassPath$JarLoader$2 50 java/util/zip/ZipFile$ZipFileInflaterInputStream 84 java/util/zip/ZipFile$ZipFileInflaterInputStream methods 0
ciMethodData java/security/SecureClassLoader getProtectionDomain (Ljava/security/CodeSource;)Ljava/security/ProtectionDomain; 2 2646 orig 80 0 0 0 0 0 0 0 0 0 0 0 0 0 0 0 0 0 0 0 0 0 0 0 0 0 0 0 0 0 0 0 0 0 0 0 0 0 0 0 0 0 0 0 0 0 0 0 0 0 0 0 0 0 0 0 0 0 0 0 0 0 0 0 0 0 0 0 0 0 0 0 0 0 0 0 0 0 0 0 0 data 32 0x10007 0x866 0x20 0x0 0xb0002 0x866 0x1a0002 0x866 0x1d0005 0x0 0x0 0x1df6001e740 0x866 0x0 0x0 0x220004 0x0 0x0 0x1df6001bb10 0x866 0x0 0x0 0x0 0x0 0x0 0x0 0x0 0x0 0x9 0x2 0x0 0x0 oops 2 11 java/util/concurrent/ConcurrentHashMap 18 java/security/ProtectionDomain methods 0
ciMethodData java/lang/ClassLoader defineClass (Ljava/lang/String;[BIILjava/security/ProtectionDomain;)Ljava/lang/Class; 2 2646 orig 80 0 0 0 0 0 0 0 0 0 0 0 0 0 0 0 0 0 0 0 0 0 0 0 0 0 0 0 0 0 0 0 0 0 0 0 0 0 0 0 0 0 0 0 0 0 0 0 0 0 0 0 0 0 0 0 0 0 0 0 0 0 0 0 0 0 0 0 0 0 0 0 0 0 0 0 0 0 0 0 0 data 37 0x40005 0x866 0x0 0x0 0x0 0x0 0x0 0xc0005 0x866 0x0 0x0 0x0 0x0 0x0 0x1b0002 0x866 0x250005 0x864 0x0 0x0 0x0 0x0 0x0 0x0 0x0 0x0 0x0 0x0 0x0 0x9 0x6 0xffffffffffffffff 0xffffffffffffffff 0xffffffffffffffff 0x0 0x0 0x0 oops 0 methods 0
ciMethodData java/security/SecureClassLoader$CodeSourceKey <init> (Ljava/security/CodeSource;)V 2 2646 orig 80 0 0 0 0 0 0 0 0 0 0 0 0 0 0 0 0 0 0 0 0 0 0 0 0 0 0 0 0 0 0 0 0 0 0 0 0 0 0 0 0 0 0 0 0 0 0 0 0 0 0 0 0 0 0 0 0 0 0 0 0 0 0 0 0 0 0 0 0 0 0 0 0 0 0 0 0 0 0 0 0 data 10 0x10002 0x7e6 0x0 0x0 0x0 0x0 0x9 0x2 0x6 0x0 oops 0 methods 0
ciMethodData java/security/SecureClassLoader$1 <init> (Ljava/security/SecureClassLoader;Ljava/security/CodeSource;)V 2 2646 orig 80 0 0 0 0 0 0 0 0 0 0 0 0 0 0 0 0 0 0 0 0 0 0 0 0 0 0 0 0 0 0 0 0 0 0 0 0 0 0 0 0 0 0 0 0 0 0 0 0 0 0 0 0 0 0 0 0 0 0 0 0 0 0 0 0 0 0 0 0 0 0 0 0 0 0 0 0 0 0 0 0 data 11 0xb0002 0x7e6 0x0 0x0 0x0 0x0 0x9 0x3 0x6 0x0 0x0 oops 0 methods 0
ciMethodData java/lang/ClassLoader preDefineClass (Ljava/lang/String;Ljava/security/ProtectionDomain;)Ljava/security/ProtectionDomain; 2 2646 orig 80 0 0 0 0 0 0 0 0 0 0 0 0 0 0 0 0 0 0 0 0 0 0 0 0 0 0 0 0 0 0 0 0 0 0 0 0 0 0 0 0 0 0 0 0 0 0 0 0 0 0 0 0 0 0 0 0 0 0 0 0 0 0 0 0 0 0 0 0 0 0 0 0 0 0 0 0 0 0 0 0 data 124 0x10002 0x7e4 0x40007 0x7e4 0xe8 0x0 0xf0002 0x0 0x150005 0x0 0x0 0x0 0x0 0x0 0x0 0x190005 0x0 0x0 0x0 0x0 0x0 0x0 0x1c0005 0x0 0x0 0x0 0x0 0x0 0x0 0x1f0002 0x0 0x240007 0x0 0x1e0 0x7e4 0x2b0005 0x7e4 0x0 0x0 0x0 0x0 0x0 0x2e0007 0x7e4 0x188 0x0 0x320002 0x0 0x350007 0x0 0x158 0x0 0x400002 0x0 0x460005 0x0 0x0 0x0 0x0 0x0 0x0 0x4e0005 0x0 0x0 0x0 0x0 0x0 0x0 0x510005 0x0 0x0 0x0 0x0 0x0 0x0 0x540005 0x0 0x0 0x0 0x0 0x0 0x0 0x570005 0x0 0x0 0x0 0x0 0x0 0x0 0x5a0002 0x0 0x5f0007 0x7e4 0x20 0x0 0x680007 0x0 0x90 0x7e4 0x6e0005 0x7e4 0x0 0x0 0x0 0x0 0x0 0x710005 0x7e4 0x0 0x0 0x0 0x0 0x0 0x0 0x0 0x0 0x0 0x0 0x0 0x9 0x3 0xffffffffffffffff 0xffffffffffffffff 0x0 oops 0 methods 0
ciMethodData java/lang/ClassLoader checkCerts (Ljava/lang/String;Ljava/security/CodeSource;)V 2 2646 orig 80 0 0 0 0 0 0 0 0 0 0 0 0 223 1 0 0 0 0 0 0 0 0 0 0 0 0 0 0 0 0 0 0 0 0 0 0 0 0 0 0 0 0 0 0 0 0 0 0 0 0 0 0 0 0 0 0 0 0 0 0 0 0 0 0 0 0 0 0 0 0 0 0 0 0 0 0 0 0 0 0 data 111 0x30005 0x7d6 0x0 0x0 0x0 0x0 0x0 0x90007 0x7d6 0x38 0x0 0xf0003 0x0 0x50 0x150005 0x7d6 0x0 0x0 0x0 0x0 0x0 0x1e0007 0x0 0x58 0x7d6 0x220005 0x7d6 0x0 0x0 0x0 0x0 0x0 0x290007 0x0 0x38 0x7d6 0x2f0003 0x7d6 0x18 0x3e0005 0x0 0x0 0x1df6001e740 0x7d6 0x0 0x0 0x410104 0x0 0x0 0x1df61221880 0x716 0x0 0x0 0x480007 0xc0 0x178 0x716 0x500005 0x716 0x0 0x0 0x0 0x0 0x0 0x530007 0x716 0x120 0x0 0x5e0002 0x0 0x640005 0x0 0x0 0x0 0x0 0x0 0x0 0x680005 0x0 0x0 0x0 0x0 0x0 0x0 0x6e0005 0x0 0x0 0x0 0x0 0x0 0x0 0x710005 0x0 0x0 0x0 0x0 0x0 0x0 0x740002 0x0 0x0 0x0 0x0 0x0 0x0 0x0 0x9 0x3 0xffffffffffffffff 0x0 0xc oops 2 42 java/util/concurrent/ConcurrentHashMap 49 [Ljava/security/cert/Certificate; methods 0
ciMethod java/lang/SecurityException <init> (Ljava/lang/String;)V 0 0 1 0 -1
ciMethodData java/util/HashMap containsKey (Ljava/lang/Object;)Z 1 427 orig 80 0 0 0 0 0 0 0 0 0 0 0 0 223 1 0 0 0 0 0 0 0 0 0 0 0 0 0 0 0 0 0 0 0 0 0 0 0 0 0 0 0 0 0 0 0 0 0 0 0 0 0 0 0 0 0 0 0 0 0 0 0 0 0 0 0 0 0 0 0 0 0 0 0 0 0 0 0 0 0 0 data 24 0x20005 0xab 0x0 0x0 0x0 0x0 0x0 0x50007 0xa4 0x38 0x7 0x90003 0x7 0x18 0x0 0x0 0x0 0x0 0x0 0x0 0x9 0x2 0x0 0x0 oops 0 methods 0
ciMethodData java/util/zip/ZipFile$1 getMetaInfVersions (Ljava/util/jar/JarFile;)[I 1 320 orig 80 0 0 0 0 0 0 0 0 0 0 0 0 223 1 0 0 0 0 0 0 0 0 0 0 0 0 0 0 0 0 0 0 0 0 0 0 0 0 0 0 0 0 0 0 0 0 0 0 0 0 0 0 0 0 0 0 0 0 0 0 0 0 0 0 0 0 0 0 0 0 0 0 0 0 0 0 0 0 0 0 data 17 0x10005 0x40 0x0 0x0 0x0 0x0 0x0 0x0 0x0 0x0 0x0 0x0 0x0 0x9 0x2 0x0 0x0 oops 0 methods 0
ciMethodData java/util/zip/ZipFile getMetaInfVersions ()[I 1 320 orig 80 0 0 0 0 0 0 0 0 0 0 0 0 0 0 0 0 0 0 0 0 0 0 0 0 0 0 0 0 0 0 0 0 0 0 0 0 0 0 0 0 0 0 0 0 0 0 0 0 0 0 0 0 0 0 0 0 0 0 0 0 0 0 0 0 0 0 0 0 0 0 0 0 0 0 0 0 0 0 0 0 data 16 0x50005 0x40 0x0 0x0 0x0 0x0 0x0 0x0 0x0 0x0 0x0 0x0 0x0 0x9 0x1 0x0 oops 0 methods 0
compile jdk/internal/loader/BuiltinClassLoader loadClassOrNull (Ljava/lang/String;Z)Ljava/lang/Class; -1 4 inline 268 0 -1 jdk/internal/loader/BuiltinClassLoader loadClassOrNull (Ljava/lang/String;Z)Ljava/lang/Class; 1 2 java/lang/ClassLoader getClassLoadingLock (Ljava/lang/String;)Ljava/lang/Object; 2 13 java/lang/Object <init> ()V 2 23 java/util/concurrent/ConcurrentHashMap putIfAbsent (Ljava/lang/Object;Ljava/lang/Object;)Ljava/lang/Object; 1 10 java/lang/ClassLoader findLoadedClass (Ljava/lang/String;)Ljava/lang/Class; 2 1 java/lang/ClassLoader checkName (Ljava/lang/String;)Z 3 5 java/lang/String isEmpty ()Z 3 16 java/lang/String indexOf (I)I 4 3 java/lang/String indexOf (II)I 5 1 java/lang/String isLatin1 ()Z 5 13 java/lang/StringLatin1 indexOf ([BII)I 6 1 java/lang/StringLatin1 canEncode (I)Z 3 25 java/lang/String charAt (I)C 4 1 java/lang/String isLatin1 ()Z 4 12 java/lang/StringLatin1 charAt ([BI)C 1 22 jdk/internal/loader/BuiltinClassLoader findLoadedModule (Ljava/lang/String;)Ljdk/internal/loader/BuiltinClassLoader$LoadedModule; 2 3 java/lang/String lastIndexOf (I)I 3 3 java/lang/String length ()I 4 6 java/lang/String coder ()B 3 8 java/lang/String lastIndexOf (II)I 4 1 java/lang/String isLatin1 ()Z 4 13 java/lang/StringLatin1 lastIndexOf ([BII)I 5 1 java/lang/StringLatin1 canEncode (I)Z 2 16 java/lang/String substring (II)Ljava/lang/String; 3 1 java/lang/String length ()I 4 6 java/lang/String coder ()B 3 8 java/lang/String checkBoundsBeginEnd (III)V 3 28 java/lang/String isLatin1 ()Z 3 41 java/lang/StringLatin1 newString ([BII)Ljava/lang/String; 4 16 java/util/Arrays copyOfRange ([BII)[B 4 20 java/lang/String <init> ([BB)V 5 1 java/lang/Object <init> ()V 2 24 java/util/concurrent/ConcurrentHashMap get (Ljava/lang/Object;)Ljava/lang/Object; 3 1 java/lang/String hashCode ()I 4 17 java/lang/String isLatin1 ()Z 4 27 java/lang/StringLatin1 hashCode ([B)I 3 4 java/util/concurrent/ConcurrentHashMap spread (I)I 3 34 java/util/concurrent/ConcurrentHashMap tabAt ([Ljava/util/concurrent/ConcurrentHashMap$Node;I)Ljava/util/concurrent/ConcurrentHashMap$Node; 3 73 java/lang/String equals (Ljava/lang/Object;)Z 3 149 java/lang/String equals (Ljava/lang/Object;)Z 1 34 jdk/internal/loader/BuiltinClassLoader$LoadedModule loader ()Ljdk/internal/loader/BuiltinClassLoader; 1 66 jdk/internal/loader/BuiltinClassLoader loadClassOrNull (Ljava/lang/String;)Ljava/lang/Class; 2 3 jdk/internal/loader/ClassLoaders$BootClassLoader loadClassOrNull (Ljava/lang/String;Z)Ljava/lang/Class; 3 4 java/lang/System$2 findBootstrapClassOrNull (Ljava/lang/String;)Ljava/lang/Class; 2 3 jdk/internal/loader/BuiltinClassLoader loadClassOrNull (Ljava/lang/String;Z)Ljava/lang/Class; 3 2 java/lang/ClassLoader getClassLoadingLock (Ljava/lang/String;)Ljava/lang/Object; 4 13 java/lang/Object <init> ()V 4 23 java/util/concurrent/ConcurrentHashMap putIfAbsent (Ljava/lang/Object;Ljava/lang/Object;)Ljava/lang/Object; 3 10 java/lang/ClassLoader findLoadedClass (Ljava/lang/String;)Ljava/lang/Class; 4 1 java/lang/ClassLoader checkName (Ljava/lang/String;)Z 5 5 java/lang/String isEmpty ()Z 5 16 java/lang/String indexOf (I)I 6 3 java/lang/String indexOf (II)I 7 1 java/lang/String isLatin1 ()Z 7 13 java/lang/StringLatin1 indexOf ([BII)I 8 1 java/lang/StringLatin1 canEncode (I)Z 5 25 java/lang/String charAt (I)C 6 1 java/lang/String isLatin1 ()Z 6 12 java/lang/StringLatin1 charAt ([BI)C 3 22 jdk/internal/loader/BuiltinClassLoader findLoadedModule (Ljava/lang/String;)Ljdk/internal/loader/BuiltinClassLoader$LoadedModule; 4 3 java/lang/String lastIndexOf (I)I 5 3 java/lang/String length ()I 6 6 java/lang/String coder ()B 5 8 java/lang/String lastIndexOf (II)I 6 1 java/lang/String isLatin1 ()Z 6 13 java/lang/StringLatin1 lastIndexOf ([BII)I 7 1 java/lang/StringLatin1 canEncode (I)Z 4 16 java/lang/String substring (II)Ljava/lang/String; 5 1 java/lang/String length ()I 6 6 java/lang/String coder ()B 5 8 java/lang/String checkBoundsBeginEnd (III)V 5 28 java/lang/String isLatin1 ()Z 5 41 java/lang/StringLatin1 newString ([BII)Ljava/lang/String; 6 16 java/util/Arrays copyOfRange ([BII)[B 6 20 java/lang/String <init> ([BB)V 7 1 java/lang/Object <init> ()V 4 24 java/util/concurrent/ConcurrentHashMap get (Ljava/lang/Object;)Ljava/lang/Object; 5 1 java/lang/String hashCode ()I 6 17 java/lang/String isLatin1 ()Z 6 27 java/lang/StringLatin1 hashCode ([B)I 5 4 java/util/concurrent/ConcurrentHashMap spread (I)I 5 34 java/util/concurrent/ConcurrentHashMap tabAt ([Ljava/util/concurrent/ConcurrentHashMap$Node;I)Ljava/util/concurrent/ConcurrentHashMap$Node; 5 73 java/lang/String equals (Ljava/lang/Object;)Z 5 149 java/lang/String equals (Ljava/lang/Object;)Z 3 34 jdk/internal/loader/BuiltinClassLoader$LoadedModule loader ()Ljdk/internal/loader/BuiltinClassLoader; 3 66 jdk/internal/loader/BuiltinClassLoader loadClassOrNull (Ljava/lang/String;)Ljava/lang/Class; 4 3 jdk/internal/loader/ClassLoaders$BootClassLoader loadClassOrNull (Ljava/lang/String;Z)Ljava/lang/Class; 5 4 java/lang/System$2 findBootstrapClassOrNull (Ljava/lang/String;)Ljava/lang/Class; 6 1 java/lang/ClassLoader findBootstrapClassOrNull (Ljava/lang/String;)Ljava/lang/Class; 7 1 java/lang/ClassLoader checkName (Ljava/lang/String;)Z 8 5 java/lang/String isEmpty ()Z 8 16 java/lang/String indexOf (I)I 9 3 java/lang/String indexOf (II)I 10 1 java/lang/String isLatin1 ()Z 10 13 java/lang/StringLatin1 indexOf ([BII)I 11 1 java/lang/StringLatin1 canEncode (I)Z 8 25 java/lang/String charAt (I)C 9 1 java/lang/String isLatin1 ()Z 9 12 java/lang/StringLatin1 charAt ([BI)C 3 86 jdk/internal/loader/BuiltinClassLoader loadClassOrNull (Ljava/lang/String;)Ljava/lang/Class; 4 3 jdk/internal/loader/ClassLoaders$BootClassLoader loadClassOrNull (Ljava/lang/String;Z)Ljava/lang/Class; 5 4 java/lang/System$2 findBootstrapClassOrNull (Ljava/lang/String;)Ljava/lang/Class; 6 1 java/lang/ClassLoader findBootstrapClassOrNull (Ljava/lang/String;)Ljava/lang/Class; 7 1 java/lang/ClassLoader checkName (Ljava/lang/String;)Z 8 5 java/lang/String isEmpty ()Z 8 16 java/lang/String indexOf (I)I 9 3 java/lang/String indexOf (II)I 10 1 java/lang/String isLatin1 ()Z 10 13 java/lang/StringLatin1 indexOf ([BII)I 11 1 java/lang/StringLatin1 canEncode (I)Z 8 25 java/lang/String charAt (I)C 9 1 java/lang/String isLatin1 ()Z 9 12 java/lang/StringLatin1 charAt ([BI)C 3 97 jdk/internal/loader/BuiltinClassLoader hasClassPath ()Z 3 103 jdk/internal/misc/VM isModuleSystemInited ()Z 4 0 jdk/internal/misc/VM initLevel ()I 3 111 jdk/internal/loader/BuiltinClassLoader findClassOnClassPathOrNull (Ljava/lang/String;)Ljava/lang/Class; 4 5 java/lang/String replace (CC)Ljava/lang/String; 5 6 java/lang/String isLatin1 ()Z 5 18 java/lang/StringLatin1 replace ([BCC)Ljava/lang/String; 6 1 java/lang/StringLatin1 canEncode (I)Z 6 41 java/lang/StringLatin1 canEncode (I)Z 6 49 java/lang/StringConcatHelper newArray (J)[B 7 33 jdk/internal/misc/Unsafe allocateUninitializedArray (Ljava/lang/Class;I)Ljava/lang/Object; 6 123 java/lang/String <init> ([BB)V 7 1 java/lang/Object <init> ()V 4 10 java/lang/String concat (Ljava/lang/String;)Ljava/lang/String; 5 1 java/lang/String isEmpty ()Z 5 11 java/lang/StringConcatHelper simpleConcat (Ljava/lang/Object;Ljava/lang/Object;)Ljava/lang/String; 6 1 java/lang/StringConcatHelper stringOf (Ljava/lang/Object;)Ljava/lang/String; 7 5 java/lang/String toString ()Ljava/lang/String; 6 6 java/lang/StringConcatHelper stringOf (Ljava/lang/Object;)Ljava/lang/String; 7 5 java/lang/String toString ()Ljava/lang/String; 6 11 java/lang/String isEmpty ()Z 6 22 java/lang/String <init> (Ljava/lang/String;)V 7 1 java/lang/Object <init> ()V 6 27 java/lang/String isEmpty ()Z 6 42 java/lang/StringConcatHelper initialCoder ()J 6 46 java/lang/StringConcatHelper mix (JLjava/lang/String;)J 7 2 java/lang/String length ()I 8 6 java/lang/String coder ()B 7 9 java/lang/String coder ()B 7 23 java/lang/StringConcatHelper checkOverflow (J)J 6 54 java/lang/StringConcatHelper mix (JLjava/lang/String;)J 7 2 java/lang/String length ()I 8 6 java/lang/String coder ()B 7 9 java/lang/String coder ()B 7 23 java/lang/StringConcatHelper checkOverflow (J)J 6 61 java/lang/StringConcatHelper newArray (J)[B 7 33 jdk/internal/misc/Unsafe allocateUninitializedArray (Ljava/lang/Class;I)Ljava/lang/Object; 6 71 java/lang/StringConcatHelper prepend (J[BLjava/lang/String;)J 7 2 java/lang/String length ()I 8 6 java/lang/String coder ()B 7 21 java/lang/String getBytes ([BIB)V 8 1 java/lang/String coder ()B 6 81 java/lang/StringConcatHelper prepend (J[BLjava/lang/String;)J 7 2 java/lang/String length ()I 8 6 java/lang/String coder ()B 7 21 java/lang/String getBytes ([BIB)V 8 1 java/lang/String coder ()B 6 90 java/lang/StringConcatHelper newString ([BJ)Ljava/lang/String; 7 12 java/lang/String <init> ([BB)V 8 1 java/lang/Object <init> ()V 4 14 java/lang/System getSecurityManager ()Ljava/lang/SecurityManager; 5 0 java/lang/System allowSecurityManager ()Z 4 26 jdk/internal/loader/URLClassPath getResource (Ljava/lang/String;Z)Ljdk/internal/loader/Resource; 5 42 jdk/internal/loader/URLClassPath getLoader (I)Ljdk/internal/loader/URLClassPath$Loader; 6 13 java/util/ArrayList size ()I 6 70 java/util/HashMap containsKey (Ljava/lang/Object;)Z 6 187 java/util/ArrayList get (I)Ljava/lang/Object; 7 5 java/util/Objects checkIndex (II)I 7 11 java/util/ArrayList elementData (I)Ljava/lang/Object; 5 53 jdk/internal/loader/URLClassPath$JarLoader getResource (Ljava/lang/String;Z)Ljdk/internal/loader/Resource; 6 1 jdk/internal/loader/URLClassPath$JarLoader ensureOpen ()V 7 12 jdk/internal/loader/URLClassPath$JarLoader$1 <init> (Ljdk/internal/loader/URLClassPath$JarLoader;)V 8 6 java/lang/Object <init> ()V 6 22 java/util/jar/JarFile getJarEntry (Ljava/lang/String;)Ljava/util/jar/JarEntry; 7 2 java/util/jar/JarFile getEntry (Ljava/lang/String;)Ljava/util/zip/ZipEntry; 8 1 java/util/jar/JarFile isMultiRelease ()Z 9 16 java/util/jar/JarFile checkForSpecialAttributes ()V 8 10 java/util/jar/JarFile getVersionedEntry (Ljava/lang/String;Ljava/util/jar/JarEntry;)Ljava/util/jar/JarEntry; 9 3 java/lang/String startsWith (Ljava/lang/String;)Z 10 3 java/lang/String startsWith (Ljava/lang/String;I)Z 11 6 java/lang/String length ()I 12 6 java/lang/String coder ()B 11 10 java/lang/String length ()I 12 6 java/lang/String coder ()B 11 39 java/lang/String coder ()B 11 47 java/lang/String coder ()B 9 13 java/util/zip/ZipFile$1 getMetaInfVersions (Ljava/util/jar/JarFile;)[I 10 1 java/util/zip/ZipFile getMetaInfVersions ()[I 9 79 java/lang/StringBuilder <init> ()V 9 84 java/lang/StringBuilder append (Ljava/lang/String;)Ljava/lang/StringBuilder; 9 89 java/lang/StringBuilder append (I)Ljava/lang/StringBuilder; 9 95 java/lang/StringBuilder append (Ljava/lang/String;)Ljava/lang/StringBuilder; 9 99 java/lang/StringBuilder append (Ljava/lang/String;)Ljava/lang/StringBuilder; 8 20 java/util/zip/ZipFile getEntry (Ljava/lang/String;)Ljava/util/zip/ZipEntry; 9 3 java/util/Objects requireNonNull (Ljava/lang/Object;Ljava/lang/String;)Ljava/lang/Object; 9 14 java/util/zip/ZipFile ensureOpen ()V 9 26 java/util/zip/ZipFile$Source getEntryPos (Ljava/lang/String;Z)I 10 10 java/util/zip/ZipCoder hash (Ljava/lang/String;)I 11 1 java/lang/String hashCode ()I 12 17 java/lang/String isLatin1 ()Z 12 27 java/lang/StringLatin1 hashCode ([B)I 11 6 java/lang/String length ()I 12 6 java/lang/String coder ()B 11 18 java/lang/String charAt (I)C 12 1 java/lang/String isLatin1 ()Z 12 12 java/lang/StringLatin1 charAt ([BI)C 10 39 java/util/zip/ZipFile$Source getEntryHash (I)I 10 49 java/util/zip/ZipFile$Source getEntryPos (I)I 10 57 java/util/zip/ZipFile$Source zipCoderForPos (I)Ljava/util/zip/ZipCoder; 11 4 java/util/zip/ZipCoder$UTF8ZipCoder isUTF8 ()Z 10 79 java/util/zip/ZipUtils CENNAM ([BI)I 11 5 java/util/zip/ZipUtils SH ([BI)I 10 82 java/util/zip/ZipCoder$UTF8ZipCoder toString ([BII)Ljava/lang/String; 11 6 java/lang/System$2 newStringUTF8NoRepl ([BII)Ljava/lang/String; 10 89 java/lang/String length ()I 11 6 java/lang/String coder ()B 10 95 java/lang/String length ()I 11 6 java/lang/String coder ()B 10 110 java/lang/String equals (Ljava/lang/Object;)Z 10 185 java/util/zip/ZipFile$Source getEntryNext (I)I 8 31 java/util/zip/ZipFile getEntry (Ljava/lang/String;)Ljava/util/zip/ZipEntry; 9 3 java/util/Objects requireNonNull (Ljava/lang/Object;Ljava/lang/String;)Ljava/lang/Object; 9 14 java/util/zip/ZipFile ensureOpen ()V 9 26 java/util/zip/ZipFile$Source getEntryPos (Ljava/lang/String;Z)I 10 10 java/util/zip/ZipCoder hash (Ljava/lang/String;)I 11 1 java/lang/String hashCode ()I 12 17 java/lang/String isLatin1 ()Z 12 27 java/lang/StringLatin1 hashCode ([B)I 11 6 java/lang/String length ()I 12 6 java/lang/String coder ()B 11 18 java/lang/String charAt (I)C 12 1 java/lang/String isLatin1 ()Z 12 12 java/lang/StringLatin1 charAt ([BI)C 10 39 java/util/zip/ZipFile$Source getEntryHash (I)I 10 49 java/util/zip/ZipFile$Source getEntryPos (I)I 10 57 java/util/zip/ZipFile$Source zipCoderForPos (I)Ljava/util/zip/ZipCoder; 11 4 java/util/zip/ZipCoder$UTF8ZipCoder isUTF8 ()Z 10 79 java/util/zip/ZipUtils CENNAM ([BI)I 11 5 java/util/zip/ZipUtils SH ([BI)I 10 82 java/util/zip/ZipCoder$UTF8ZipCoder toString ([BII)Ljava/lang/String; 11 6 java/lang/System$2 newStringUTF8NoRepl ([BII)Ljava/lang/String; 10 89 java/lang/String length ()I 11 6 java/lang/String coder ()B 10 95 java/lang/String length ()I 11 6 java/lang/String coder ()B 10 110 java/lang/String equals (Ljava/lang/Object;)Z 10 185 java/util/zip/ZipFile$Source getEntryNext (I)I 6 34 jdk/internal/loader/URLClassPath$JarLoader checkResource (Ljava/lang/String;ZLjava/util/jar/JarEntry;)Ljdk/internal/loader/Resource; 7 4 java/util/jar/JarFile isMultiRelease ()Z 8 16 java/util/jar/JarFile checkForSpecialAttributes ()V 7 11 java/util/jar/JarFile$JarFileEntry getRealName ()Ljava/lang/String; 8 1 java/util/zip/ZipEntry getName ()Ljava/lang/String; 7 27 jdk/internal/loader/URLClassPath$Loader getBaseURL ()Ljava/net/URL; 7 33 sun/net/www/ParseUtil encodePath (Ljava/lang/String;Z)Ljava/lang/String; 8 22 sun/net/www/ParseUtil firstEncodeIndex (Ljava/lang/String;)I 9 1 java/lang/String length ()I 10 6 java/lang/String coder ()B 9 14 java/lang/String charAt (I)C 10 1 java/lang/String isLatin1 ()Z 10 12 java/lang/StringLatin1 charAt ([BI)C 9 70 sun/net/www/ParseUtil match (CJJ)Z 7 36 java/net/URL <init> (Ljava/net/URL;Ljava/lang/String;)V 7 74 jdk/internal/loader/URLClassPath$JarLoader$2 <init> (Ljdk/internal/loader/URLClassPath$JarLoader;Ljava/lang/String;Ljava/net/URL;Ljava/util/jar/JarEntry;)V 8 22 jdk/internal/loader/Resource <init> ()V 9 1 java/lang/Object <init> ()V
